size_sqft,price
1360,16234126.383211145
4272,35941984.51523513
3592,27190900.390730727
966,6977971.201364536
4926,40716895.72739383
3944,30672499.35187002
3671,27045615.77411693
3419,31956251.095361076
630,4405389.787529464
2185,18894578.24337396
1269,12040400.769656815
2891,22363540.624038294
2933,28816398.398926217
1684,11120574.716386162
3885,32864875.79074231
4617,38674353.11912975
3404,28069236.191407558
974,4901262.160184052
1582,16268452.655590393
3058,27694532.01100379
2547,19349294.41422635
3247,29098461.621616084
1475,13924723.058902327
2306,15606163.563916676
689,3950213.2562859277
3234,30286844.334668737
3505,29968248.55542615
2399,18499091.162568122
1767,12560572.326482074
2028,15677818.605653737
3702,29282561.410366885
4056,30910110.902112246
4390,30894707.662850093
1146,13588039.859202357
3388,31015901.017834328
2935,20660233.64457942
1100,10208933.886691002
2863,21197285.3918557
2561,20703298.330320396
741,5893700.26037903
2541,20044497.352846384
3324,33600841.252228856
3112,24575022.94597143
1863,13479208.524799226
1978,14536255.711508855
3056,28579330.869205266
1275,6243693.004921195
4514,34824131.25069344
534,9612468.520334601
3652,30947958.56399294
2455,21215766.01510834
2085,24076439.380431104
4443,37283043.858845495
3573,27459441.515921254
1521,12321768.829370953
3961,29281703.072908293
3113,29671811.120047092
4343,37467685.152610146
2000,20373242.449912667
661,9926951.785648111
4797,38133367.657217406
2481,18013741.443973333
1495,12804860.666075863
3842,29117716.787634384
4298,35878870.62622707
1775,18596290.642504066
1516,12623581.061852498
837,8145985.269723217
1378,11742463.151329901
1576,16016182.717313092
4493,34940652.81713513
879,1442661.215070703
992,10348606.578126142
2562,24459503.26392398
4384,37411122.73427561
564,3591308.5135959582
3068,22138963.70544179
2527,22699492.595340963
3195,26984436.85880402
1995,16582622.11702501
891,13595390.028981373
4974,37951599.717456006
4061,38813111.063382395
2778,23319351.71461192
3599,24285288.569387376
700,6062392.037042578
3604,32710488.229798324
2954,23536834.901585087
4145,29735664.376284815
1304,10938456.40461149
3231,24276482.87832488
3273,28659443.203263886
2070,19880199.448202834
3190,23351188.776755683
4340,33602587.83465305
1528,15493927.395320814
1002,6439467.165103123
4993,37697525.59251601
1370,8423926.604611237
4988,41960115.83887436
706,7575473.158552392
1984,14819861.908862876
1363,11919256.188384702
3290,31901397.152465392
1063,6581819.529245336
4691,32672772.172968652
2257,20421226.72716111
2178,18092796.508295234
3742,28805924.739554696
1559,15428240.712064724
2222,21293675.43400637
3814,24887165.940359723
3657,28298206.272005536
3125,32952548.693590567
3229,28582214.747394573
2097,19804310.914891448
3560,32998682.835894436
3193,26595206.475599177
4127,36406052.48027486
1863,18058186.131511606
2481,22465124.490258276
2163,17337964.088147786
2029,17748176.767098777
2538,19538915.307079665
3802,31454442.913699485
2737,19390527.3237022
1806,13076128.026181143
4529,36385063.874225214
3175,23568883.70570977
1782,13740948.187764471
1209,10180222.069733452
4913,41510787.03399313
4248,37831771.90555873
1163,8912646.885865677
2498,24989313.851805873
3945,35375833.23587648
4243,36456281.495831825
1995,17420947.38788986
3804,32389362.525605623
4263,38665153.45199914
2353,23494738.97927782
1791,19332840.18515093
4081,33771980.49563101
3957,34320901.49499584
2136,22118639.519866154
4196,32696851.895250823
3499,28036749.43884509
3652,30264109.989040434
1198,13282796.21393822
2660,25025516.45215587
4597,37083407.66640619
1354,7306171.63686087
3974,33530551.832887903
2207,15901051.588014796
3277,22746191.386079334
2233,15072385.317798851
4010,34059143.02353668
702,10699112.082798421
3755,31156683.548708733
4718,39378141.96393789
4996,44516684.816633776
1266,6494635.272749337
4889,41672529.26480082
2827,23581230.647043537
3431,30146172.376496203
697,5125548.274788552
2430,17986188.12872055
4082,34077526.712856814
1108,14811573.970003385
3772,33758730.31362439
1647,12652921.689459726
4782,35233083.89205616
3897,27129798.148906644
3011,29036298.355551444
2294,16486753.135592517
1159,9295459.76101519
3311,31451633.37823273
1869,11110295.633563025
2486,25364793.528425176
646,5407078.638322494
3719,27306250.054283783
3411,27545947.21855326
2234,16704209.655795567
2343,21066459.396717146
988,6959602.698336666
3476,23073073.367242873
2459,20010312.396773033
2885,20010364.843140382
3419,28964959.65196496
2302,15854609.003150027
4561,36023961.59048374
3869,32499763.412643008
762,6458623.8248971915
1123,10735290.849003134
1516,15168861.497153271
4143,30670198.90080608
2549,21198807.378125876
4223,24795488.607475612
3608,30605999.905047573
4590,36817557.608875476
2556,18497650.709566087
3670,31307158.266889572
2182,21974092.7315552
2755,21611946.75720317
1654,11397556.52927484
4999,41487075.787316136
3691,26521180.00006092
2196,16586855.888393383
4491,40595206.4849515
2148,18370537.689436864
1945,10921599.108161502
4699,33201025.058161795
4423,36870257.07794033
753,9611171.727753062
3683,25611135.62412155
3057,26805137.822489526
598,9775030.522469155
2700,28263576.963875916
3461,29681668.27957963
4933,41984407.783657424
4277,28816446.717115566
3369,34251257.64398797
3734,29145529.360711634
4291,32527586.524724875
1456,11882381.596681125
4567,42071020.2425563
660,12904138.142630644
4993,41320226.03842753
1800,18394252.517810967
4487,37025612.14605651
2027,14102613.580945447
1718,19174231.01236487
4996,39101617.55893084
3604,34438592.32011565
3235,30775623.98930725
1454,14474108.791871624
3946,38054924.26876306
1545,20057038.099557213
2193,18018269.911107067
3936,30061617.644750707
1062,3903190.4882305833
2985,31614046.76629077
3854,30512953.973244652
725,10205110.57130522
1459,10448233.89747155
3567,34150796.92273611
1315,9419647.22455376
3620,26384842.59914797
516,4502480.707138749
1743,13348672.897115089
2705,24428899.356383637
3024,25037815.218422428
1569,15435107.183655765
3944,31678935.580744117
3065,23524677.886943586
1560,11729318.35631178
2827,29750816.394093078
3920,33035512.796680808
801,1456713.3716408666
4776,37647372.95963775
1106,10138598.097427627
3670,35896199.043751135
1199,13678096.147669699
1639,11346846.490554255
690,13775067.260717355
2800,23306518.905595567
1480,16578989.433224835
3475,25334974.507800292
1684,7277510.714247307
3827,27390705.528894916
3894,22400999.571412884
627,12352267.981758725
2565,22163598.756659247
2316,16754067.944655906
1069,10909872.089940364
2395,20728002.108540498
3233,28726800.186841972
4363,39532594.20340881
4514,36242236.54092495
3401,25568482.08169704
2186,20971325.64311575
3509,31478998.333653398
654,6534207.424364035
3037,31828662.56604232
1909,14958533.631415043
4557,34756426.0850942
1284,12526274.282519804
3675,28375186.429259505
4841,41214549.572434686
3306,24948975.23248168
1037,8095273.151204344
2341,25400521.260117497
2955,23423237.92975696
1024,6795445.367948111
3450,32112036.3661195
4631,34894874.14913992
4615,35841170.309558794
2868,25673683.361526985
4347,38591234.27161988
4995,44621429.173243225
3201,24366334.503338546
1471,14556026.01895836
1666,12929675.401367461
3274,25375033.099468105
2482,24465638.346876856
1353,10175336.812421242
4646,39002613.78806294
4236,35354738.40769192
4269,31939736.87098449
1074,12490278.566068962
3761,32768842.68103686
1648,8225128.164388738
2215,19552263.33371203
4354,33513079.697500136
2991,28219225.919237882
3160,21943800.489657726
3624,28922569.094111368
3551,30494073.652965397
504,5195020.882425626
1376,14296874.770141914
1491,8372734.041972132
4642,43091743.01060213
4864,41487433.976364814
4965,44799154.63900269
1135,12702720.507699724
2193,18509169.65663487
2182,14603405.367266517
619,4261340.456253897
1330,16408689.998587731
4175,38556313.344969146
1869,14093200.05968893
1240,2465087.141393464
616,5289930.7970846435
3338,26840891.33561265
1650,13450682.16387885
2431,22033617.605494205
1512,15724637.73796499
2164,21282898.641298573
1581,14985127.420406101
1012,3693687.8942320924
3349,26768400.801920112
1059,16384269.350647569
4172,35498650.20440744
3843,32847458.705331594
4570,38638457.81932157
1970,18006138.86751797
1080,2490663.45674223
2794,22633427.049266793
3647,30062321.504615933
4749,42836486.19776024
2179,18575018.68386689
4006,28108465.840194177
3244,28242267.46851526
3856,29436526.055271763
4545,33709643.07675575
1743,12441522.859850258
3618,31571512.688993547
2641,25904283.719280206
3559,30920789.835532762
3459,30568069.670851063
2765,24539135.818514004
2979,25135981.530581404
2135,20170791.904888272
2257,11799673.598791737
4952,40949265.0539145
2570,18425224.896133244
3349,31280707.717632417
3751,30566534.08434942
4230,34932844.26480349
2989,20396784.37723859
2131,21098492.667038552
3316,29409984.36082143
1515,14790843.64702151
1848,13344931.443493534
3587,27375080.46518561
3339,28382798.363337714
835,5596504.769255847
1395,13464678.888032015
4046,26885262.191699833
1351,10345366.330780223
2187,23886260.396279473
2431,21766457.483987294
4246,35468380.99359298
2927,30371679.60701407
2068,10536139.143595692
4500,34554066.65563568
3238,25700480.484757833
3998,35559053.69901617
4413,38930969.08968471
1566,10929979.873052122
4880,43033862.96642765
2944,23342055.69803488
4607,41490918.8769475
3873,28886071.905633826
4469,36382065.20280152
3046,23897498.05387032
1253,14192091.114697142
2582,20087656.350301486
3274,27064654.41296473
3396,29688434.19298915
4685,40115775.44907836
1275,13860857.822419515
2125,18633374.330534
3569,28297253.254160505
917,7286903.763923748
614,5989016.945622836
1116,10676777.42822315
4474,36350485.05645469
3767,31193610.262896642
1325,7048238.418283684
2016,19130065.853364035
3646,30711336.86666829
912,11301611.240623266
1228,10824481.522221254
3848,26568807.264434643
3308,26388661.432079975
1175,9800210.23064475
3965,34948709.916300796
3004,18821179.366459817
3467,28859538.550846804
3286,28829025.64737992
1622,11991536.34415544
4579,37855884.02945054
2071,15686890.472550467
2643,19955281.20033883
2187,17270740.44960605
4632,35923924.02259897
4351,37858854.935809
3940,30315144.36949387
4266,32419269.978856217
2826,28911786.0005186
3414,31194220.035472106
4452,31031459.918022398
1095,7465695.1304423995
1228,11551388.915168133
1865,16891265.20169448
4992,36464521.40278932
1198,14059696.478466965
895,10635673.257544879
4671,39813704.89612102
4860,43950185.47213636
3002,26372869.977712754
2319,20897742.637755543
1217,15409037.815466728
3282,30559658.742183127
4077,31091477.623265408
643,8043585.536015746
3640,28127196.405124255
4991,42440463.65285084
3438,29933840.521059442
4136,29937598.062632043
3722,30410463.166066892
1667,15131771.070741206
3116,24619129.42701753
1562,14440129.82717228
2656,24665693.331003208
3482,28764220.80730773
3794,32025798.43012478
1656,18398272.235667925
1232,12275589.749675678
4830,40242472.86902342
1453,9749761.861075917
3039,27325078.034166545
3824,32582449.848175816
3801,35259218.301104225
2042,17476635.629909933
1691,9079200.499598013
3493,23843637.393515214
3181,28655042.2912792
1717,13025419.20690554
2040,18630303.253331494
3736,31230697.93350707
2886,23587480.99691824
4219,34462916.14323533
1888,13507831.48486432
2356,19800666.933300987
1865,14166519.701616803
999,7875230.439622886
2180,17469052.865872517
1010,8399920.190303842
4812,42262520.36952126
1824,15202627.51238592
1655,17311107.009770297
2327,24229564.853979446
3641,32692833.953168448
3986,34491405.605205536
2310,20460496.62845056
3423,30980076.12715021
2714,22980082.21578872
4686,41441709.5378716
1213,12546317.415869053
4102,32736478.617658835
4634,40759552.64030842
4022,33450440.017932706
4768,38825603.977163054
1743,13515402.518803038
4209,35170056.543623716
1581,16637387.84623895
955,11306820.016779112
1394,13212181.39237687
1884,17870930.922175106
2458,24479090.374567673
3572,29126101.126487415
2496,17621739.98940938
4785,43183389.55653572
1004,7442665.243907845
1714,12640985.629968286
2031,11859406.733996347
3940,34233849.15949289
1323,6719642.126343336
1428,10173223.57692479
633,7828710.383545176
2605,24005763.757225115
4127,32060887.5553453
2352,19413540.019022785
4675,35782216.42078154
3433,26818809.636566453
3784,32070645.780458722
4798,37879059.96361063
3311,26755354.879472993
1750,10605879.9551473
4012,36494868.49441841
1756,16578199.779513197
3876,34386716.1155116
3986,36759275.973850586
4084,31196361.37336285
1896,15092816.550915929
4137,28411496.897253368
3830,41061268.730306715
3203,26175244.05404787
970,11876183.699744737
1853,12109516.566993624
3283,30253165.27692903
3331,33220772.629948996
857,7675157.752916056
3519,26119355.510231197
1167,9919610.797163391
4968,34063715.42512832
1645,14046339.896934474
4685,40942901.417938985
4219,34644727.06687946
3245,26107581.335933097
1039,10894704.348336099
3279,29044074.540848657
4636,33108283.31248445
4275,35466468.886836365
3008,32371955.37268773
3279,23226951.263055928
1424,12135743.5015008
3456,34473238.36615511
2081,20960525.469631027
3824,30051809.957671814
4985,41498406.13886781
755,7033664.9600455295
2338,17459784.587034997
2444,20329243.677520752
509,4232101.601580412
3371,28306246.81423025
1297,9130850.4579269
1515,9290145.399266016
2324,19468157.67982289
4969,45897354.65453634
3636,30334608.778788388
2693,21549218.663205363
723,9046257.415115494
4658,37789041.16221386
4425,42004098.77487733
4500,36988262.472114764
2133,20165491.18947449
2652,19952186.85282018
1010,10589267.760009987
884,8897280.430831263
904,8062481.626022376
2500,19494726.71649084
3256,25133909.503042877
2168,19191057.991938956
1960,18566817.32908942
4136,33706511.61111761
3224,27653803.787362378
4678,38310255.96560169
2548,21679578.074716162
4646,37566665.05196832
1216,10781917.738104925
2323,27678121.370452277
2581,22582902.896422274
3919,34287890.87529313
2074,18906070.81598429
749,6203549.530108822
1173,14265967.639875004
2665,21446508.688720975
1270,14325163.646827653
4462,35693379.00580066
4863,37024082.44256788
2484,21968188.624708578
1577,10301994.93169368
735,8486920.675049828
888,4521524.03172605
3537,28338975.90858144
2348,15488810.910425775
3314,35984501.02820819
3874,27030121.321151055
3778,31253441.221189212
1752,18445912.82299004
4481,39957157.72576108
2622,24530026.36651941
2650,21248314.835335575
1829,19685266.839011006
1858,18604173.27240655
2982,25492898.85298143
2517,21857742.273179777
1831,14736232.057153882
4844,37023043.922500886
4761,42799452.92643615
1858,19800623.980804596
3677,27763672.576910235
2628,21562644.504561424
2680,22009730.350623213
637,5998032.288779071
3972,32968884.635762744
3332,30496584.384938538
4079,31390348.07453977
3531,26708959.02546202
4664,42021859.226428926
3093,24356065.774356104
4800,35610893.9392688
4318,34088610.17370039
4638,37113841.794268
4323,40248888.18317729
4542,40110478.63713021
2406,23690561.849896725
1260,13539920.927040357
3945,35398731.014845945
1399,10127753.620259047
4955,40044193.53393955
3447,25606254.060929354
2219,18120535.9083889
780,9292314.972804222
3766,31531749.85443674
2387,24030442.456880886
3766,27703752.623318344
1166,11828715.052094718
4688,34759091.59439205
1171,10650529.407520927
2469,22973000.267669436
4656,37604492.29952734
3622,31629379.812260866
4400,33320802.995501198
1023,4192930.0654108515
2893,25815088.86746341
3617,35168030.7022272
3093,22755865.179490324
2468,24410582.540320385
2253,19154270.226449233
2796,19360925.434920773
2761,19693484.09594351
2786,23335354.32008195
4702,37402613.13622769
3378,24085261.069725282
4643,33061882.156323783
4144,31611842.01622048
4932,41037427.02499335
2555,21420797.742190585
1776,13704286.127499765
3266,27733661.582874447
802,10536080.159588063
1138,11286379.531302445
555,5076073.985831258
1025,11984216.019982066
4623,35104449.09335112
2625,21325241.381333943
3787,30692736.193198897
864,4201140.224671464
2146,16908377.513146926
1418,6119120.957314091
3297,33112534.14298886
2031,14435758.634691061
3845,36518342.39426394
2406,20362253.51715848
3586,31382592.396467876
2575,20133600.604947206
1213,11327789.075885024
1562,15447468.919965308
2476,22801657.243182547
1796,17692320.170223072
625,4895001.869882471
4096,32326920.982525934
3783,26481471.02419719
2103,19393657.03353081
566,8775136.133970328
732,11703945.03975379
2656,23163517.903741524
1669,12052560.681274291
2658,17172711.570131633
4706,41773000.19925005
1993,11555170.299667394
4507,36034187.7667687
2972,24103079.516169064
3160,26071634.58644694
3239,27019407.80010752
2261,19502442.669102725
4014,25865910.21376441
2475,20843967.72961038
2862,17207273.277664367
1376,14204654.219272984
4312,33830624.53258917
3948,26112889.82432995
1812,13053385.967843872
1960,14969773.98244604
3209,30244098.852665015
2824,24181913.225250736
2233,19897334.83305174
2105,21383664.902661804
3063,25215567.13622653
3921,34630563.88309721
4017,35187583.34179597
2897,20316591.519291762
4235,39298950.73288949
3370,23699094.659787916
1660,17032099.948433544
742,2384780.889283102
3090,27523710.36445502
1563,19089744.634450518
4824,38953064.03034937
3095,24990933.071440563
1419,14183319.997950548
505,4051810.632112371
967,14190836.111228464
4670,38936576.74837609
503,4063491.475337823
1145,8539143.41631295
617,3137154.589480938
3428,26540735.03972753
3051,24355979.81902421
4789,37849082.77950426
1346,9793474.177588688
3262,33392523.691057317
1641,11037714.770531531
2310,19919897.762938526
1223,12561563.029282616
724,8682323.986751199
4708,38488178.77265258
2548,20661892.28445807
4915,41674642.47371852
2073,18383564.9499346
2328,18847123.49569746
2417,15650364.284826707
4734,37468228.83300026
2526,17768349.508877628
4244,32950521.34980102
1401,12307669.715550879
2539,22388208.43198985
509,10413358.253877219
760,5467780.863288559
2173,20707876.90582545
2719,23669880.07331351
2560,25367993.011919368
4213,36432686.15878688
2119,14926555.718141051
820,2390861.9121263064
1842,16669785.099002514
2876,22422647.00629883
3332,24715058.76214821
3324,23789266.886400767
2494,21434926.492761467
3458,33187123.097940095
2538,20077982.962881874
3990,34690810.93322597
4177,34109200.94934722
1618,10075853.73268982
2104,20036434.03053125
4527,33931923.86791789
735,6944879.891780694
2469,19727438.754984085
4929,43111232.30369707
2408,17089547.02258794
875,9172609.723405879
4030,30720607.777953897
3135,24546684.363013644
2070,6654399.317379694
3060,31756295.714853726
3891,33779670.79847869
3465,26417957.542185508
4143,30770032.93500102
4350,34313053.741361976
1372,14126638.604458354
1752,9339745.223245224
1814,15087246.742116986
3398,33495925.61738802
577,2214160.9920965875
3121,26209155.116290964
4727,45425929.44577327
1100,11696454.889072318
1565,13897771.461456366
2636,23607909.36472701
2949,23389403.99497089
2843,27642893.85591032
2363,18706009.931299366
1818,9666455.173792068
4097,32602090.68817862
4262,32195796.410369888
2690,21676417.963407714
1492,12158747.822758108
3212,30288269.59941472
2692,24621878.179993156
1748,15773796.46272619
3554,29423163.766002215
4533,34087425.973426014
2497,14432474.287002968
4187,34835480.03417835
2651,24591923.610720977
4518,36818998.35026623
3610,28275437.0316399
2470,22153506.495642636
697,6326003.398126959
3126,31065232.575921886
1702,18314185.026204854
2535,24158524.171069987
977,11089202.342629712
1754,11161497.75664563
1422,14364981.106157798
919,9480977.872939726
2704,24451274.18517349
3097,27253828.460439157
1620,15318287.763544196
3568,37646599.40864878
1450,12371442.990144243
2836,26497012.14248799
2743,21531030.56920799
3145,28531924.751663014
2357,22673959.670697365
2365,21013278.231406044
3412,33303740.827129498
3353,25171171.890918747
3728,29362337.174995333
4219,35389140.25807047
3728,33466420.560452666
2871,24506288.5638848
3391,31985277.109531697
4256,33062930.387101043
4725,35378264.53153434
594,6676385.009609514
3174,26160459.17165891
2455,22268591.16107466
1293,11261793.127400488
2334,18651940.628129628
2616,21703187.28482883
4606,37934546.684379555
3825,30685056.10045501
3419,27742603.861029714
3097,24565219.98903927
3705,33209995.359608218
1314,12094063.013517398
845,14530257.416506298
2849,24274113.653835386
862,6243427.589014015
2943,32556026.124589194
2765,24360879.133143008
2688,25474374.36067845
3505,30816308.949607477
3781,33117033.087893248
1484,14478962.154057423
2139,14805746.305671804
1327,12718587.142684236
3230,22865416.088449284
4031,32724911.490762398
4951,38431147.63031014
3435,29552410.557546172
4376,37010378.742014706
626,7451437.67229556
3677,31277889.71824726
3556,27627523.974640805
1103,9040989.53194496
3949,35353188.48376346
4646,41371570.0318832
4033,29823650.704120353
3867,27343217.10246206
3868,29763331.850385863
4297,38511622.74609675
2292,22980652.090549104
3361,25113864.358796485
3976,33729928.061209016
3917,37839293.99942026
2145,19405934.431721002
1705,18904509.85569928
3530,32236179.710249294
3372,25245403.881316267
3572,29006055.729508765
2354,19936263.434875544
4521,37480400.16406402
3208,29412986.860315714
4002,34242054.28682622
1832,6847397.168665655
701,2669479.180721822
4007,26493857.25507187
4712,39222095.721966006
1074,10313462.948403284
1036,10137674.875832155
2125,15123215.196856152
2622,23998432.015359968
885,10228787.489405587
3781,27482552.798384525
974,4393885.395653384
917,8335604.941319186
4100,39175346.820840076
1454,17731228.226595927
1705,16330213.081344157
4620,35770009.98525977
2490,23580527.978465755
4072,32218727.205572877
4880,37737478.889978565
4658,31832099.505134016
3213,27011146.59504296
2703,20734397.952587873
3620,30249291.13858551
1466,5829926.911288816
3932,32965480.01775106
1188,3210636.508085116
4743,42207820.75980566
4201,36173673.70240525
841,6892005.685726237
2224,20480159.580246236
4922,37441777.21200934
2292,19553126.546844676
2259,21456322.115381006
3712,21413132.252725832
1489,11570326.920967428
2762,23028067.609590877
2982,24267119.1467627
1451,16979305.478682216
1222,7404296.625231346
3889,30248522.269664314
2579,15884392.921074655
3217,31266859.953819435
2832,22917129.5721736
3876,30692773.33588988
2000,16842551.953067858
785,9188707.485290973
3995,34002090.21054837
2565,29463652.64067126
1268,12505807.665211324
3557,28060263.712492757
4789,37627929.787428156
2661,21109723.142749574
3793,26838489.22611049
1446,12687592.622474758
3835,34030404.318626754
4650,36359909.198130295
1981,14425859.831147665
2401,24755835.4388827
3951,28328550.530136503
4564,31308544.870568097
554,1973294.1690578521
2323,14962701.848627111
3962,33854678.192313746
3579,28549886.49865128
1332,10996938.86492848
4908,43722802.53092432
3306,25373995.41651167
2990,27245268.23523692
827,12149968.39760961
3810,30113012.50595902
3800,33611068.56666894
4175,33674546.26241306
3554,32204294.386522368
2643,17429532.43727118
1811,10551463.264623962
3691,29354196.855277378
3038,22637225.57282069
4483,35313872.67171034
664,5653420.25265858
4777,41376040.595508754
1322,10353018.264302196
1443,10072416.068130739
4925,39345459.869723305
1274,8884564.160580147
2698,19781983.493811857
3656,25408949.559269093
4742,39144434.34866323
4195,32853882.88020884
3952,35514836.21770401
1414,7969811.723823179
1808,13837749.334856363
4677,43854721.66197625
1013,6285171.448706452
2420,19650400.243711628
4094,30104468.051523894
1909,12226717.461657057
3690,35161932.949263036
4991,41441118.47791144
2055,17841036.51471287
1304,6343051.294651333
1779,16308224.16432491
4077,37088265.83798148
3401,31656431.182485588
1887,18100999.68881848
3261,23699543.267213788
3179,27371370.251578975
2606,23850754.88142982
4723,33400669.244733296
3268,23780161.225554645
4453,39288471.96523032
3686,33116137.330015786
3780,26594250.89913582
3073,27969064.377807517
3099,26077910.197460853
4533,39607026.863821454
736,4984436.029698176
1804,17367550.489442706
3930,34971486.323456876
1801,14353995.193632865
3041,25381257.638519857
2551,19462435.11148604
941,13482916.846057639
2576,21247184.182022702
3680,27673927.024468455
3157,24108522.25837575
4298,35764311.80342634
1304,13691993.515334636
574,1584519.4645484346
2675,27942980.008827347
4424,37318025.88216685
2589,23111367.91890824
540,5028431.36852969
2581,21705776.902053375
2122,17531150.58621779
841,10781387.907107882
4552,37392214.23763989
2574,23893150.65547813
1145,8858457.429942284
4763,39690921.58493695
1109,7460238.967281736
954,12281584.69764861
3453,26122758.277842652
2208,17689061.66721602
3972,31831118.762635764
3469,27690145.836978696
3528,31391487.30832881
3181,25498026.70579007
4129,38213773.59162322
4725,36344574.7416095
3567,30044132.40982812
1886,13760642.0320622
4276,36470918.3475944
3366,27880150.81906969
3863,31438813.865904566
4624,41557424.89951057
648,4220974.386834689
4350,37559545.472854
2558,19157120.261975624
1636,14426055.60048112
686,2901274.015329664
3354,25844448.561079778
1750,14753570.863281405
1833,21107947.501969233
4693,38846411.611379325
4650,43164004.94760012
3211,27348969.875072755
2285,18118747.266575184
1250,15618069.56780208
2262,20407052.86622026
4420,34431835.218351856
4960,42091714.37820089
981,7970215.750277169
653,256897.4114861125
2024,19999919.477796853
2620,25244802.166925788
2843,29257826.089976825
1740,16186431.076585788
560,4733829.727752402
1438,15008968.282135759
2139,20661461.09595672
4620,42874843.54940926
4726,38674117.13080067
4069,33055263.082297217
1752,12869366.740724418
4703,40236386.26017561
671,1723214.995307494
1958,18992262.118587695
4049,35155505.36559737
4697,40331210.607375115
2822,23990675.70950552
2136,22686934.742593255
3615,32535980.39628059
4590,35898768.4258729
3504,27264462.85090706
829,4992978.559756089
4140,35773849.99832676
4394,33151583.23628013
4607,41106176.43075006
1841,19696919.92503663
4163,31666951.193148647
715,6163354.396221438
838,7753862.944087241
4562,40147949.481409006
3208,31492030.12682963
3652,25159522.82139427
2250,18045457.84741995
2921,23569949.913318958
1209,6469990.435340357
4226,33352669.942087814
4142,35419306.83305183
4493,36107963.29148133
988,4270136.49417776
546,13990248.09402974
3859,32670533.59561254
900,8535082.390320025
4490,33626220.91079886
3657,31038118.485913824
4845,39267358.64787552
890,2454429.7618537815
4353,32613233.679956753
4930,42824778.05302183
1128,15856052.950001325
4732,39957496.21512914
3430,31749249.834880102
2021,16700734.07425037
1326,11348361.517958192
2000,20272937.082858395
3794,36340331.86753841
2919,28255290.080396865
1434,9272910.773845542
3542,29135123.329054262
4997,41808574.05342889
1966,15948966.109477412
4061,34651572.63024679
1114,12373730.435006842
1682,17464429.25586542
3723,35841610.45666457
3167,25347676.685825497
630,1947900.505482058
3483,29938703.78204336
4778,44875433.09355441
4959,39241072.42013782
538,7364540.9311911585
4459,38759237.37741793
4087,34270326.14203383
1420,12380774.163131144
3269,24381712.38283582
4611,31043013.78273827
992,5600447.880007913
1631,12877087.552664902
4021,36460268.06226812
810,7170615.8129458735
1238,9346922.843245555
3741,28255043.67413971
1045,11330417.485528441
2961,28763071.499291815
4846,42958307.16560238
2304,21250449.099275406
3712,26269161.760851182
4310,34424977.271468684
1313,17345912.686669026
4624,41357851.47574568
2532,16643490.345295824
4913,40137228.43040219
744,8041295.2979831165
771,4881524.61092134
4011,26160387.935773455
2271,19464472.135049295
1762,12732725.227138683
2924,22040474.782745946
4861,38823958.920207724
1420,11958972.256035564
3930,32412751.61771294
4935,37828030.303233996
4984,40211371.411097765
3124,20719729.888791732
4260,36013117.196104236
2550,12831173.759976529
4000,32131529.75869914
1665,17077558.46103086
875,4821977.93817552
2533,23413290.6109722
645,9627198.136362676
4888,30180300.142507836
931,7993911.289272773
1204,2004679.717115175
3132,25701374.663287163
4994,40930486.36705602
1463,5256368.042267485
2734,28646515.0862396
2541,22186047.422903873
2328,17076929.703753896
2608,26260138.282495555
4568,32157160.33807305
1438,8816486.899445048
1306,4549633.4289903045
1963,22107135.589618
3915,33317039.11441601
510,7058205.369545485
2368,20847003.701755427
1384,13793303.283433754
4064,33746233.14168797
1889,16924764.028122324
3901,32530810.30866885
4821,37742224.583292164
1324,11452125.704355992
2765,23940783.719785035
1436,12819647.358656392
3300,22966683.67674005
3053,21389039.99417477
4345,39008524.30174917
2296,18447017.862349793
553,7178176.041107821
1226,7531640.270832811
3236,22468562.37006041
3670,27829210.16240486
2413,19636304.78768576
2096,15772579.102146763
2414,24193800.56931714
2966,25266569.904612385
3237,32442815.855685577
1349,13005224.462214252
2609,14634347.546240568
502,8184124.819375664
4755,34511345.13259014
4569,38243601.00163402
1392,9811947.827008465
2530,27668133.10339256
3660,34598793.78229041
2876,21782538.074894726
2433,20081926.995636664
1880,16773794.208947653
4181,37038242.21468483
1790,15407455.736975038
2140,15045315.301857399
3182,24303324.08239984
1487,12882554.610869626
1718,18447370.93629407
1855,17123513.58160813
4765,36799755.220154956
4635,40025118.33312937
2060,16319045.48336552
1918,19015224.015560523
1454,20213031.254985817
1483,11787520.887169352
1474,15196815.479179112
4633,35827820.00388681
4472,36439208.698426105
1413,12392686.860616304
536,4706949.019866859
3887,39485041.06632507
2211,17768220.775964852
3520,30920554.616354603
1295,5569739.392029703
4536,38583989.69010883
3611,33314163.77705674
1824,14009207.972262848
817,5333.576878761873
2896,24052044.693518024
2662,22347551.551156584
3245,29132225.15223291
2091,23760709.106240302
3611,28747839.04819908
4430,33871135.629019156
2496,17467246.59588567
1812,16090235.851094797
1785,16718062.776455507
4811,37851033.81691225
2883,26400048.23717737
3739,32308152.230457526
2639,22241695.06893467
2204,15924755.837767623
862,6450407.053545831
3104,18542734.106952365
2216,19435361.1925941
4951,40687023.866242304
4786,39853436.97326846
4238,36416957.04669368
2969,25909464.45929667
1056,9116850.458061894
1325,11746004.129488258
3308,23251050.74991149
3219,25000838.062931724
4008,33215413.161050383
4241,32720439.27226292
2074,20172452.38761764
4498,35008103.75713491
2629,22680916.23374495
2903,24573696.97044601
3829,33870832.78083123
1088,12406373.522084907
2512,23178097.832903817
2047,11057981.395850599
794,10934444.44403938
2485,25461924.672583792
3617,28489627.14703559
2190,19229940.73801855
1636,11415504.959607653
2564,15666864.479803547
4955,38423854.20337284
1507,11435582.88160917
3014,24047447.805944555
4026,30331257.729982037
1747,12775724.499548282
4402,36182981.03511478
1935,14169319.050669573
1071,11198572.997650083
2882,26100981.954192318
1745,22101163.23849347
2584,25049039.796370387
777,7945309.174985243
2387,18235207.109996963
1765,16001242.055021996
1540,14299787.879749069
1417,10796060.732983017
1385,14431194.190258633
3252,22821705.955954373
521,4434800.493387468
3691,32195575.37795222
2853,22961247.557223707
1186,9867736.789712187
784,6858642.416423159
4247,32469196.277936764
1262,14617702.794722624
2928,21369886.984231554
3007,26010477.982229654
528,6464943.694847121
1406,9402134.2963731
3604,30051312.763142228
4499,34263103.481765896
3494,33125127.425167836
3006,21631651.18907136
4109,31910308.717304107
4053,29751324.97493326
1953,12550903.819397343
3856,36621645.87264688
1015,10748324.021737685
538,5724880.277101632
3842,29766269.109959234
1386,14810835.433140304
3344,25279332.68189764
2704,25012917.882990308
1598,11166466.170183092
2323,17650476.894372985
3701,32882847.158353765
3655,32831482.032467302
3593,31536418.801690284
4030,30090977.652729616
4278,33883819.40283152
3396,28638696.22359554
3953,30076157.114269726
4011,37200888.28038788
1488,5698159.168148362
4616,35591781.453892544
4526,35679300.491390504
4679,29900169.005684696
2182,14267312.609291427
4463,38579868.53762621
1433,12554850.909658892
4098,38503408.06612871
3733,35499679.33765446
2480,22139139.13581184
2355,20779714.747002136
3556,29645793.3257367
1292,3370753.9463615296
1291,7144321.460021774
2309,19774026.5092968
2755,24888077.126243014
4110,34749009.43641442
2107,15178605.096853027
1484,15684218.847408487
4176,38855332.08626391
3880,34853968.80087402
1019,12120797.988771413
1090,8042322.606134367
1550,16627802.368102398
4133,34501275.91798297
4944,42086666.585566014
1459,13768295.528474128
1192,10171538.683678767
4399,33611992.57463309
4973,40537590.00933786
3446,31528284.852448467
1026,7883572.5840612715
3724,33472041.787824437
2753,25235212.011853017
3844,30855187.808940507
4465,40886400.31085873
2375,18933359.98642788
2263,23632640.587837894
1020,10462380.944622917
1516,13080402.24463946
616,3264595.8589870385
2933,24199219.309594877
1083,9052721.45951674
894,4377110.844247283
4288,34651153.731846996
3268,24732590.459708743
4667,40093975.306936346
4360,39798841.42718461
773,3503252.971114278
2513,26240923.185100768
4933,40078346.89684461
1889,13186935.845184457
4066,35801264.34062455
665,4980636.565234856
2067,17290789.97190552
1228,9611165.267363762
2543,18893786.2044053
4697,40747991.09720571
3996,32109095.791317437
1278,6914044.623462263
713,8357180.372647798
4262,31479252.946928732
2076,14148219.481974224
2948,28161818.61493195
3436,24898980.302369364
3617,22986665.42921753
1091,11596584.454884486
3220,25848409.71155661
1213,10051034.636585651
1435,11536498.8199494
4837,40391009.81705618
501,2749842.2742907964
3348,32212344.623697292
4544,32923308.559071805
2449,21926624.75003137
1417,14262363.011629751
3674,28113044.717499867
2741,19856796.664166544
589,8763522.64251047
2209,15699417.737949856
2669,20532008.1777483
4738,41565926.88737924
3541,29432223.70061707
605,448568.9971126858
1386,17329177.433660544
927,6825967.723660102
2395,18951728.130280748
816,8295352.756979096
1134,11947230.391012218
2425,26283312.8738744
2556,16467795.55178291
3644,32629856.62677784
2770,25389029.082150232
1939,16100505.26737765
1052,11777821.084448667
1215,13522822.05290964
4411,32142111.645038985
2213,23953299.51764249
3889,27435713.240585573
1607,10450051.15628368
4706,37862636.97912771
750,12774821.53956117
2930,23515230.110739842
2554,21336198.329847567
958,12960235.81171369
707,5755045.572303582
1399,8656689.861207973
3961,31436295.494285055
3885,36192375.50141733
521,5380594.99116541
909,14063974.77716878
1394,14365804.778786466
1014,7177573.19081955
4609,38025228.91339523
2634,19512345.64557436
4095,31754700.90805369
3456,42085252.75307727
2060,20535873.530101433
1766,17711293.96702002
2669,20482459.054075807
4138,38812752.19884324
1249,14290246.805378811
3927,38060863.868073314
2427,25915342.445195347
4304,30994732.135707434
4202,31286481.53219028
2856,20836636.55360909
2835,20848178.07000269
806,8418357.092781171
4165,32619589.643712547
2489,27129795.622287557
1161,16002039.646244913
811,7468615.217762881
3420,34225978.64844937
1582,18120403.881720606
3471,27415880.322468225
1254,5004353.967923315
4630,37386094.845117815
852,5882133.606764581
1402,12835516.87543749
4388,36371684.86062425
658,6453052.976697685
2477,22387054.224137492
1456,9010434.158748964
2571,22802080.832709122
903,6905151.540948981
3279,27831946.59959106
1887,18968229.53569657
3953,28950800.68033691
1455,11796119.041991292
2212,18340397.297913406
1773,13641193.085288078
4311,38187488.48839887
3125,23838834.923598584
2882,22389798.801672984
1941,14398242.601143807
3479,32108166.234316405
2297,17898667.66276335
4890,41500136.172650665
4509,42999115.303690225
1894,15927544.738948245
4781,42584182.04009947
1769,20166062.252279386
4214,37793574.68012124
1029,9181596.052066779
4123,35910323.27699584
3458,24801864.220593963
3414,25971870.525550146
4091,31913974.455104243
2647,28897836.360522848
3869,29514246.4572342
1439,10029569.74621451
1025,6068237.05925305
501,6687435.285792283
874,8419864.178006649
2840,26980276.931079693
4505,39053778.99823207
3552,25274830.4598278
2865,21498166.689968888
2025,21295986.244827464
4976,40198105.26626959
2146,21730775.45405404
513,4654957.156254048
2778,20321030.715134434
3655,29330217.66699988
629,3127850.613350912
4314,33815341.71279273
3716,31330777.119695738
3438,30038815.271107063
4428,31653426.030237105
2540,21267895.977472704
527,3456152.7933207424
2613,19958755.573123563
1752,15414053.85739923
4856,38196644.38193236
2546,25514413.984540023
4523,40748185.62875318
4896,43713484.88182612
3874,30507269.413529094
3966,29840503.495242033
3581,29894089.788164347
4278,34772954.9011412
1129,8205530.512729906
769,3624796.6599991154
3139,25987446.092195787
2493,19731791.64924258
3391,30193041.11111406
3932,34451318.15456444
1780,18542399.41626815
2860,20102113.344359886
1075,10803174.923080899
1807,13273602.881298983
3692,26874757.367566746
3678,29138193.28915387
3234,30078114.940403853
2712,21579044.93928855
2852,28512363.979877338
4068,35190635.546561
2155,17057728.56305827
2079,21112145.286719225
2703,23960190.316342857
1890,13322321.834659884
2242,24512407.906741545
2425,21178436.46925943
1119,10008388.575956475
1774,12625401.990283152
1456,16186614.802823214
2439,22063826.28208392
4453,38511714.540885724
2881,22525405.969422694
1468,15246301.715730205
1816,18263440.780712403
1543,11337665.283656633
781,2997029.580957027
3344,29496119.17801677
1558,8743959.151182782
4793,39800047.333513334
3032,23914264.685638078
4328,39279995.63236676
1508,11885468.327698378
1729,18153818.91601141
1535,11737371.666910922
775,10199973.015178833
3240,33101024.631510496
2789,20107858.58490128
1739,15788107.165192723
625,14246347.247730196
4565,37719766.48070876
4812,39681364.81068894
4368,38309496.842053056
1708,14787242.592284262
3749,25870322.01628834
1418,15740862.124516815
4423,30375154.758404423
4903,38973625.04658497
2469,24374277.247469947
3293,26274372.714071643
1391,10046910.522606788
4970,43397791.715499684
2533,18710655.63949684
1864,12245322.84122414
628,6847541.96247985
1514,12563230.104762226
2299,15660980.657433474
2018,19054857.619984612
4681,39841462.8167317
1698,13504734.950183105
4373,35110003.98162516
2974,26203178.22602747
3985,36451084.2592562
4549,36543620.36967202
4219,36716065.47902443
802,9111600.651253797
4452,39253921.87812693
1486,13005927.596230395
2363,17167023.457800925
4940,39132502.540400095
3572,30604560.397344943
3624,35447393.13514478
1827,14163941.130411165
2908,26678362.330582198
4173,33399830.64796972
3791,31659406.26765841
4533,41810190.247790776
1203,12916877.7442613
1074,5868102.181777129
3732,29138574.928565226
3132,29824664.033324078
4328,36049634.12788548
3730,27393479.641152408
988,6447142.665078837
1847,17886480.568133514
4181,37431230.84365289
3673,30437565.904446524
2167,25761941.40280831
2137,20568457.090366915
4614,37181556.7911013
4053,30976881.855701968
1500,10075347.086082876
1350,12806263.961441109
1888,14637668.86525978
4212,39717231.26195028
1867,20334935.408753578
1321,13467199.642491682
954,5095011.481129313
2124,15975343.382342786
3272,30943032.5772233
4226,33118801.400614694
3647,33542425.20175857
4589,39135811.76910428
2690,22675153.65443956
1416,10219501.561193677
4486,36605268.469425745
3375,28568943.864624694
1940,19617616.694903366
4900,37542793.198098734
1235,10091549.472421655
4068,33678469.39579686
3838,33692035.07305849
3515,26394606.987431668
3389,24162290.621338356
1461,14709895.455130149
3489,24358152.65515989
4348,39638939.144286506
1526,12740221.707551276
4365,31277406.75317666
3363,26462739.341789518
3001,26145370.89920771
2447,18977896.737335067
1677,14476089.246473042
511,7308235.097115859
4899,39585428.99383714
3864,29100826.9706016
3522,28279048.007884476
3871,36212520.40937778
3330,32695193.03599955
542,723778.5218268251
1443,15817083.72757443
2890,24870443.14810607
3045,28131948.037360452
2911,22636535.219197113
1504,7727209.471495542
520,6913466.365942385
906,5425068.216151848
1514,8947122.705545444
4931,36492795.8525796
2338,21506741.347246002
3688,30922357.39808759
1214,13059398.065624021
4646,40175225.7634891
4354,34569199.3062487
4919,40140579.27836763
640,4585687.413652381
1463,12073016.681403527
872,5074235.786056802
4135,35251452.88162301
3041,28553362.24694527
4110,31430160.91053704
2192,22379808.936204027
605,6180564.489433825
2181,19171236.92921744
4597,32677711.441177446
4516,31706213.071302798
3136,26520349.088339046
2637,24465196.37389602
3916,30313858.669065144
4945,45570281.701749265
4030,35444807.922762945
1786,12562976.244876044
3679,30524546.00116052
4154,41662787.40117024
2859,20144307.991600882
944,10136809.816745317
535,4311766.341829972
1975,18920688.872755535
4457,40457820.93895514
2298,18225288.733865898
2345,23116736.81512152
1908,22927610.182815883
2208,18862824.212032706
3438,30858666.062482554
1800,13628677.689390175
1743,15001777.927093638
4476,36277974.72187527
3597,32166807.77697579
509,8686027.807270776
2925,24071035.452647623
2160,22880868.53719877
3131,30638142.324684888
1572,16116561.229539704
3725,29251920.404834814
1816,13692513.549780292
4645,35722855.93592989
4183,37311498.21071448
3773,27548695.37753191
645,8190512.962333022
3540,26076671.95652766
1962,19166638.35952592
2084,17723658.74819168
982,12856915.685579482
3679,33856363.73496381
1749,19297196.236006334
1130,14422456.154867338
1161,10718892.501964593
4003,29547620.800726186
3352,24658430.835007865
2966,18467454.412052188
1487,9645002.49971572
2046,17574470.973113947
1149,8513037.457524514
1468,12203593.186770447
3137,27574146.2583842
1600,12887804.225802725
940,5154513.598762248
1269,10992298.997309703
1843,13048528.539681464
4858,39051640.50906281
4229,38860330.89326901
4406,35436484.087711476
2077,22928872.660043236
4508,41358907.96081391
3851,30070084.074262872
2849,20458628.70075267
4102,33658337.51423942
1741,18387983.290190667
1625,12529427.281313935
3101,28532270.894786417
1690,18145319.967408266
4631,35725923.04891218
4948,38555846.73513424
572,7713986.096381021
2414,20767542.648924712
2972,22717815.420368962
3546,28311458.65564124
1207,10444441.341817742
2304,14737436.725133618
4213,37000929.31944808
3064,24075923.433182426
2975,16448851.328605704
4110,33808387.09507164
4755,36815286.22331948
3323,32650466.57690803
2235,17123664.937240094
2085,14387069.909264168
566,7051798.009886048
3561,27506657.89597725
2928,22085631.396243304
4653,39752504.14847322
841,4606598.076331302
3274,22820179.02540164
3317,32713994.00628301
3161,28026496.212801933
1732,14063372.145016905
4374,35981568.37089419
2901,25725593.07434847
1994,19872012.348840263
4711,36420074.126054965
1161,11386439.577897048
4383,34543887.47136928
4119,33385056.26646213
2368,20426078.602394715
2834,23651964.280841984
3874,34198700.69490772
1516,14589259.67734678
4906,35723492.37188347
707,2582530.3788036737
3165,25210849.94572212
2993,30429875.787325475
1132,7501224.502495193
2602,21191331.87116174
3459,27062961.919130433
3583,28001866.84773576
2431,20982719.231715165
4219,38954331.82858695
3062,26863905.199641768
2179,16021407.115718722
736,15147688.532409621
4943,40779719.66288338
2040,15588337.13085366
4443,40780289.124032766
863,6496788.146168545
2868,28932740.96496233
785,4668071.6271
648,10474091.166764107
4537,37899142.99284508
2266,23001156.698107302
1512,18801297.12610463
3331,24250178.128436238
3007,28883315.46227497
2023,12957288.286723785
3285,24138446.934255317
3056,23037771.620622687
4225,36310909.90853358
2101,17907047.63080458
2908,23762591.74751149
840,8158705.8370670825
3317,29309868.767880417
2996,26972744.37182406
2225,22082500.506845392
2189,23972104.43830232
3767,31071912.88267557
4906,38684733.11360725
761,8928608.387555566
1942,13103235.55120614
905,6203887.603665166
2690,25518142.83917837
4937,40123614.87554689
743,3319422.624925883
4607,33386590.803904478
1060,9626150.038181422
4637,41521689.61090403
3225,30185637.33259356
1093,10076641.508678513
2326,25634728.257288385
3729,30517538.90217861
3787,30880297.129807767
4573,29881692.270783
633,4721911.152516353
3638,32660045.104725484
4419,41043884.01057911
572,3085296.098998146
4994,42338756.98787914
4725,41940637.096969865
3478,28857624.459587697
4861,33038158.62741831
2485,21621869.99872276
1292,13620291.872182678
4759,36229731.314944625
594,4989536.407376839
1633,10597511.873613708
737,814442.6457410576
3446,31649013.23536297
3030,25228754.398594446
2460,25473024.99011495
1548,15955966.575718531
3029,24169370.715003654
3464,28462458.019686773
1463,14402532.172310518
1036,12188650.25026723
4723,39752011.89222603
4179,37748779.43586845
4687,37605993.78997658
4224,31800569.35964294
1042,9141572.239316609
1345,12375554.672208551
4103,30219393.81578214
3536,25277833.747560132
2994,26294158.889420282
4985,39660929.44588873
3219,26254477.283013992
2384,18992922.00289753
4638,42665802.70528963
4849,43577283.481185004
3701,26895938.929882497
3210,25081620.36075866
2453,23174012.80390878
4350,37605808.71130972
1189,10387626.113010643
2450,17187199.385107294
956,6600379.861539363
2630,20489697.29736113
4476,37638982.9933573
4744,44063181.46409171
1679,12371359.295635616
4785,36201894.25733428
4065,33194240.56951617
1382,15151216.941542177
899,3851351.09971789
1108,14224902.452624843
2138,17587905.91365299
2648,19981039.99305988
1882,11255432.139713522
1903,18343562.32026188
1319,11038486.414275395
3792,31848116.448263522
1319,8849564.776965909
919,7394711.897246929
4719,37292256.26093578
3802,31114220.683865376
2008,15055343.020872569
1267,6533457.117938336
2544,29537499.235889822
2639,18021787.25798746
3529,29776377.020827617
2049,12075916.514727872
2264,13120857.690146076
3145,26453479.475556802
4216,35251102.76330491
4981,44632496.97240715
2793,24542640.52304712
3208,26214567.84376263
1400,9351199.267804988
3584,34169036.20470065
2509,23858553.73815067
741,3189011.566754726
2885,24193891.184631906
4768,39576156.69457949
1171,9331039.030182993
663,8619551.457420385
964,11207199.415044531
3542,28764542.906584684
2942,23693392.262607023
2855,28336875.388002597
4778,42022516.67708671
3057,25673081.169725154
1045,4472372.882759839
4335,36712000.31891511
1093,11838250.394753005
4304,27168435.114804883
1959,17427608.344954077
3993,31693924.039612792
3101,25145437.159611344
2944,21829857.14171004
3172,25931432.128789075
4700,42775974.728544
516,3788804.503553453
3691,33424720.67637955
892,5717006.343361169
924,10668268.577968117
1071,9572967.566865854
4131,35104074.486367844
1620,13981459.768292462
741,8852875.697323626
4397,28473244.646198727
4595,33500524.05962729
2779,24483241.494025934
1288,5173384.938311293
1214,9120258.933058372
3349,27628977.47689005
1275,8715579.58716131
4526,35133315.79191868
2747,23790746.600460775
578,8651884.867339429
4426,33532651.85623558
1355,10114825.41143789
2648,19990217.080018867
1531,5983860.744368164
3771,31593135.370952528
4076,36412153.237485476
4682,41505929.621947646
3956,30035700.870677784
4006,29292905.85443957
907,8320816.642775054
3211,29175821.0596994
3588,30168551.34493115
2168,19211913.907621283
647,9601492.7832087
4827,37398590.32230789
4397,35516089.73998091
2450,25503816.535283603
865,7329566.630707119
2174,14589989.102100287
4994,38943931.71124911
3046,22553460.446336273
1062,10567487.757103812
4062,30808158.989233665
2989,25725102.758583732
1272,8967804.34437805
2537,14925864.384805316
3923,33303859.360945765
3067,25981391.044640668
2073,19137273.447126523
4194,32533038.34250423
3791,28989366.57392187
1746,16172400.575444637
4219,39309058.71759294
4339,35745504.02851898
859,9145755.288141435
2876,23043236.94672288
3509,24441108.434378944
3493,31846288.257462174
1462,15421242.717258487
4132,36188322.07552558
2327,19070163.684972744
2113,19695168.299215622
2140,20801285.392163493
2716,27588476.05487012
4812,42461578.31394233
877,8207463.675100917
4714,34787240.23372689
4785,39746974.89301522
869,8721732.187547924
2696,24695089.325954914
4247,39037675.577970274
1151,9922548.463829663
1269,17454961.569439333
2921,19090138.93987827
1280,12498025.617384875
2216,16332438.823447917
4483,31142334.00093359
1811,14882676.871102525
3859,27500481.90473713
1022,8691716.30590155
1021,9272307.74428337
2820,26915624.22800785
1435,7957244.595708188
2730,25565335.496937316
4540,37614241.350839384
4197,37662547.46082878
3337,26400746.474906616
4583,33667266.23970966
2961,21035502.021352403
3743,27068577.63899865
3859,33305442.458761964
1185,14910766.066644099
2660,20585145.420034338
4488,38791405.89477335
4566,32957673.82559314
2067,18076963.7475319
538,7309687.84901138
3044,21007625.674169395
1756,14436349.593060436
3490,31067751.421456695
2696,13766688.058311569
3968,36750359.18510523
3208,27725038.127673145
801,9558182.943152029
1146,8929842.162415707
2259,13903832.555303935
4851,41410188.86895086
1097,9528229.023750464
1161,10384346.366296962
4830,42902820.955596864
1868,18230191.621587794
3081,31411712.251268838
4368,36405562.686620496
4037,31222362.68662665
4808,38898749.45927382
782,8502990.117615819
4178,37471569.55697893
1986,12486898.145683844
4582,37681612.845537506
4683,43292624.971115105
960,7959373.38699244
2825,26393035.564607315
4254,36511352.581648014
2968,27611581.81957494
2224,16362718.375200203
1876,13591794.989803258
3243,27004815.676366866
1014,4515334.6382790655
1202,9806778.180165026
2153,18982629.972547002
2566,26881906.820849318
522,6384154.567809465
2960,26555685.412619308
1804,18925427.54115002
3800,28506027.23331483
861,7392752.012887043
4227,42092237.77541168
1784,15034633.332846474
1014,12461292.24634662
948,11475213.631519321
2355,15405658.856836934
4062,34427437.8310178
3020,25600242.416615676
3581,30637876.363521304
1928,14161662.56062682
4467,33385241.46426352
1422,10947969.999937447
3637,29802615.00874739
2659,25826953.34280095
3047,30827932.45917682
3479,33021793.538669534
2781,25828555.63234553
3149,23178979.21310123
813,6277311.475031514
3113,26533778.157238994
3583,27766682.885771476
2756,24779616.957583852
1537,15457458.324762862
3989,34520870.187696405
3134,29147403.813672744
4483,34150226.358860776
2278,22022486.11227659
4395,34073063.64963941
1624,11169192.142071344
1197,12172348.402559144
2679,26079620.68659694
1904,17696040.45912803
1543,13406412.071317634
2429,21362461.47830452
1513,13513280.75420184
726,3430147.3115938175
2328,15896139.565165255
2523,20947522.361579634
2952,24855570.507307913
2585,21713997.135103203
4783,41292304.84094974
1580,12993569.85150698
2820,25248937.54571457
3690,30086239.698020656
3130,31510076.886109397
3063,25746141.18017934
3792,38358167.83457703
4086,34744034.7732726
4931,39806968.488235354
3447,25877656.071220975
4459,32343334.27782692
3313,24529673.14681153
3083,23025181.07250803
661,7472460.061236531
1093,8165503.886819437
3759,31632781.157663494
4655,42085935.087130055
3462,28432574.94509544
4388,42341470.095400415
3890,28592567.058982406
1163,9852249.354875216
1632,12438061.229167065
1041,12137519.818171024
3474,22072625.10890164
1367,7606654.132466567
2566,21205959.53264711
931,13102133.163028479
4778,39901525.50211192
1706,10593357.6372073
3028,21632500.221929308
1669,19370969.108534858
1330,9776595.603611277
2151,15379109.882650707
1636,18520117.68189258
3310,30513291.01676097
975,12622178.929800387
3310,24629874.35920255
1826,11032683.076956918
1519,13551499.468088116
2336,20693378.399220992
4756,40141805.4111145
2948,29018551.806917004
4793,34142698.72997525
1783,17843085.1538933
1159,6982124.867558047
2510,23647205.962582525
898,6759129.886435868
2233,16422084.612328466
2625,20170291.879152395
2671,18031169.397670314
574,5713286.819500402
3971,30449979.828018628
1336,14046894.692700835
999,10912168.243098753
637,11160471.158708371
2597,22874982.450623233
4196,36130033.30124022
2385,24280299.43548344
3257,25173011.91191991
4420,31895225.3615309
2400,20800282.17738518
3110,21612099.592356786
4486,44249816.01877617
1949,20958494.87623683
1046,15859928.99990474
2503,21211340.929989386
2596,23419720.781104792
1203,9245573.704142068
2903,26872774.416760255
2125,14353370.36384683
3831,24018720.431575663
3478,26451868.1415343
3339,23345579.573148053
3884,36505780.20847861
3159,31719032.365240946
2361,15679212.782760669
3356,31723146.82256372
1185,13334154.950502312
4783,34554669.94584337
2119,16781197.407205146
1931,14707508.833626442
1375,14243986.1958816
2961,21001661.94728496
1865,15623382.123021552
1743,12886196.488151146
662,7716023.55015543
2474,20141623.904936213
3791,29722262.888178814
769,6512110.273103766
1131,16156128.498520337
1405,10989301.091641832
3971,29644984.345148638
3753,32774300.707467895
2514,20681425.99173113
2141,13882298.207400583
704,13326489.005607398
1081,8590563.163240056
1340,10586391.638115946
2219,19231506.055724293
3143,31334350.307626516
2797,18336764.020443015
1374,12819957.54826162
1189,16773816.485380882
4500,37386186.042218946
3641,26421998.062089562
1922,14520809.441118043
1171,10988647.589270372
1671,18360411.746919587
4226,33789992.46675182
1443,15023955.392297294
1949,12285893.518859332
4237,30564844.891214836
3039,23863597.93394515
4459,40986086.16561979
4760,39286623.918541305
2861,24757433.58669986
4152,35050238.78672058
4170,37687623.947760195
2253,17193337.922386438
2852,25880855.325464696
2438,18011352.00843461
870,13909817.96776228
4979,38430826.68710993
2431,17800832.09076414
924,10041009.440464148
1394,12391365.29429697
1097,10756557.218782803
3562,30177941.386476953
2836,20416823.403577685
2187,23336076.787238453
1072,12256626.617667329
2590,25796849.853801347
4169,32767007.33266873
4772,40425570.63414551
2133,18656105.386704072
2017,20520007.878604524
4793,42824744.39548886
3157,26835152.408874344
4148,29630146.604470246
4088,39042985.66126306
2037,18963962.30107042
3637,28270688.875826575
597,6995626.414800085
3715,26186719.35464243
4250,38166059.202413134
3657,25842364.76716254
843,7081496.523888752
1110,10613363.34881665
2227,21932519.13594628
2790,23639634.029303122
2354,21736888.62083765
3108,25779499.27465134
2579,21535442.147167154
2824,23848431.75104489
1677,13848826.237442877
1591,8668289.270755693
3291,25023029.518910114
2249,19726324.523335095
3175,25652636.98953384
1281,10780572.753454281
3548,28413938.991683856
2605,19249204.821804546
4367,34456701.61707112
2613,20983504.766834214
4470,36775429.42162555
2491,22108135.033409137
1567,12994349.127342783
2077,14527034.232922742
1511,8893753.88024365
2774,30984311.622125674
2314,16122554.90920631
2926,22852124.99620685
4902,41767000.907541804
3051,26490581.828697044
4157,35818597.077684715
507,3727848.7914034734
3055,26155674.21191864
975,8984030.992722591
2711,21751605.89737614
984,9608229.22531402
2785,26446096.64025212
4025,33133399.329694025
3839,31665358.539069276
3322,30780483.104627952
3424,31276081.07945644
758,11815809.32289045
782,1987309.296561269
2398,22899357.54950817
4635,39884740.13620654
3476,26151042.806740202
2767,23890763.753996536
3700,33753365.243273996
1112,7408523.2325438
1187,11823687.287068421
4190,37134061.027193055
1112,6682941.312405536
2807,23029142.922664557
3513,30006905.129927233
2281,16859605.483371135
3091,23090540.402719364
3196,26162866.194411676
4458,39068919.150711074
1074,11523202.003576329
2410,17695761.812440973
4104,35788503.65534706
1169,7844180.671500474
4864,35081490.6060197
1783,14162569.286858305
1423,15752908.114757206
1625,15967881.65642412
2029,17227284.577880416
2094,16501883.549226828
746,5798713.591650707
4211,35014354.71758239
2060,14274687.542462513
2900,23155677.964396108
2743,22297291.615920693
4364,31858776.62464551
2439,17996655.247307274
3569,30783520.374459144
726,6836535.519822983
4047,32449714.62641985
764,4377717.687386109
1895,20890549.47676765
4057,30942062.355962045
1145,10914778.421785213
3490,27456392.735778615
2399,20300837.877915006
3004,26404829.225821115
3272,23065230.23237634
1654,14212151.267539537
1087,13268185.946939535
2321,24852505.68047601
1485,12489958.080234608
4579,37757043.621650726
3848,38417999.0858046
4331,39052772.8447976
1741,13076146.292234343
689,4655049.647341631
1480,15709648.385361806
2198,15550888.609862808
2215,21983180.25401656
3093,26746899.891253024
4636,39641162.292081214
4933,39693798.58955984
1598,11894525.58726077
2826,27993978.49260496
3747,30235788.158339575
1395,10927194.770278415
2174,18151588.79636057
3409,28851066.39815383
1430,9347524.619841654
4884,38377385.51737926
1223,8929903.778281827
3440,31055840.913820546
1589,11054112.296000332
1435,7212696.426725838
2795,17458716.31128154
655,1828859.5959728481
1570,17644614.608544335
2458,20712619.798452154
3001,26511747.260421608
4719,40361463.181363985
4330,35808551.75517696
1354,11607656.110046076
1139,13245579.289454423
2738,23341987.74293792
2102,22013292.437790245
941,10390489.8358696
1836,13834611.179556916
4200,33108597.92839019
1448,10401605.58063716
3873,35636644.06585215
959,7456847.141163342
892,5740581.609601103
4438,37463334.12338046
2287,19004498.68088249
2757,23939705.537725493
1638,19773441.71168153
4308,38203212.417786576
2954,24713031.66290572
1966,12502729.847381976
4174,32892112.508374095
1877,18149138.30763591
3097,22262876.881014552
641,12550910.888991062
3159,26315249.687906645
1339,11858545.179628454
4118,31944064.421126068
4417,37826213.27032716
1095,6285994.5804333035
2404,26726677.767304372
780,11192053.913956035
923,11336889.335591137
4865,35748712.98263057
4749,39608239.811373256
2250,22627259.194042012
2467,22515316.198073216
4588,34697672.68609867
4678,36473718.734074034
3446,27212191.58598203
1949,14781686.496534178
2831,28234336.50713092
2720,16996960.583530232
4289,37279757.41897651
3310,23603089.875214648
2031,14364245.537646797
3490,22890799.89939385
4993,39296836.7065234
1643,18676194.954617642
1433,13258472.727394333
1960,13084915.35900271
3223,29835443.02313794
3012,28789912.790706057
785,7592139.443117257
764,13216247.47445777
2867,26400692.373873845
3947,34623957.521877766
2262,16685863.87850113
3548,31266195.45686402
2881,24698373.83281348
2769,24711487.00801308
540,3266243.142576008
567,5920296.65307696
1487,10445415.499355126
4508,30622603.700101905
3698,33578913.70573515
3024,20684833.054931447
1585,14001559.394347249
2979,25831006.38834712
2193,19523689.047589164
2815,22670762.779205248
1278,12037634.42583992
2085,19092901.209355485
1992,19140894.447255954
1160,15480324.018152788
1848,16486582.454494616
1799,15584146.535053106
4440,33799813.10394972
2486,22195838.971698012
2544,23354149.309421707
4016,32551090.447155118
1558,15097837.51255211
1476,11930451.419351975
1227,12828977.956266772
3027,27953806.94208923
3636,32783883.600191455
842,8089532.978423902
1947,13456095.545148846
2879,22196260.84207454
4159,36057471.971654184
1026,16554436.917220682
2396,19145837.685403753
2573,22951513.03516442
905,6571842.32756179
2073,14662098.867252698
4240,32891052.409267914
4774,32944584.069891986
4727,42876305.18872325
2346,13077609.241256159
1978,16032515.3087981
2895,20625616.31394984
1271,8514859.353913387
1078,13753567.979216004
3401,28811200.970094174
693,3647811.5224548983
2507,19287448.602510467
1685,12183556.338673742
2894,24021362.98376336
3498,29502675.054363076
2292,25022724.31968568
1610,8131097.702006879
4505,36935563.05572614
2761,22141296.922396433
4236,37727645.58315035
4293,36408454.35453518
2436,22259086.624344837
4857,40891258.558045246
1229,8036026.624149381
4878,43657796.489479035
3951,35003514.713847004
4957,43402589.37517423
2640,25912150.511521496
2144,19405025.30195588
3300,31842977.212352477
641,7260918.715359923
1955,15982824.235926174
2596,21748188.268549904
1825,15528468.69559165
1713,13145826.03372837
1659,19167666.54511066
4999,41880886.09651101
840,8004215.42749872
4328,36788822.7647793
2468,29683563.55021144
1203,7228827.434201022
4913,37768884.46485117
2929,20290286.947659012
2300,18702202.284693543
1355,12576555.329982081
2312,18100032.44497677
3366,26308819.60554469
4142,34563214.5998844
682,4949676.525510907
3612,30826527.481548514
4992,44278703.040227816
2017,19167091.40940242
1856,18491040.041495606
2674,25649755.23452016
4129,34880484.48035611
4128,33548076.921870697
4596,35451240.787350416
3739,29738465.509092838
4191,32956943.401969317
518,7339016.979862735
3903,33264347.66378259
3504,31122273.588142905
1632,10574989.431699546
3839,36007248.452723235
3811,30207058.88547971
3872,28675950.07377601
1487,11578346.705534562
3821,39019297.97776253
673,5220849.400525297
4241,33952710.585587226
3552,28839685.958110973
1226,10362138.849705635
4260,32735571.802596238
2375,20429639.249618392
4533,40490784.72459499
1489,13854867.946436122
4244,31618504.103300042
3186,25454962.285198875
919,6697417.799695111
1093,9902818.404704403
2274,23183355.01468695
2959,24225351.61193735
1435,12215535.393388828
4308,40796934.456458285
831,10276617.97501498
3949,34314243.84631961
3202,32490394.845905326
4506,38517433.76438204
4368,29984418.574067432
4700,41097997.27364108
701,1831974.6286440492
2997,26332016.105747342
2342,14594769.27761228
2366,18527433.76880024
2496,19876646.411170386
1409,9961642.67830474
4805,38393444.0084264
3689,33609685.16108166
1270,9018141.26352134
3655,31875422.63853162
3001,22111051.0811781
3214,26143501.270823613
4085,34651517.79898235
2128,15034414.750144321
886,4152838.70126793
3921,33843634.451736666
4508,40433241.19802192
4593,37506804.94153789
4863,38532061.28032989
2966,25195026.16306516
2782,23422439.756296143
2356,20576707.622133754
2498,13399264.699058857
1736,11680687.126502112
4644,35616309.68368944
1650,14652602.885534687
4818,40101633.6508668
1931,18356541.466052108
2319,20324745.24763131
2824,19689794.78883799
1630,18381013.85275518
3158,30079754.9102671
4000,29225408.129919223
874,8990115.883122548
2620,20173726.844270952
4520,37576591.96760164
2521,24327930.83892561
4205,41030312.798962876
3759,33325833.11542783
3935,33364804.20533041
2389,19092536.495075107
2323,20130404.61303353
1974,20871315.679984942
2742,22801873.729721244
3743,28285662.04595705
3634,25212930.40345012
2570,23099143.602230754
859,8613864.376883218
2541,19390275.48021311
1641,17206042.37712189
2135,16814669.40683711
4500,36596067.724525616
2443,20494007.60010617
3861,30835141.773585737
3480,29547595.197248712
506,8502545.437799003
3767,27708554.305644732
2091,19193560.415422026
3764,31628476.008819323
3106,26309291.488634117
3719,33367533.70962227
3773,31331892.275651477
1413,13744687.78571711
2511,23235593.88871344
1942,15022904.39885818
3554,30329550.382441394
4046,32615637.178368103
4721,38369954.66084031
3428,27457815.810565006
2329,21045241.21229066
1075,9844934.12705476
1429,13615632.102950023
4259,35019447.91131275
4199,29779636.962589025
1963,16798105.248299126
3775,31390613.86547045
1554,14159787.811460381
2400,18418812.418942776
1957,13069590.850003464
1899,18065819.934682835
3915,31499180.330397494
942,9049732.143054988
4150,33355619.760335114
1678,14405814.522679215
4958,39316143.956192575
1757,12151749.232538516
4134,35493194.982305974
2341,17918639.73532164
2809,23963854.44268443
1410,13511380.665706234
4840,37959561.85319076
4509,33460343.096881047
2669,29630256.841559157
2672,20792684.37216372
623,7854251.475803476
3658,36082390.64871037
1285,13649723.240561679
2916,23426671.573517345
1296,11166650.837394666
4672,35878178.340783454
4654,40877089.280873224
2436,22186812.124176066
2656,20704722.545214772
4307,32329475.578704666
1801,11444298.787008926
4663,41263542.011412606
3640,30481119.38686668
3736,31532953.608998254
2852,21347154.122412927
2432,16065490.690086782
3221,29655840.724134896
864,8038117.110991692
2890,26841703.98017286
1446,11410200.620453307
1877,15305546.470889425
1939,18651894.529861897
3680,32637044.238951575
840,10112696.868057862
3489,28026396.24069191
882,9899641.712952603
2056,20775298.396430157
799,7077683.964955397
638,4563534.908677839
858,11892242.809950298
2022,15212662.799346078
3956,34536429.49134343
2127,17840733.068440415
1803,9899303.15054632
1634,17457782.20243574
2686,14214439.111357898
3670,24407615.79972717
4335,37261990.23844202
2651,23789213.596034348
1737,12983260.426367393
4235,35323466.270909734
3334,20077709.862665985
4760,41200926.3934118
1498,13733176.46116079
3067,25399071.439998616
1807,15518524.446413316
1156,11727762.528579095
3160,26193295.429506417
2711,17065833.49180634
2409,26860996.70356757
4230,38442402.458285354
2546,17513166.014135517
3662,29260588.30857023
1640,13411897.429531878
766,10364548.699526891
2345,13282193.194040697
2208,17166975.206710633
4130,28758090.66998749
3711,29832713.452514984
2793,21926497.320745286
4232,35095082.20214814
4329,33817376.80297245
2010,14826929.825828427
975,10658970.075289443
1476,14172018.222827742
1707,16310195.028334726
2460,20149299.72852747
1057,7740784.253324432
1382,11699442.553937688
2694,24055486.210205358
3167,19805660.897084456
2110,19062335.791112576
3988,33831414.562004395
2954,24818452.71825718
4994,40504059.73438498
2446,12869641.84220276
3308,26144440.210698783
4325,40968316.13323212
4036,33326703.886704918
4302,34494130.48397584
4677,38466718.58677034
2470,21824318.605884027
4322,37552460.73406839
3319,26865359.510526173
1402,13490758.807181051
864,12941952.40828408
4758,42082752.398298144
3619,36972900.64757094
3058,23493688.92494485
2363,24932568.522506047
615,3547979.080232216
2884,25132698.44022139
4435,38677429.5877143
2990,23387668.42428658
1442,12799892.832422826
2224,21523383.307355523
2834,21541187.305064276
3267,32144150.37864294
1637,9942210.125817953
3027,31035074.328185152
4617,40939978.40439878
3920,32090823.271016665
4406,35039995.36628981
4137,32574915.21162693
3453,28216613.079228956
2867,23790512.41535352
4721,42533678.73990375
776,13113962.301153753
2499,21590139.761962023
1727,12279114.536031786
4252,33378821.878091417
4235,34330727.646166146
1195,7469633.684109673
1809,11935175.793677863
4652,44507381.637119085
3734,31779840.577838764
4614,35412600.59895896
2811,25937810.711073138
3341,24192961.62557946
4708,35375963.85638684
4059,31062872.796807267
3898,37147539.8425951
1041,8569359.802664878
3194,19226879.03929254
1588,17334197.79952678
3863,30984855.90751293
524,356224.01763521694
2072,16625949.536109772
3458,30227011.68981471
4736,40100147.499598905
2267,24531244.937494457
2735,20321696.412290208
700,6740160.360794917
3698,28485292.164264735
756,2421421.3174383314
4247,37632582.11691786
2741,24317808.70744256
3675,31251035.34909656
4106,35128370.57977594
3836,29631581.44193474
913,5286914.7380454205
2514,21224942.11650808
1881,19531634.20723484
1598,18608231.40636064
3926,34794298.120422296
4155,34327523.28030429
1409,13081351.788199808
687,6530781.577976114
4544,34274169.98090172
4256,35121942.13463163
2515,17115519.54723452
2592,21363768.32169088
4144,39060315.33178896
2630,24508577.668350056
857,5086642.447290411
2922,24158712.79107315
4757,36552871.064735785
1997,16788458.69546837
2658,25387323.44957369
3055,27399023.814929713
2842,31188432.242236007
3451,32185432.207522713
1738,15516001.143233074
1473,14815449.922399879
4465,36112670.47744999
1550,10017487.25874051
4201,38525329.73486256
3280,30266974.430794943
2088,16980837.356218107
4378,36845807.21079402
2868,27666817.56215442
936,11027054.27861806
3328,23234696.246250905
2056,18178860.06446947
4358,35361105.42353491
1804,18771002.097416043
2884,27165128.216347985
682,10411823.484534135
2089,14358316.983839378
2087,15343665.397831284
1159,13614247.308406316
659,4497062.553972663
4453,32059701.05725708
1511,14685789.462842196
552,3774344.6792020816
2807,28825372.3109252
1728,15712553.66196539
1535,13760777.859924996
4202,33508268.32515273
4545,42132506.00178091
4949,41667663.379669465
1764,13886501.445531381
2384,17689748.88018366
2309,19251580.836307347
3667,27403059.488535583
4297,38462632.32503683
2841,18302973.837927297
3914,31893457.91500079
1317,13366400.635263802
2937,25522358.26032897
1388,9952151.080952993
1167,12316776.120119648
3124,23333881.834842276
4732,38788846.03050957
1318,13499524.715941068
2688,23892738.33847934
1606,11822882.965741595
2724,26384483.54969309
697,6836083.714456602
3171,28596986.232817456
3992,37523303.02001974
2948,27936561.646323822
970,12120388.218993131
2448,21162039.789548416
4399,38573805.36273153
2510,21720789.72369295
4300,31772026.59666476
4618,38852231.37751513
4296,36137082.951215394
4488,38655188.08456546
734,6488009.074359815
1428,10139633.329708448
4107,35825518.24952568
1022,5236183.138243256
4023,37560457.40756941
2129,17337745.816385023
1816,16264584.516168505
3357,29531674.459844716
1624,15764064.134532573
3087,21469047.100144796
1523,15656259.741632791
1878,16933461.48512882
3874,30086215.846324172
2019,14902999.147162259
726,5805840.753829463
1391,8231774.940168524
4572,42742802.17296108
2757,27514453.975430034
3288,28659100.60292782
896,7497804.750973728
2578,21032676.036187813
4924,42666197.11852191
3737,36169480.69850585
4393,34432809.78120977
2505,17687241.87213003
2516,25770922.320785813
3671,25006584.237246647
3168,23318407.57524206
2378,19283426.322467443
1696,9886699.596584907
2272,22512447.188419797
661,8858715.8115153
4476,35083620.31835405
2251,22846842.357533243
1275,15547877.285211477
1439,12172488.05512981
3720,29407995.46729598
1039,16090806.083227433
1961,18851485.466252465
855,8608973.95890656
4104,37922637.83991884
3823,32489791.905009065
734,5355138.242242435
2048,17624479.281462662
2596,24883962.861959204
4713,32727443.30095236
2601,20943907.78168234
2173,22533172.195744816
2600,20264394.796719447
4157,38894325.68129423
4096,38012231.45807944
4248,34787412.653533146
3673,28678382.085332997
2315,18657923.377551097
4341,43721843.4760043
2505,26663273.34079973
4993,41320172.91542021
1174,8567539.345138771
886,8439123.10674379
2658,22995480.779850293
3161,22557923.787171938
2564,21752123.80764578
4351,39775212.97443519
3753,25625929.95635058
4766,41607751.895411745
1239,15036393.91016434
1901,14526327.964716896
3759,36154527.27457317
2777,21144988.812654965
4404,37555247.98558121
4423,35463681.94600911
4714,37791010.928512186
3727,28964102.790725864
3331,29743726.44258606
4258,37610416.373194344
3012,24902733.401268434
2651,18128095.358983178
4175,35609510.49990317
3245,28226043.07823208
4366,35277854.96584072
4264,40713693.861542426
2722,18084212.205298036
3292,20684148.869239297
2197,16383495.300906988
3962,34827273.60227435
4563,34336466.087698475
2024,14249087.244421775
532,8109064.008534464
4525,38587643.76839325
3066,26659182.7288852
3303,29768286.758396585
4396,34892421.14018135
4209,33535047.777825426
1219,13181337.817684274
1472,8741339.657656401
4218,28315840.46080436
4902,38916147.47911644
2707,25448619.867197074
4926,41174679.09696041
4820,42131874.512369044
3530,23191117.068730503
4075,34546490.42497048
3616,31889593.513927132
3785,27227607.732167944
1143,12730172.771639634
694,6217443.310482621
4496,46182010.104818
988,2372291.793309793
2704,26739343.10302425
3157,25073525.71042178
3776,26356544.856679868
1602,12235134.569305025
1741,15760437.724012397
1015,12232400.00869513
892,13301892.864396527
1130,14305679.266113028
4216,31831853.937886517
2347,23166494.07679835
3155,27413854.87136262
1479,10868190.937213037
3902,31580268.219567556
4371,33838472.02166583
777,7327277.025809367
732,4667026.353117639
2052,14332017.780347683
3770,32597357.383348316
2909,26158191.64477891
4012,32533208.999725163
525,9302953.911807917
960,7898708.24051466
4264,34203676.36462338
3931,34429466.94703709
3983,32466723.24516999
2494,21206393.18707843
990,1358684.5881428048
1572,13626122.154213924
3673,24902412.187586218
715,3057148.287003388
2223,14778032.383733485
2092,14608250.539398521
3106,24201438.421103243
658,4804522.1533635445
3813,33496825.612771377
3341,28395163.44240409
2276,13504776.713546043
2552,21665883.912640423
2795,24314765.73975028
2196,17582300.451241124
3493,28761342.069279894
2969,25322930.37619117
2446,22861798.79290674
4309,30747360.037611797
3283,26531048.884081054
4144,38677008.29417319
3000,29249983.92489387
4145,36712810.78332734
3145,27770474.051867027
2849,28755904.245206267
2432,26209544.004819997
3794,30964760.035859443
2257,16147702.67013504
1616,13117123.047126515
3067,34826086.54131616
3999,28283930.97182442
992,7524382.581411748
3806,27209926.542522106
1119,10326291.588632155
3732,27247926.913315397
4323,35257746.931499146
2880,18189714.51994372
2046,19220861.99525395
4063,37171035.76940393
2105,16688169.133809622
4252,34610609.97877289
2390,19629778.307806063
1775,15742732.025675075
3243,26829491.239100717
2993,27248350.857292082
856,11547117.400352838
1369,9509786.33252345
1385,11152014.52167711
2501,23712858.346774235
1783,10998992.855822902
1119,4039836.1544632902
1382,12734947.858695436
1296,12857039.233211476
4142,31969099.436139222
3925,30664046.837638635
1796,13087423.034777304
744,4351224.2819666965
3395,30240487.4618138
1429,8890504.539007084
1019,8355431.415699954
3712,27979991.497455444
2909,19906133.07229635
507,7666534.524240313
3025,23640524.333479382
3923,32949320.241262272
2519,16627772.36059697
4782,37030181.63873057
4167,36604263.642085016
4171,42129814.36753593
3301,21479351.806829065
585,5076676.614131721
3615,31156841.7944305
4732,37007699.540282145
2968,27292565.96098237
4119,31351801.98801906
2136,18549542.980649926
4083,32097784.28650492
4509,40730293.248864315
3826,29578906.490893185
2718,21688378.611140452
2717,25573067.112491466
2869,20867884.02272141
4138,34310250.170290716
3003,19556396.968940195
1443,9280199.624112776
3337,28842393.82767241
3160,23307907.4713913
3436,26854281.204528626
4944,42031259.20614381
4447,34838441.57655921
2176,20876526.219649073
1696,15214988.362458194
4605,39147049.33577351
3287,31018896.796215598
1961,17647469.187842198
3818,36160541.87140803
1166,13061786.84911347
2676,20837642.71049663
4243,38823444.225063816
1100,10591598.062708836
3152,25031960.87401849
4922,41211157.085962646
4324,38928980.47317079
4406,37613135.28272667
1479,18299178.497654192
2951,27867591.673696466
1128,11593480.100206487
2129,14953795.751776528
4196,34028802.457969636
3930,32654992.419252556
4174,36481894.50365324
4429,38343999.12381658
3265,27628621.230654858
4869,40313049.74613152
615,8081370.685228209
2503,18448241.323110044
1192,15622547.45774957
3662,24154499.344509587
1605,18206228.44651609
3508,28928443.414724514
2661,25295739.442814782
653,7315521.302877838
4199,35630103.23273241
4910,41942763.42807956
4286,37715162.86726333
1564,12525507.52023828
4700,41704397.39157871
2413,17050588.12926365
1716,14712008.280021627
2901,26715909.77281683
2272,22161052.73884767
2460,22062366.544784203
3280,26059822.686132792
3371,30658123.335106112
1160,8271901.28264374
3135,31334227.221246734
2829,23377987.307501007
4454,32013122.917382117
2950,21015949.595950343
1632,14186930.910638763
1199,11011475.81397816
2538,27212970.054853287
2679,19316501.987157322
3338,27822386.597911794
1373,8805735.77875383
583,4186035.44035979
1922,21427916.090208013
3175,22990991.33053203
3680,32201127.2722035
4816,40706722.077043176
4475,36727485.720925376
1891,17686309.869575214
3718,27263938.854170136
4707,43624967.52341067
1114,15686536.485370563
3471,28909314.09327794
4065,40789318.39184066
4076,32410916.20535024
770,8361295.981568841
4566,41823667.19132354
2968,23366986.61933127
1890,11975352.823361685
3854,26996848.803143438
4635,44262479.691707976
4107,32268926.048083667
3083,25106789.709744506
4573,34245707.765036836
3575,32445017.837987565
4406,33903320.422326244
789,5838210.917016034
2980,25738561.258248482
3752,27823862.218263283
778,6688253.191457324
3424,32598628.76850981
1080,10924763.19255059
753,7415626.877285075
4776,39852594.12839159
1324,10424594.712070309
4332,41644456.95926478
1199,8155528.608397799
1880,16672778.485891791
4396,36513076.699028425
2173,21410287.521399405
3227,30125521.816380918
3656,30151943.586538788
3888,32975999.47933915
4807,40441604.26174185
883,1247575.033288179
841,2961031.1925666733
2487,19080808.927834086
4559,35787203.97086939
3609,26274152.734107602
4582,39904747.71412089
3298,27390355.26305242
3740,30275916.357839487
2488,17135534.17647784
3914,32178365.407265633
2349,11911945.732004166
805,6951131.067582477
4113,34093551.006423265
3249,27717744.952964496
1635,9387694.70956216
705,7314450.210074425
3950,29475706.190406375
4311,33050590.503123
4122,36129794.15746799
4099,39834341.17007923
3051,25562076.27640804
4808,37012713.6240793
809,8038011.342529995
3208,29481087.472497437
2491,22790992.697618205
771,15397338.617391236
4142,31989987.292716
4586,38444694.43975789
2322,24222753.860254608
3773,35642477.71105559
4849,33941766.22042686
1020,9149927.139880056
1476,17261562.2975461
4222,43447928.97119741
4051,35519387.651252456
4605,36736410.11891055
3273,24156390.54268783
3052,32072230.07259255
3332,29842224.759397276
4407,33711799.219343744
652,5606530.900998657
3464,29642559.55048611
3416,29959419.961664353
3300,24701144.02736263
2252,17173428.74562352
3110,20921196.31288112
4375,39119286.86881435
1604,12807144.599689052
3036,26686964.947549876
4699,42858775.52572898
4354,36491610.42712184
3994,32613088.572152797
2414,20893764.430651803
3572,29765580.81155068
1506,16786494.993633833
906,9180515.19261637
666,4694796.941263262
1008,12207547.17066925
2161,21979453.069075055
4164,30297008.11953861
3989,37510351.65430432
1180,11534135.319625456
3024,26041809.850439794
2620,24979873.894789543
4857,38155070.82698716
1863,18766493.54257277
1831,14517673.590786435
2792,18911147.960868984
2038,14310731.162679197
3908,33965065.49870968
1060,6643594.980016025
1599,18622228.369568948
2403,23791850.36031893
674,10392317.498098895
2656,22622335.739032235
2730,23613584.85188488
4787,35714864.43726717
4660,41267350.53047247
4420,37499500.365111254
1997,18677916.87587678
4354,40896935.43435864
3671,28550111.04815747
2067,17157575.350368045
1651,15188012.764626503
868,5137693.78362388
542,4773203.5361694805
2407,21734849.431400906
3990,31943736.185881507
3035,29206968.229187336
4673,33851226.314549014
3373,31352313.720700026
2324,21575556.424448013
1793,13637514.237330228
3886,29314774.295310006
3472,22535152.148272645
4422,33990474.9627585
1492,16077529.96500899
2886,23919742.82116398
2740,26408942.641175523
1976,14948386.788126344
3907,34377318.480319686
889,5959504.193746735
1499,10095274.981370483
2355,19518618.34848797
1158,8269100.466040011
3263,22475533.552888364
4163,33757055.89784902
1981,17167306.249293867
4231,38653075.834488206
951,11418417.03139918
2975,28459829.597698495
3722,32937072.495180525
2037,18293838.276849926
3593,26057165.280584324
1382,12505616.593805823
4908,42054381.33199244
4568,41916313.84811131
3066,27586865.62519544
3777,34937150.30381627
874,4896006.325904284
4197,33596747.121555716
3562,30784052.140983813
3750,34482858.07222769
612,5460314.062483241
3697,30328662.12255254
2878,26085420.918008935
2424,17014387.518564627
639,10934213.649470288
1924,13754591.720676946
3449,22836231.72932209
3668,30374201.02556774
1016,14223376.107126694
3116,27687359.39100083
1387,14349271.629010899
3604,29956157.28692134
549,4934867.508186469
4451,31973271.89122065
4060,26701841.22628744
518,5732817.01532259
1973,20721647.58302068
4561,38520401.1144842
3106,27718798.58115604
951,13359152.63691862
4265,36106300.554323174
2938,24136034.69907714
4810,37024425.583049804
2049,23458637.68891626
3974,34371643.33746104
627,3185194.8522420074
3261,23574496.996596288
4956,44407191.18078674
1915,13207674.910775024
701,12169502.472506663
2869,15682611.608727867
1017,13403785.593369931
1841,17188684.43348589
2488,21259783.269170623
4045,32833624.69487471
4302,41088189.54578209
3775,33321176.57520361
4154,31522389.173313648
2934,19315270.131913356
707,7187891.639441925
3133,26060786.599387757
4617,33376395.88787347
653,6057819.423552993
3866,30206196.1007774
4814,39539870.20492008
2018,19321770.834945206
3100,30277829.842392106
2695,25286667.109107863
4998,38819677.75050938
4054,34538745.38648758
2914,24501321.364476074
3349,23795613.136107296
2242,20130698.354076818
1806,21018017.013753142
4349,35889279.81256101
4668,33561451.9608238
4695,38650806.013325855
3055,21798863.403080247
2805,26030816.52065886
1588,15278594.975175386
3142,25623269.83957577
1677,13422507.202432536
3494,28315297.09515336
1059,9496823.48302696
3464,26395294.935975373
1771,11004740.75699569
2313,22920096.840083946
3415,27163797.070509125
1109,10373129.312507432
2961,25543845.853502482
4620,38926061.43896564
783,3742546.0087047275
3428,23396479.506344456
4896,38401922.425924025
1591,14915134.59725086
1316,9344150.39757706
582,4591235.938902299
2420,26741892.241248704
3991,27391728.345586393
3644,27886898.012268506
2593,27433812.205721784
675,6266203.9840143295
3204,24514044.503503267
869,11458306.75103336
2318,19709691.309443332
2601,20763074.81486798
3990,33497106.781112533
2279,17257673.5718517
1864,12859526.811335765
4962,40355209.217095755
3842,28703009.11977198
4176,34440079.935389444
2926,25471219.702423017
572,8135181.368154833
3462,32079774.956550483
1359,10654790.495103246
4356,37346243.82381721
4638,39581570.33861907
2924,25375456.14744795
1564,12073621.767148625
2717,19651796.56260767
4517,38642005.66719968
2759,17951412.31342085
4251,34204481.702295065
2586,14027106.953054205
868,3934792.7299252097
3304,24800598.184657726
650,9490172.622887854
1634,16136324.073212806
3284,25610195.948473275
4664,40500109.38538925
2846,26430868.89014119
2750,22518005.454875834
560,1326865.5673589292
3510,28456263.06980166
4401,35914322.78448359
1837,11998636.827509321
1684,15573140.378789904
4926,41247435.56290706
2051,18743128.099682562
4933,41300769.29150233
2129,20221529.10534495
1827,15078015.916380905
2026,17813355.32211286
2173,17190779.147263404
1861,14134502.35313415
2073,21598748.892286226
3186,20356693.89542051
4870,42590279.96746279
2866,22066377.37366302
4257,32805885.46707064
2934,25256732.45219622
2493,16475171.162946992
1369,9503930.78416139
1514,10564581.060461024
2411,19623805.225444715
1102,7403586.935517935
4321,40371356.05691781
1190,15911049.549493862
993,2878019.43175581
989,10544968.11429721
3056,28023990.317232724
4985,42508955.607173316
794,5377659.520724917
4527,36483713.31352437
3343,25499176.035666913
3412,27035207.906523515
2217,15106104.913998472
3096,25423633.535096347
2373,15475594.866084792
3758,30463596.337315585
3317,23790254.93270071
944,9172449.085374212
4141,32089741.317171328
4958,41535741.04362361
1241,14172742.185094345
2541,26096340.808314122
1179,2847986.232938529
2967,22233417.718378652
4197,33666741.76866396
1858,17244983.45514445
562,544936.4875364117
3059,22525722.779599354
4269,35543071.60797133
4851,40062664.724580005
634,7204855.219260279
4144,35483027.180664346
2635,23095783.299347587
3778,31804965.949894477
1322,11743219.319979103
3574,31586289.26917309
3481,22130032.000307325
620,10593000.460913703
2137,11482553.847359028
1424,9154514.549286524
1144,9471717.610049566
2532,23273838.67326953
3261,18102199.32760115
2568,21459627.028174497
741,9305185.118247204
3168,29327554.34808543
1302,9324011.024507623
4664,37409494.139134906
695,4711555.613322116
2687,21317976.03942175
4015,30024520.347814694
2830,20972243.512587246
2859,25175130.766085103
4106,34242846.119818226
776,8682759.52277142
560,6122043.16910251
3890,34233015.80344278
2413,22938641.994464986
4427,31190850.140401687
3091,23165071.048756912
1066,8833872.127529884
4435,36411967.42353798
2071,15557728.2785459
1700,17336071.01296492
4909,46211845.104871795
3354,28390485.866745204
3395,28413023.096594635
1736,17436368.765312992
636,490480.7343896916
1529,13317406.82131523
2656,25185107.47640255
3094,23822538.008396663
1161,6608318.260294104
2972,24218583.169700664
3177,26233943.70039424
2808,20738043.154253624
586,11976483.828152854
3012,23659910.856976163
3442,25075021.945720293
3273,26903136.042788167
3004,27755581.913113475
3810,31532242.746994693
2200,20056781.760132007
4170,31745468.21700053
3200,31063065.33921054
4129,35717133.08375533
2147,21319104.70663283
3818,32639481.897425506
4187,36970652.11318635
1096,7148842.320968318
984,7397768.749931313
1145,14199441.78666809
3589,34391225.84185189
4884,36630803.20084277
1220,11509208.203591436
998,7691168.598544318
2173,16292905.591905415
3567,30390519.08606635
614,9334888.797096225
3479,30186987.41985258
2236,17929462.650242895
4111,35432583.53980548
2753,21944071.479257297
2794,24588342.902191807
4130,38229397.1013672
646,63478.977902483195
4482,39247756.8956201
3953,28006835.235288594
2910,27964983.131633386
636,4176923.1703814175
3860,28226985.86718055
3505,31125807.68126624
4052,34508510.189427234
518,2146439.2911150255
2742,19177000.72849482
948,8021555.537526153
2448,16971739.14948641
1445,9375581.081229117
4736,39234862.3712643
2420,17462385.09723471
3477,30095617.87007963
4688,42974430.78765043
4515,36674333.75529825
738,7294453.185956754
704,12686290.19850646
3107,22293196.64786796
4840,43293705.585542224
3888,35316572.79373745
3472,31338952.01752135
4890,43995243.552197896
3187,27337724.897875857
4666,36579211.5132022
1848,19067719.873661704
4900,43598526.63513868
1316,14843941.704479864
1320,11693506.24695771
692,4387416.459160021
2276,19782086.762334835
4145,36986690.05270351
750,10073055.369579896
2288,18014971.618776213
4200,35546118.68838217
2963,20777665.086542133
1667,17290850.309017554
4393,33794073.72982481
1596,16123766.078714643
3179,22984086.267829515
2347,22870247.719302025
4404,37197505.570068315
1004,6687926.913149161
2121,20042069.143241577
2972,23004914.92458401
3046,27616665.112335384
1887,15273665.573857836
3494,23788858.62311101
4316,32580751.27855719
1217,9444755.873938147
3984,36976567.07124573
4934,43175430.891587675
1158,15135584.236966426
4508,42024905.64808957
4734,37267747.58622725
4264,34546539.42072351
3489,27678160.227008384
2604,19817468.18409677
1755,9515515.871990625
2982,24811756.84594947
883,4207303.218866669
3107,25753484.35539702
693,12891312.428688955
4307,33927964.71100787
4219,35336322.0168842
3081,28367945.157427847
3065,26360873.87589772
3263,27981452.56382689
3298,26296792.69893576
2839,23016366.0748163
3906,29367968.433436517
1231,13386135.026668223
3372,22751525.03015771
3620,32873265.015146606
4677,34204904.84576427
3104,28719821.822229955
2882,22994547.421363458
1031,5552393.935600759
4816,41265895.93523891
1134,12858302.605227325
2269,17837764.05568939
4304,37593831.646036796
2870,17104746.51599195
502,1054211.130760199
705,10517226.791406186
4635,37408992.17740625
3121,20381360.020653456
3390,26023401.458674017
3693,27773798.58242476
3166,25830114.805581227
3806,30335747.04857706
1397,12712795.186814483
1585,13471601.845162276
1779,19311217.765111055
1170,11633645.799159007
2005,18413014.83358076
4075,37095471.37168357
2455,19473693.748711254
749,3206367.6699245446
2392,23756910.97389675
3939,32919525.244324338
2353,20242053.623696785
3354,25932010.23540929
2003,15173434.000689268
3885,34620167.01631253
4071,36521967.39441283
4292,37687470.217239976
3926,34786884.81633642
543,7051088.611779276
4112,34290568.19023447
3118,25417860.94703706
3663,33934971.54982466
1788,14182837.388528699
3442,29645937.641642243
719,4339961.00613726
2425,18422102.88944865
3472,28067536.29642832
4013,30692184.86981851
2948,26977555.4764349
3971,28723897.24536491
3274,27489688.87014322
1490,13317524.290526543
3446,23135601.265040956
2312,18172928.538429175
1303,12191098.614144428
989,10198183.979882205
4056,32835078.374199502
1993,18974664.613442145
4145,33832051.22829188
3391,28168958.73622517
2205,19394961.60695966
4016,35908998.88620251
3840,29692845.992753405
553,3963534.382445107
3075,23593310.524812356
4091,32731406.8515742
1115,14198702.774239294
1454,14350175.957989467
2933,21070730.764493473
2129,16230659.103233976
3281,28366301.672829207
1149,7472476.657201689
2847,21599979.877555728
4990,44954878.998522446
3778,29383873.11458044
3140,28984000.44808816
4301,39173969.56859282
3061,23287613.726493105
3749,28322112.330328576
870,7131603.740556505
1357,8590116.837979125
883,8427101.635508228
4377,35399044.26443984
3052,26497740.047658905
4834,43862830.36869846
4790,41772454.94231096
3225,28267719.326237068
4534,31373854.761096247
3793,32674127.946307126
4751,44175882.982113644
4488,27872432.45105945
1422,14444147.628926875
3415,27841924.275730606
3450,26050614.990931164
3546,31771385.75173586
1474,17921117.70182199
1730,17165692.18651326
2935,23366424.14621542
2314,16681590.526775531
3434,28905882.901368633
1863,18523507.877144765
4440,35358840.92129882
703,5752851.02504761
660,14746000.749515196
4987,44131955.83787918
1268,14594386.035180897
4248,30603142.281823564
3081,23526433.96211962
1593,13968044.918362716
1107,6852587.3263445515
2040,22121191.896667883
3375,32230936.919771936
3691,28927363.98784784
2337,25047755.819822453
1189,10499243.709840173
4259,42840169.15216715
3449,29026058.39157511
2603,23552578.250985265
865,12119710.323508676
4075,37432900.04942343
4699,40124196.19840768
4672,37952579.04166849
4825,41142398.099979356
2878,21575447.484371655
1705,15096401.156592347
4339,32384077.402506016
3235,21537355.079759095
3847,31927280.29241833
2175,22186833.67201502
798,10161413.924788177
1456,12402263.112823175
1614,19152969.09452649
3005,23332815.827460278
1974,11038502.01460593
4960,34133696.117397115
4946,37024427.17821285
4226,37257874.22978669
3971,30863591.94959784
3328,29006875.925571907
3350,32738850.150751933
3006,21747709.11226658
4270,36595499.19538767
3464,30328889.217967167
1449,10009786.03458069
3350,31862632.775735248
665,5456878.83335157
3986,31736741.05726097
3009,31406839.655253917
1419,13920300.227100154
613,8679871.649056494
4004,37096678.794565514
1491,10976578.001622349
4339,39461463.29116104
1758,13558317.65500699
3926,30774129.83198511
1014,8296000.083075591
3696,28701805.495165136
4934,42938469.29797149
3084,26473631.965435166
567,4062326.7561486615
2096,19791515.099464465
4978,39998452.68784096
518,4159788.8889059704
3230,26986051.65470463
4021,34558381.06699865
1072,10745542.948132258
2758,21974252.45324151
3402,30757333.62231821
1150,9532817.546761032
3087,23731046.534173843
3762,26691935.053697944
1838,18653535.442997064
4134,34109170.228582025
3327,28248617.075531546
2717,25873408.747098546
4039,31879781.305206552
1537,9172802.254577614
4883,40273342.10664566
4478,37747884.65624089
3461,27899452.80151888
3726,35229212.73422851
1598,6325500.296835931
2824,26952169.913699348
1439,14885460.951092677
4216,36098312.33310138
3914,22304295.351592712
1948,20435666.349810805
1070,6480697.668092344
3404,26708924.06484984
3005,24528222.005629793
1417,13558254.103955926
2374,21910284.12657765
2178,21102521.662957888
1115,12367560.530235548
2249,19750781.61263938
4325,36847767.97717277
4688,35231738.85253326
2977,22562919.579542935
4005,35726380.671024494
3975,35311628.46018604
1635,16251398.249333262
4500,35456749.71503042
874,10723476.395831088
706,3164266.642558926
1819,18784079.42958682
1641,13345387.59626233
3190,31572511.219021898
3755,26475673.723803546
589,11002212.137755565
4608,36779607.012509614
3520,28021562.231964767
2357,20440516.45695679
1304,9340763.261597909
1444,12335012.99609308
3289,25099121.204187438
4375,33896809.40706244
2110,19340657.850901715
3423,25679303.51408945
4382,33751417.29498355
3721,26649626.25076077
4891,38616207.960115984
2887,28030806.089171767
1441,9990199.079691095
3066,23333100.204438277
1475,13381765.839444607
1454,11519610.698601421
1762,21780463.30004895
1443,12056416.10597123
2702,23621655.038652115
3827,34447306.35439797
4774,41965733.597588554
2759,23771862.74467214
2328,19140617.539941996
1757,21128085.60913777
964,8412719.1740572
3794,30026929.68671456
1730,12902453.035117945
3154,21051590.391879734
1384,14536847.25671149
4305,28395794.80869752
4356,35830831.477285236
3635,29465418.097185846
1424,19111895.576694343
2046,11873046.31385912
1594,11048690.13904693
2911,23879710.623955052
3117,25343411.987592496
1262,9447366.227569865
2823,23341036.2717935
4645,34381311.81339078
3275,28271578.636984818
3655,23275543.973767266
4470,36682691.93236823
2540,19518929.91720928
1083,12712863.828269906
4831,44913933.211899914
2603,20830843.493748926
2442,24708177.787424292
4955,39691651.15810877
609,2973620.43061273
691,11765710.896556858
1403,13786329.33420202
1361,11901315.567829443
1583,15725532.425295945
1149,11014645.105390502
4634,37864341.77617545
4111,29908695.51807601
1136,9276389.7885162
1536,15157766.270375418
4631,37679685.722939566
2648,24890977.28339116
4365,37070965.07160037
3657,27621591.04574378
4087,29738484.126503628
3794,30880464.500209495
4761,37515314.65568624
2930,25448965.42886506
2379,17877587.02371181
4466,34881823.02273537
4213,37863209.152784735
4626,38452608.90588369
4606,35739818.80371812
2511,21140925.426205058
3873,36120733.729005046
2643,23025360.064824168
3000,26778852.428275388
1789,13055296.390417673
1947,19655258.1314038
3699,37546306.781391405
2443,18169597.07246144
3683,26918318.07688403
3716,31254626.731505446
3636,32714515.14953323
3818,31269830.983849216
3282,24096380.811872013
1490,12594247.51465883
2653,24018276.818332363
725,5578904.519161822
1276,13029765.053264765
3337,31190132.35571973
1187,11216691.877311343
1029,9148156.686165122
3942,35024031.77567884
2653,19655697.517688308
1794,12487870.498921232
2026,16408283.145213043
3396,26692361.635556597
3603,27413974.074128576
2940,30011405.424996324
4635,44595979.62848287
4302,34354884.87323325
1344,12027156.849245096
946,8004471.539808627
4415,39642497.72035447
3609,33788936.68552014
1734,9540208.60393106
726,8236032.400196876
4643,34223535.97651655
3459,33946816.47362584
2330,20960744.090631194
4279,32761951.384912092
686,5764035.836186441
3377,27149068.225201525
3035,26855338.82865745
2432,23581737.812532436
3424,24947378.12408487
1348,17300263.50273634
2532,26073070.32346253
1752,12390029.297226865
2381,20266405.383086927
769,12284425.632342948
2130,21738755.76003245
4905,39229770.90985631
3703,33067019.44370362
2074,26583594.875157416
3392,28451479.945553638
2195,16662055.245679943
3758,31581259.556274198
3762,31835656.286491953
1945,14986389.782999706
719,8076875.203442651
552,1652796.8208174962
2257,17059398.398973964
2166,20602734.328464393
3285,22015387.445373245
1219,13461502.77598433
905,2204055.902882891
2794,18158026.263371054
571,4071063.770832344
2553,22284591.52845805
1729,18807790.809382167
2067,17708868.289478786
4182,33716339.17727203
3453,30362743.743954413
4982,38243303.5385962
1198,11002245.478039218
1326,8009661.22613392
848,8031771.55062624
4408,35874491.02245179
807,5043196.235651748
3916,32823121.90961322
2834,24147648.95947893
3309,30998362.037017405
4058,28647099.790811636
4978,40595853.276908875
3977,30535212.800889563
3186,29097286.174528874
3485,31141736.1955764
775,8723639.535205863
3047,23264500.22579161
3264,29768411.748820286
836,3097607.213770005
2473,15578067.889221687
3479,25004387.000294227
4468,36643575.56901928
1410,14305493.202964881
2496,12039902.577971427
3629,34000228.49563936
4704,39025336.5885353
4257,30352682.957230676
827,7918840.910868743
2299,22669576.24403526
814,9310323.045918778
4045,36657219.1876619
1634,9973260.111808667
3246,25725984.294584785
2020,14385923.308429403
655,11392740.615132954
2224,20710088.53045989
3843,40285028.76687292
1386,10685171.399748318
3573,27409977.364953086
3305,27011520.08421455
1221,14903071.664267648
1412,11197640.931873959
3857,32229312.793720834
1370,12250072.10866046
4608,37982490.28360657
997,7018804.618612566
2256,18636126.7962689
1617,13395692.195945926
3909,32249306.02097605
3328,30454550.454458125
2147,23457884.103873476
3483,26342695.711990878
642,4960019.125636855
3261,24612964.30478144
3935,33041304.611666817
2931,22832951.62746707
2348,20503390.501225967
3196,29878880.731334362
2217,11158504.942586176
3572,31051339.66880207
1567,12155438.853306364
3286,28669266.803953167
4291,32638591.6867494
1788,18892782.964920625
4371,38707841.85412085
2306,21153056.445627928
2004,19411677.153430294
3808,29227138.59848348
3451,26749128.73593213
571,7825308.602452438
2190,16216812.571694164
1844,20088905.13997426
3803,30453226.786156904
3613,31409683.169581868
1382,18353748.557765268
4734,36753329.93779577
3162,26502285.25253435
2004,20194549.493911922
2963,27557832.166629594
3053,24440554.069281925
1232,9305808.687434439
2248,18284592.202364843
4424,40735573.29845409
923,7546682.43092016
3978,33058347.077450395
2091,16447640.587229725
4985,42996645.69438796
4937,40962575.11275097
992,5925698.567725313
691,3621527.657895017
998,2988183.3003334794
1756,12554035.772623152
2468,23125837.410896517
4822,43547281.614036806
2686,24544675.08965155
1316,13191896.601922045
3720,30380421.85141405
1973,19108743.66474196
1586,14546834.669245653
4699,44005346.91596137
2374,19696664.057469755
1370,15989024.251208393
2542,23958342.24545358
772,9382329.858612476
1529,7197526.02361454
3718,33531568.684643134
4569,37169476.06327254
1551,12076220.516695324
4533,32815260.87646626
2073,17567238.59809545
3690,30620654.790454727
4888,36194994.23455559
4297,30956159.481318925
3789,32771858.440384332
4247,37591115.39318413
2605,22410848.729767267
807,10908503.949053088
3859,31612845.046945505
3676,30244946.176799394
1751,12256915.913777629
3247,22295274.067338847
2017,22699986.401578754
1878,19417897.15074924
2461,16510462.298584566
4805,39907255.723493844
3363,27603861.066689
3156,25426022.58051087
2994,23724946.45655518
4505,38183807.44090394
4063,35958526.57641442
1422,13583173.507084616
4732,38494444.87686242
4962,40224319.84932664
3459,31482442.950768
683,7854334.814348187
3858,32082068.3891063
1898,16076296.107199676
3296,28403811.528836865
1036,7882953.934321651
1773,17648616.45192463
3467,25508424.3144864
3549,28157630.470700555
1596,15601318.286338072
1805,12041351.559937181
1415,7600974.372051499
3581,29837233.02628772
4747,33886625.53666059
1528,9327589.337844416
2477,23085782.355519295
3854,31217644.227182794
3011,28944460.849126957
770,3545556.977187635
1686,14206142.903103147
4700,39798753.65962328
4264,31600455.209613275
2898,27279285.713498875
4735,40412036.64949812
4682,33628138.7399377
2211,18574774.6113742
2730,23997870.208775897
628,4253829.979415827
1769,10712405.283473559
4172,35211376.36834223
2101,24441728.850847684
4470,35599047.70252693
4744,43659723.543854125
1127,7759133.534715595
4297,36022636.905029856
2544,23666567.59262836
4052,33390759.002085906
2841,22834793.053356305
3714,32890382.56405112
749,12666365.345807662
3425,29301760.773917396
1474,11243819.470408957
1825,15030745.32822095
1483,20423122.936936125
1388,12508721.349014383
3437,26712758.90426608
2617,18500796.25055238
3172,20898296.71766218
1826,16698752.82153857
970,10723925.97847351
2487,19705911.46010438
590,5675088.745907138
1029,5720614.872134129
4559,37870785.3944825
3273,28628485.961701375
2186,16882507.198497087
691,11599358.008757519
2486,18376681.019759264
4123,34834429.812056944
2685,25024951.659113817
4940,40288131.499551855
1508,12498569.543316526
4283,30977401.548651014
4798,43456024.48714885
4787,38786320.39499721
2552,23028096.274804473
3808,33482161.463580422
2216,16843104.52394674
810,6887414.187126355
1760,19083447.05223051
4432,33104407.002778664
3768,37527754.22427177
1084,7437381.644171178
3299,23853447.630078465
859,8268927.062065604
3366,34553044.793019615
2511,15355102.193223385
4506,36624952.844530925
2125,19428795.051769666
3264,27212949.875606593
1390,13265765.010009028
1231,8693900.753483178
4461,34888834.46220586
3004,24586732.0585224
1114,6522335.736291747
4306,35313940.79567943
2219,17585764.118985496
2087,16285864.444535393
2111,18849519.23779591
1396,6706021.520402089
777,6528729.689850539
2136,25040061.296844583
2658,19005670.941023126
2932,28312501.48945324
4404,36395968.362738095
3762,29287126.573355746
1949,12630075.02141058
1732,15275045.895855697
4617,42296191.31744403
1177,9248366.564409709
3158,26021115.72578968
2528,24255112.550570995
4258,36086612.374038845
2537,16579172.660826264
3149,26488661.64756555
1156,14784704.731996795
665,6209176.440597505
1089,1487531.7115678694
3321,28732644.97477322
4758,38468630.68136789
1762,9608716.758236349
571,530375.729838647
4016,36053321.429866426
4080,31442851.76321476
768,4421510.857792024
2276,19101084.317204993
2962,22763391.005040184
1768,15444145.883333236
1515,12511839.91168999
3222,23176013.25971907
1583,12130406.604315845
4601,39136259.96392731
906,8373754.120715877
3576,29362172.552824505
1485,18692152.723538153
4103,36017112.57615661
4985,43437323.79446403
1209,10174094.776615225
3118,26604435.571053825
1911,14994700.031422922
1985,19212649.296572383
3450,28268800.28770287
3434,29139133.24679167
4614,38393833.90646551
1503,12969499.355783636
2966,33542564.201467313
2966,22728142.167515833
2438,18476865.409523923
2439,22594290.240435272
2135,16294493.002774462
2198,17709780.91595332
2591,18468767.139933147
2395,21634673.75820776
4740,40432771.733452454
3898,31238423.82022967
1573,15728450.065440217
2902,18641624.958799224
3712,28575439.79545697
4537,36786062.44136721
1651,10691152.509291142
2945,19313860.887743834
2456,19724312.104884658
4407,38338060.261182226
1307,15302325.174279537
686,4846136.3503838815
1807,17655647.51286478
2784,25181626.114227004
1257,14711824.523003489
4731,37797426.908938
4354,30436498.514445975
4766,39338557.55726823
2706,19606618.777090833
4058,31293484.672813978
2080,16736342.567840453
1461,11671217.105952572
4347,36200677.80068738
4075,35709468.94925885
1375,10896793.250172101
2918,25531092.519824013
4698,38628448.02979152
1501,15814483.187635336
3884,31506224.44668105
4566,37291219.97267633
3345,26636798.65600328
1981,16361254.380124513
3801,29057535.614962377
1157,7608208.14156946
3280,29567296.155848175
922,5126394.950446196
4181,33490645.73090629
4766,42174028.35881299
3210,25621897.61498918
952,11102221.361056725
2897,22402862.837819476
2475,17646509.18094942
2157,13471522.435297538
3041,29266172.207817983
3575,26189386.455096755
3664,32553559.77037528
3466,25728158.919619855
2553,25376151.753819466
787,13916348.173845302
3717,25676409.82092899
4354,32577730.697523557
1947,18895395.591409676
1107,11395128.770097446
2264,21442765.564280573
1725,13078733.348786872
1735,20842602.4830701
1529,13586148.400069322
3171,22717112.26946944
4462,35936554.499871165
3677,26805299.311313502
4222,39548824.075662315
1975,14819006.21159965
3396,29645450.454233866
1308,10051980.56505346
1478,10977838.07071246
2963,18973237.45615685
1225,12594523.808971701
3001,28905543.757887553
3862,29148097.255904544
1716,10092312.655003987
4551,39817948.12821349
2697,17637275.952681247
3306,31106598.807844777
1278,8510814.631136138
1472,9466121.77152612
3310,28225387.263393875
2623,18869582.144965686
1098,7662666.756120373
3841,32789945.79801302
724,495337.01149993856
1340,16647257.737784967
2314,19642920.397397213
1606,9969101.962789416
624,2940263.8921394753
3746,33942939.1347824
3431,30251158.80522231
4625,42160341.97185563
3471,26719771.465587296
2517,22025751.511452407
2915,25599703.735351034
3596,31853802.50075671
2109,21253843.37029621
1217,8584208.28246696
4061,33145489.19671856
1516,11297550.763259564
4065,33362164.379930872
4970,42855298.346188925
2460,15717893.499217894
1548,16712114.708377857
1857,12438453.62720875
3926,31485889.040908307
615,9651825.774898373
2595,22744029.153950214
2301,20426589.84479098
2646,18626121.86411467
2120,14827742.192528477
3450,31423769.190006755
4292,33568569.36354683
3441,27043264.38010045
1477,15707853.753164135
3566,26378259.36389142
1283,12071705.398658775
740,7048721.9785030745
2053,17415942.822410274
1512,11540693.104367489
686,4748434.4556100145
2381,16812907.508615404
930,9887995.07812392
738,4899552.425449791
2845,26666233.863501754
575,4926334.875228042
1856,12672648.531736886
2830,22926558.353554737
2402,18983428.402590577
4513,40131310.235184155
2559,20364999.432245404
640,5291368.856399022
2289,23546640.116477307
4126,35532801.96439005
516,10116118.04801049
4848,43561135.01219171
964,6050512.234911436
4971,43737852.563200325
2327,24191909.876223773
3528,33822439.39697026
1019,12116287.950730063
589,8614568.984727528
3351,26900016.868973352
3343,25231853.746951275
2384,19015348.04330763
4671,33373632.99570171
1425,16428385.946265116
4234,34022121.12174686
1469,16625992.18719488
1594,10057501.2683352
3695,33807874.763006635
1904,14747358.02546204
3864,28058891.775072478
4790,44201354.15647927
4482,40177935.00802232
4823,40219377.26055735
4513,37205813.65540489
3592,31054530.056457356
4659,38855885.733752236
2574,19215172.137485586
784,6035843.190645235
1687,20378153.49611611
4469,44768470.22788404
3465,33408005.515692048
4819,40986671.82048787
1283,10250752.901894195
1449,10197442.318309102
4439,34315152.76870939
544,3692197.023939718
2310,25933492.12427731
2581,27066846.889147796
3998,35222835.16980618
1329,8750160.470761523
2409,22951167.78013311
3081,24932148.914468184
1191,4068971.684067636
4519,38013301.91220378
1431,9922260.877497833
3906,29823839.71272989
647,5424776.019295977
1532,11761031.08117276
1811,15385229.542687977
887,7849008.349948384
3621,24340572.721457105
2373,24544833.9666485
4088,30753869.83115396
1415,9462804.84460858
2378,19038340.244629107
4248,34658995.45789212
777,11592939.450495517
2477,21624270.356164705
2359,21571396.452328604
3536,30111608.562749844
3871,32662384.747496318
2682,23385188.509261027
1670,8561797.572293185
989,8162244.545481414
3025,28686783.33171347
1682,26282993.032420054
4979,37219073.20238147
4758,40333239.880973056
2988,23190860.266376976
2376,26150955.71169055
2962,20634651.717625555
2130,19914818.47094764
787,3074366.7014874304
4782,38300299.995817505
2407,20153060.007750574
1661,17497075.045218825
629,2800499.5215244163
2863,25894149.146542158
643,6200333.170163841
515,5938380.158857939
744,9826998.144055422
1426,8560329.920984138
3678,32855784.919445775
2676,20701285.440731727
1386,15375620.364930477
840,8723672.90361364
2551,20779414.855448835
3898,30413922.092727534
4450,39069884.98306599
805,11222855.056442782
1407,10657445.377419446
3154,22832980.30265581
4292,37418633.12883568
4542,32990407.173898898
1871,12051462.687251085
820,4371899.173416303
4559,36225648.550883755
1631,10039004.332353665
3078,19807600.271855265
4542,33929667.41698863
3867,33863423.33971786
1317,7721367.783619698
511,4067190.9661374902
694,12392095.387096686
3037,25148477.60991873
3342,28763592.96918878
2729,19993879.94524534
3509,35562424.56110042
2577,19992116.532584716
4367,35251685.94664545
943,12495176.033902094
797,6830797.265439143
1344,11895666.348025644
1515,12274935.03763261
1884,15247502.865828319
1897,17287506.032484274
1053,11082829.567594316
2850,21870254.7063623
1769,12853758.631559212
1760,13252591.73342731
684,2268237.9574006954
2910,19508709.22444211
4931,41339501.441674724
2709,25487787.409525335
4172,36989135.87943565
2381,12902026.180590026
4796,38632804.73887022
1021,5861724.133222323
2387,20527212.31346257
3052,24162529.443571858
4309,37247735.718733765
4655,38182540.728795975
4916,34639994.31524633
3979,29930742.38160138
1909,16289355.344479961
2194,18822331.28769326
1026,4990969.576887994
3160,21670620.889361635
2672,22544736.012719538
779,3020998.0818484183
3464,23706111.72049764
4477,35480578.462105975
3169,24886661.725984048
3393,25508798.567982096
2251,16896789.12982511
4481,36889507.169667184
2861,21727511.288960543
4927,40628091.06499452
4631,36906594.391647995
2208,19166950.466159966
3186,29122616.696309935
3395,30677743.536171786
3276,31072631.41319825
1619,16466440.690691482
3488,29619672.594625413
4759,37771705.08707957
4743,37780717.23155133
694,3918668.0806925693
1162,10309587.873154674
979,10924162.436135804
4718,36566997.19135094
1923,16272346.424008679
3208,24631913.313834693
3675,31028062.990562845
4314,33863849.84815015
2514,18893468.28611784
4289,33272099.915203925
2943,26053986.3215367
1411,11997751.784008935
3713,29418734.80999989
2864,24696213.507641632
4129,32788451.347597048
3972,36155553.68105711
1180,7518401.53892023
1109,9311085.461548155
2656,18033704.334999
4366,34887376.82432972
871,2929093.50688011
1115,12158949.567677379
2753,25323511.301016737
4638,40456510.52117343
1364,11998617.440523403
1768,12504388.785869725
1284,8870978.103892151
4678,43014516.165661566
2737,27203031.31139939
4554,37799665.470852315
1435,10933097.897759018
4480,40945870.26809553
2838,21620490.51584557
825,8286547.624287723
2034,21327871.916195374
3980,30330984.50100612
4361,38375670.75691134
2485,22441682.38753161
3278,27105450.373305317
1770,12179699.202600652
1140,7946680.719690172
4578,38492353.21855198
1867,11665989.61535584
4542,37728231.57705475
3075,27223152.95218499
4103,36779660.518427305
2081,13452928.776619334
2486,24836741.89148382
2740,28006090.482539807
4466,37958454.70314078
2605,18725854.255726017
628,5039672.134919276
4496,36825208.26464448
1351,12619390.52619167
4603,37889944.65793081
2576,22451495.42868385
3494,28679759.727982633
4244,35747321.28353673
3256,25666429.73651606
2144,17137439.849052593
4871,38239924.48857
3644,35903778.60351221
742,11327702.358522968
4585,39345882.570040844
670,10335926.991803216
1152,12611384.016933648
4012,33639813.478542164
1999,12475285.976940949
2599,21005508.23962458
2658,21258886.323944945
2472,17376774.48072353
4425,31941513.17618015
2758,24542158.039701074
4539,38285512.96711244
2535,17777809.059797164
3771,28930364.480691433
1357,15339666.81946249
4323,32950910.45945032
1549,13904396.711801408
4490,36350665.10129606
798,8903090.413186189
1423,9815677.042030709
4732,39126250.432620324
4806,39954167.73203763
3299,28082542.41868766
4562,37733221.57388784
4545,38393827.96178233
2302,25991310.99615243
3213,34387893.33031332
3353,25906351.577639833
3157,19301271.058942504
3846,33554485.90216592
1971,17326757.379703797
3449,31775125.577550743
1441,13382657.699145952
2407,20431811.818577155
1743,18330719.78763167
4923,44190341.765241526
1966,12568319.823657006
4457,34206181.43858125
2466,20411221.122133967
875,8295312.871773751
762,6418050.389943254
4862,41198621.53358566
3888,35092314.3679513
3895,37328129.13216218
2444,22288739.071318697
2393,17586998.96464067
4134,33629871.32440654
2152,17989943.276221327
4641,39671920.71994348
4392,37300504.100301825
1099,15943189.953334529
2412,18911460.594235275
1792,16490251.601300409
1100,16864134.193232276
880,6284379.3092891965
4713,39139446.088511065
4137,31261358.496627953
2663,22550260.698882293
4855,37499348.555587076
1598,16924402.71047404
865,8361956.577094186
3070,22753808.22005312
3919,34873703.09337501
2976,25346998.116614763
1290,14178456.331670364
4069,30109012.116156753
1246,12074473.236745985
812,9816025.083934126
1420,11089867.52929279
1577,9838991.819095546
3329,27507177.513888817
2881,27732345.881342784
4118,37321790.99190217
1297,10090714.69573327
4943,36694743.69087067
772,5882460.838951282
3510,27674567.047804262
2273,20523340.34991433
3047,25060995.491287634
3664,28052207.364788573
1446,15880789.201782003
3165,26741277.602334503
1006,10354246.958192822
743,1769043.6976061985
1005,1767205.387908143
3658,25951362.655666776
4090,32278369.723179672
2372,21705068.052841425
4293,28317259.388778105
1692,19314556.19311596
4925,40911698.08031038
1964,20792884.97884973
890,5462089.752577614
4976,42319579.80251747
3877,32271587.78991236
1172,12829058.939163662
3060,24778625.89720085
1711,16107645.627022766
1429,15738585.9563136
2039,15358471.118324675
1412,13022732.69746895
1143,4480413.288332955
1001,11115509.057190074
1229,16695987.63038747
1783,11530691.856753914
2618,21669856.21871617
4886,42729443.90274234
4336,35782252.42039965
1419,12847298.654479677
4550,36227001.67542908
2839,22427543.240736257
1255,10779917.539243866
2369,20077014.266418066
4972,37231676.21526807
1007,8857934.042161914
1936,21193601.81612798
3075,24342598.619233288
3926,28696235.051376116
1058,9009751.79604072
3602,27672161.56362711
4122,29960974.52403418
4899,40609505.38519786
4557,35325153.888546765
4215,32845857.499440175
1801,15868282.141156167
2655,17640476.213912997
1192,5311291.049246625
4850,41812616.583505794
1978,11031499.19782775
756,4117966.9140779357
2930,19040481.393834688
941,7069590.599453503
2381,21332176.242953498
3146,26505013.84619713
4320,42735620.168371856
2235,22140746.853367
4235,32086526.449530195
3145,22568834.98552077
518,13264063.822926503
1624,17179716.017200086
4485,38648108.82180872
3154,26456555.436646853
2580,22460564.70242505
2047,12929780.173552722
1361,12359117.510590304
654,6445694.192377044
3994,30239583.47069556
1404,10616420.639294565
1769,19697529.180330668
904,7856475.239115412
1343,17957513.90759933
2282,14033961.69053785
2064,15945609.441322757
1684,9830164.346259244
1246,7339732.638324497
2225,16315382.883022109
3688,31449928.880311772
770,7960478.513241162
4456,34610129.041117184
671,315398.6720097456
773,11617078.619096458
2806,22590705.851890933
1658,10915129.489096582
2206,19472792.34321026
2271,19781335.511569522
921,7399970.605000105
1709,15117593.046924515
1390,8654910.478775945
3767,33415738.529529452
1973,13793398.71572939
3743,29127291.034089703
4978,42770405.44845472
2681,26059876.8950307
1949,21349323.704139017
3596,32935394.715399716
3756,30075783.448594656
3656,25624900.79269861
2090,21935166.75680868
4739,43024087.966714926
4481,34832071.539939515
1935,19243567.11347368
723,5787466.618207784
719,11255830.650535185
4774,37647406.01278865
2154,24167953.86264551
764,9470361.642794738
1453,18016634.53405796
4233,33472608.19105036
3274,28407088.81333258
3624,27084162.404966906
979,11363967.75635759
4014,35809124.598511375
1853,23015071.75460356
3822,33022119.391658947
4378,38196282.60751828
1389,10699508.870488655
4354,37456138.11790571
1424,11252326.37393725
2670,22707582.276526
2402,20739546.984637387
2895,23103085.37995249
528,5412835.289625981
534,4146114.4908597386
4089,32572806.624898482
3170,29589993.954506814
3865,32446240.925479233
1088,10745198.816600831
3718,26372085.693043392
3638,31374374.99549117
1403,13815270.391925713
4586,36492984.13193374
2669,28607089.028782073
839,844318.2074478045
4770,41513101.40731164
2214,20850414.414864585
1056,11072748.795998236
3587,30224638.11691587
3766,32780037.96787511
4067,36140526.438667685
2556,19270337.248504017
4399,37089586.86654027
1516,12578049.473930089
2562,18214694.799323473
1338,13855509.923839869
2137,16402918.7259479
4821,35074423.9756616
3996,31350668.017895054
2313,17107303.30572061
3979,35917437.02757033
1951,17067579.421674233
2813,27651148.23706982
2014,15112331.306300862
1731,17470509.615689497
2145,26678868.74442374
3499,30060097.40138142
3940,35104946.58696946
4556,39528552.99267622
805,3173774.01772252
4036,35045451.89240235
2223,19703368.961948708
2189,17732757.849805072
2017,14483890.87738536
4417,38417949.72098111
919,5434788.781168136
3436,34888936.81404569
4362,36238507.25046439
4729,35162078.85664049
1950,15058011.165014984
3596,28933596.98513055
3761,38325129.96177154
1664,11658233.15957151
2369,19603348.210245837
2319,17938514.890404932
3205,28137775.45674499
4015,31554349.758884866
1842,12318830.001580868
2726,22222116.260611404
1579,12733818.470003271
4706,36871266.86712796
3279,25615568.92330865
3028,28778087.39364301
1313,10544779.357197488
2531,17845617.012564704
822,6189652.108600431
3469,28915006.978396177
1403,8215191.090345938
2041,22205933.880019195
4003,35626738.43251882
3153,30514518.230856337
2976,25984384.37646305
3840,25438907.6496097
4743,43550001.14991554
1641,11537294.920870323
1349,9445439.767993703
866,8396975.431866331
3397,32310689.54001045
1589,16871861.401857197
4541,40046843.36052806
2538,20368518.841376342
3360,26897177.421723664
4770,40197831.0039402
2354,19441787.476149403
994,11619953.72198806
3682,32946352.99348568
2284,21046023.963518117
4010,25502116.154691864
4286,35671965.09103179
4630,37713438.3578019
1498,13488076.805278594
4969,38489026.08436078
1951,12633642.268802324
2251,20397415.43992512
2780,22171096.046803813
3434,30196078.9811228
4234,32859256.866945688
3846,36015731.92147803
2373,22987194.52771229
4303,36314481.32563764
2479,20192134.759842157
1198,13141226.633394592
1812,16673643.445712218
3462,29411752.563791815
3438,31632596.228678826
2800,27679608.46321992
3697,26818766.446543366
626,2856847.677950581
1691,12187217.823563606
3139,21604726.207069345
4889,39923754.42329255
4416,38128349.36573352
1866,15863745.11514299
1519,11549635.075161314
4579,41011373.27138747
1184,10893669.209620249
4129,35060948.90209895
3387,31558704.41469928
1962,16326274.1834466
4586,43868642.21787404
2761,21744554.9883847
4680,44433844.6135387
3341,24803794.454262737
2267,20688454.708641324
4680,36512403.49358129
4060,36838698.350943275
2612,20461302.176424716
1126,10880613.571932258
4659,36320374.011875294
3914,35123675.52099984
1875,14032746.218082583
1681,19498244.534228005
990,5932008.679115829
4229,30795116.24501556
4034,36126656.23423726
3796,29593069.079209436
2440,20498288.059651393
4908,39297276.538492836
2382,16118175.19854193
3487,28665019.007584985
3659,34066747.684916906
1181,13457411.009916697
1573,14279378.287877774
2887,27432804.879105322
2894,20973444.24591747
3193,25567637.01328498
1870,17147414.822190624
4840,39328755.51954866
2656,21507530.00857033
3080,22038068.803036716
4891,33883975.83407187
2659,24725599.27484891
3748,31713664.719756678
4231,37553995.13463028
4329,34320292.17352488
2127,15877666.345517218
3972,32795643.899909902
527,7778598.9458384495
2485,20185643.355037037
4653,40629355.55298546
2021,14149075.98322074
796,6883658.600490399
2681,22237657.567765906
3902,35895169.831765756
2796,23990882.194047727
3097,31014232.554882586
1401,8164945.600157552
1598,14173756.71323384
2177,18954194.117541336
3381,29908279.5927606
1878,13583920.190653326
1748,20037339.01823251
4235,34918891.824415274
4741,35666797.461195245
1764,15063925.028759144
2407,19316515.43135966
1558,21813705.426741987
3249,30141830.79857504
2548,21532984.067124654
4748,38648249.94440239
2976,27661170.587444395
4516,40124586.48098464
3697,21841350.242038053
4053,35352979.464200005
4940,40603899.63193588
2261,15154568.534639072
720,9400642.418872532
3388,34842564.0406748
2164,19982387.84048334
4486,40189285.32677059
3477,34228357.27589321
2371,17477213.547839846
1962,11123285.66449925
844,9722598.189928506
544,4609165.390675647
2568,17421479.642885372
2014,16877490.19159262
3098,27966642.12137186
1501,12561085.00570692
1533,10903517.107794888
2540,20649478.819110468
773,7125570.604095964
3147,20387553.212121755
2279,18803675.14048792
4976,36774978.583565325
978,10801077.856063288
1015,4436872.273239666
4786,42326076.61365281
1691,13300504.792358175
3168,24715072.879683964
1911,17171363.791905917
3780,28641896.664329823
771,8004237.262390193
642,3939673.675934888
3832,29985796.463025693
1287,12512062.507987406
2181,15032257.798796851
1122,6182988.09471293
4341,36472676.52223103
4176,34327300.44253185
3072,26082078.234428175
3760,32062917.710164264
566,5700126.661420944
4786,41112277.87190121
1640,14412308.860935975
2814,17490088.300974093
3032,20012346.216014434
4080,39423847.540726244
1687,14496215.60117659
4971,43618724.95515129
3839,30674888.283118773
1048,9209954.716818208
4587,36335906.03718747
572,12973781.994384095
698,7343727.267092427
3701,29003426.283481408
2281,14293380.859709427
1071,15489200.328207556
1290,10830164.84431509
2138,20336687.358684793
2331,22215991.870919637
2355,18451508.429708887
1674,16409358.326158468
4240,33107585.139745146
3777,28244720.913881753
678,9917394.077536637
2744,22477431.8605334
4586,39243538.50080796
1234,12104762.981645312
1298,13297795.880165868
1287,6626389.197395125
3295,25604128.40605089
4804,38458574.527510725
3584,27177563.98129553
3418,29631020.544049162
1231,14408679.232787693
1629,18067553.966038894
3946,31550385.70437035
2105,18715897.587373722
4278,36560930.5134703
3245,28823768.282610588
3670,27725594.78078207
3433,33925740.8047949
1715,17499560.553039335
824,10449948.031077323
2350,23410380.17070119
1990,18522407.826797955
1393,9062059.730847083
1890,15703081.80533468
3889,27158839.814814255
4739,40157217.52909725
4979,40324359.02550336
2763,22982432.849419206
3932,36068003.390256956
2871,22597017.884330623
3586,28931630.52368377
4812,39561919.887889646
2015,11600023.251759103
3417,27537809.03271399
2852,16358615.26314145
1667,12579435.314312782
610,8445567.160178483
4827,40957799.674753204
4155,32455539.068637773
4293,35466394.65467144
2255,15815031.298608784
2077,17608969.79055144
1796,24158960.85647753
4274,40729403.96111579
2720,22917866.390051782
1472,13256432.494746123
1530,10301304.056096347
3093,23338632.67614685
4492,38022552.966314085
1413,10729322.303090544
2681,25160448.784554746
3697,35285057.04293327
1962,17693862.354343116
2878,24329211.61751978
3954,27589661.125268046
4053,35666830.73581615
1807,12024986.095382825
1689,13257972.614099741
1187,13374727.677155405
1707,17745274.492927097
2394,18752477.417949647
2311,18261253.395240042
3683,28366043.380229983
4297,31782438.76402227
2144,16247613.553687274
4468,31904609.943255935
3216,28777187.744524796
690,7703570.815485627
1835,17361587.85461154
3606,26984787.848274574
878,4438788.309454831
4982,41016542.82294068
4329,35824307.694850676
1115,9478190.517461164
2830,22771550.192436453
2254,24164327.33308316
963,9982075.035378935
1466,18640035.174399473
4767,42942895.0762949
3658,35373812.77805203
4124,30768611.700931992
1189,12291512.97299409
3122,24680703.53301988
2712,17705839.8659214
882,12544009.508666579
2756,22166922.422883112
4310,32314695.10919995
4003,31780308.41025392
1912,13907327.631678542
2083,15582906.097149998
871,7303189.829452052
1110,15072445.57913423
615,3921048.350366123
946,13545811.992657572
1891,18674510.387938567
3824,32780814.690758258
1840,17964360.096755624
3439,28552966.991512373
4199,38450150.31159028
1573,15284940.789801303
4069,28558002.044923462
3650,31088755.795669895
2105,20191919.428977847
2794,22484996.34419635
4162,34674767.6181418
4982,39017426.01597678
1483,8731123.031809319
851,3156869.3872062797
2224,14180796.03879341
2451,22615134.227411598
1779,7761154.874871014
2407,18256560.219109558
1524,10895040.144263867
1045,8513521.392037606
4674,32822705.350191392
2881,25259664.284221858
1388,8284515.817520304
1605,17237216.62212781
3049,23526702.937233504
2490,20633160.929764237
4498,36995321.56966562
4275,35932723.15858172
3312,27607043.132488426
1420,11078668.353802104
2561,22517145.592082128
4987,42294441.391484864
4139,31816595.998671137
3665,31599103.456920672
4935,44055160.90720509
3144,28269682.588313658
1545,16157125.724941561
4056,33963762.54672234
3181,23639548.66177536
3699,28163066.620889064
1438,13463663.903563235
941,11356291.17545693
3050,33757735.74198217
4725,41745465.83331581
1096,6256692.727507494
2005,14738182.282920053
1361,18723551.947867997
3140,25476833.204069667
4231,34990543.90428387
2051,14526749.238772314
3736,35583310.216722734
2236,20388999.621961877
1949,14268195.956344064
764,4130524.1334281866
3159,27193611.837693617
3221,26900618.524641357
1962,19192330.65166338
4752,40656905.419381596
1945,15766558.953694133
2798,21752595.2136159
3425,27920173.5551035
2132,16403957.460029712
2874,23601413.401585713
1012,9145322.785858145
715,4026207.319859829
3831,33540039.58629364
2672,21264716.85659099
3653,27698346.94914397
2206,17593177.715154395
2606,22574774.46986086
2067,17785114.59943991
2708,23930354.344713386
2831,26343038.375226587
2653,26138820.6120241
1628,14880458.488064159
4010,29871792.838293508
4823,38776667.5924091
4153,31211044.846850976
2865,29010562.221136846
3421,34330202.64758149
1579,15582933.592489028
4011,35663376.527917095
3241,27680829.579709977
3520,30258167.746382374
728,2031637.3450126322
670,6138202.904229269
794,4708540.812961221
4784,40116069.61261511
925,8221170.4638343975
1418,18184465.887038343
3753,33773883.066168524
998,9837535.947564935
3309,26671180.938581124
1325,16628064.37627979
4279,35142136.06162041
2358,20859021.884905834
2618,22070748.813280504
645,4947538.282878032
4077,33725518.66715656
692,650099.447965052
4388,31460880.79627644
551,6456891.625008883
2910,28984599.07158246
2320,20604663.312432505
3464,26550893.43531004
3021,20839438.737797994
2369,22305581.781426914
3068,23842414.5469547
2367,21865706.25565768
3238,28073595.474197153
3769,32586901.176764067
3699,30692805.122060668
3079,26782933.154908925
4505,36681636.796230994
740,5014080.396895389
3940,29629502.818451844
1907,9100973.606087064
4002,32472671.31278647
4538,41862134.548855856
582,7846240.277612792
4268,35827127.355427876
1450,10397985.017132547
1110,12872017.677277232
4105,33482072.064590923
3783,35988802.94136718
2673,19440738.210115954
3984,30622091.416082032
2022,14634190.167341115
3101,21361644.88869796
3157,23444865.94442471
2659,22581648.779297754
2949,22455396.925448116
4330,24070874.012278207
621,9190819.892260365
4868,34891718.811957784
1817,17303684.85465991
4993,41037643.769008696
3018,31496118.44926103
1730,17830872.44456786
1633,12550186.213545077
1801,13301809.312934063
4534,41780183.04239786
2410,15852386.708695766
2005,17612639.807756126
3685,30086638.610250983
2416,19298321.793885972
4048,34444541.95334528
3257,27624679.581526026
2456,22020202.228375234
678,6840926.957089852
1396,13421044.215051742
2051,17688095.578794785
991,6949719.338351056
560,5492003.780709786
1577,11472840.32088794
3395,25818870.185807448
4660,37271549.99184675
4183,34105730.51779247
1085,9785675.919043433
4460,39429136.48208999
4270,33664607.75237747
1034,9862555.779424462
3962,33050083.141831458
4511,35262115.13760181
3898,32405222.358619634
2655,25248164.24553194
1504,13591518.6506502
2999,25671751.787081923
826,5492015.007171998
3206,32554576.553614628
501,3062930.889032497
1533,8260649.618357567
2981,27428552.360654227
624,5647548.881054722
1604,12922874.537158774
3199,24955338.65876542
2361,25503143.872947514
3420,29423770.835814048
628,7673253.6649352545
937,8983846.870746803
3048,26194148.84033559
3629,34227873.83167824
1721,14015436.016316915
1401,7837187.363437811
3668,32948163.96268333
4986,42378104.83672718
4418,36667939.43865513
1567,14948259.724643359
526,4095767.3391174776
1047,9438077.74856278
3168,25948899.23842027
1066,7753535.228787249
1203,14191518.349315008
4780,35003224.1177466
3640,37202646.5154389
2090,20352086.627619427
1305,6106073.395892947
4291,34655501.01152721
1857,15350362.252289327
3725,31975659.886826336
4118,30975865.18778084
2626,22104076.030104652
2960,24316641.80563206
1045,7147144.912279684
3228,24193743.305586305
4234,37628413.94010707
3062,20406252.379872218
2579,23065636.808288153
3141,28520530.920634374
3614,29256324.98498475
2426,20565118.51917499
1116,13418484.999092143
4144,32037445.46782783
1703,12819042.713332629
2259,17585548.956702076
3065,29015976.797669843
3674,34268881.240654126
3581,25460329.29660914
3130,29058722.24193491
3661,32744724.919041853
4821,44228784.431349486
1169,11507324.096379139
3668,30211219.63916427
2621,25403650.059714977
4578,39720711.3745053
4651,44942695.24244618
1219,13628123.534885485
3100,26260643.929271746
4098,30261686.858871486
1166,8585248.468417645
783,2956135.0659159515
4403,35578813.89181741
4065,36298202.779698536
2734,22860986.734558452
1965,19785175.806280218
629,7044721.20031704
2560,20270723.13073797
4172,34638875.46550989
2994,26368290.07316529
1492,13353670.195390848
2621,22420052.686555743
3084,23364849.67723988
4696,37269071.20427335
2723,29559382.388463933
3688,34189399.47127063
3737,26474477.309570853
4636,30987093.127480917
843,7972577.2643461665
4961,43368418.68327797
2776,21648174.48773338
3701,33672976.18459381
1388,12282963.695021253
2543,20854816.160819076
1841,17996345.528525546
4220,33164372.621293195
3383,27203881.03458904
4712,40706501.78639139
2915,24225812.188801926
1617,19662328.82013321
4763,41185476.23856805
3501,30894441.484998286
2238,18755486.061804794
1864,18536264.030128818
3208,25696176.68159506
1424,13239133.253598545
651,3459120.858986319
1085,12798324.176691774
1412,13167814.091785375
2821,29515539.19109363
995,16136895.151009273
4295,37649958.35429944
2648,22389275.93362371
1056,6609806.463623294
2052,20130249.40977647
2620,22590853.691685684
3585,31294104.517463386
4004,38221362.16236873
656,3774730.1340099596
1234,8099087.49455599
3776,30498722.18488796
654,8695603.44925547
1496,14632601.720643464
2794,20664934.464912683
3405,30509658.702107448
1677,10812361.54332021
653,3710774.9769534273
4687,38149628.04843243
2216,17067706.26207434
3702,33285578.465952806
3357,28715135.449003283
1286,16584683.532881781
4868,39202443.90393676
4772,38809393.54687777
4267,38767147.82718529
3378,27751237.590628613
1142,14618015.743122637
1165,11942484.631153475
3926,25349640.590343922
4283,38796711.24244839
4201,37346180.43935943
1569,16405997.818331635
2849,18059064.864364225
1712,12707030.116186857
1652,12449885.49932969
3011,22564635.89731882
643,11369767.595681814
2989,24876696.486529097
3728,30714317.172112487
3705,32296024.930947337
4743,40651905.003668144
3642,20131321.86812251
3804,29492927.38855191
1857,11617634.26662617
3213,27904918.279464457
4685,37613322.75699786
1857,15902162.693503806
4794,33116440.75332843
3692,29606443.325928506
800,10745390.755498447
1223,15012348.449306503
3510,31236590.2586221
567,1529604.1196556436
4336,39466205.40897637
4493,39116006.765000045
3006,24696432.897806384
2037,11220891.056470767
897,11036784.851987552
3857,30079501.01004986
1663,15342497.463164343
1055,9645181.581909988
4161,38903184.95331483
2251,18631899.042007476
3441,28482659.22974216
3157,30991846.17143589
3295,25385333.268749435
2829,26074968.554223333
2459,20076152.83136461
2101,14800374.113985213
3293,27347482.960162617
1980,18915115.340823963
1602,17877129.519929536
3776,35632081.956037045
1799,14507707.777323402
4379,33070252.30390336
2035,16323783.301267562
577,2071407.7400095332
3331,26995841.401750486
3910,31255004.149140723
3221,28950470.612470295
4127,27398194.460256867
2032,15055176.161740081
737,4719445.086674253
2496,24529381.757224075
3927,29074466.86779695
777,7895972.078946982
3589,29327614.756740656
1023,12313127.580509145
4775,40987495.59353164
4718,39107731.19546114
3622,28311999.376235794
2297,13818972.490670372
2631,22789256.967062216
1315,13111469.395589618
3194,21827397.162576042
942,4834917.507014353
3640,30876989.920115028
642,7153425.05862361
4787,36324058.06972382
1910,14557805.859295886
4973,35274533.48428872
1034,13403791.7114397
2216,14828376.777894642
3864,33538778.17374565
1532,13151117.911539858
3842,35604780.85887428
1910,13903237.721675731
1672,14559758.131021162
1388,7008719.27228795
3838,25888419.48918074
2141,19917000.75159642
971,3412922.482790894
3440,27835347.396696407
1046,12401886.34391876
4097,36016054.568284035
3325,25606243.536154218
4223,30018490.590775482
863,9432484.584966585
2666,26354770.348580543
3809,29485285.764003128
1045,6950061.4247786505
3740,29345294.111393005
2436,22202826.13242135
1462,16381552.819244739
3505,25321179.56585843
4306,30953154.57202604
1382,19075988.965797342
4340,35188031.63632988
1370,12718678.387070928
3485,26804207.478147082
1365,13389886.928358149
4809,42352182.62410457
3703,31523388.51471879
3397,33398574.231043305
2744,21971766.230176724
518,4355352.580893871
1141,10822219.053832248
3583,31058884.93651829
829,8315841.786187828
1365,8066754.919134727
1273,12121545.498586684
4987,39773479.24558969
2854,22089068.957776062
3838,31801446.16425973
4018,30259431.938012358
3442,25129826.028380305
3067,17689593.11998845
2174,23633711.985529672
3183,28131193.957309008
3880,31689707.636081085
1239,8910330.289340056
2045,8731903.15386075
2759,20886413.371335547
1635,16227599.011492228
1373,14810522.910781607
2800,25326875.980809905
1251,11483175.867257405
1353,15735622.437794138
4232,33870388.33373438
2783,26519566.748403084
1829,14478252.668839362
977,6172576.073366713
3226,23790861.058732435
3591,26534510.73648114
4730,40817204.08640745
1769,12923763.286708765
4681,35348913.46489517
3103,27965205.65898408
1969,17735911.1714167
877,10903775.948537406
2180,19977798.533818394
741,4668665.259408064
1419,12580307.249405762
569,5927398.9723090315
4424,33634524.02457799
2586,18374125.077718023
2507,19013835.172646888
1300,17509747.070016243
3279,25993767.717335355
1255,14738600.374160143
2495,19554018.471560605
1821,18234516.458619975
2830,26347474.96667354
609,8729771.523856135
1516,14291482.026026875
4365,40052099.73634345
524,6327061.908058183
3338,32844589.18802084
1237,6036240.590434699
679,7476858.743000455
731,7697970.7776069995
2417,17526440.462583527
842,9474752.665291214
3123,21513751.973270144
954,6669447.022719014
4884,34074736.56130657
2776,27883879.550888445
1095,9065351.518164113
4374,42492652.10444894
4997,43384849.77955849
3169,27696294.640053075
2635,20321316.917157
4464,33572949.89293774
2065,19088914.721690837
808,7249457.972181054
842,3718189.053544097
935,3929424.7504750444
676,3531888.8125692485
638,11566901.675798692
693,13183833.754033912
3757,31670967.44192673
3735,31326828.388723865
1442,11527038.884511437
4379,33228543.955071494
3613,34029537.17282173
3462,34316729.18169141
1453,9943742.742482144
1802,15167484.864726195
3881,30698401.097869497
3380,26779282.775405068
2687,26053724.766289584
1045,5424115.363901635
2427,21815409.072808918
4652,40400714.32191759
504,4605546.479194542
3981,35527203.48096032
3753,31466955.52161235
1862,19547389.763468336
2320,14993384.085222438
3163,25257674.216979392
3438,28288560.571446896
1773,7167377.846585953
3826,28350141.799264394
4159,31831202.236923642
3445,31404617.984470047
3518,27023469.9610562
1631,11593763.038082069
3136,28540457.341968574
3529,24378268.062629838
3519,22938267.797669284
4877,38931223.09979196
3659,25928879.695764933
753,2794962.116021053
828,9344301.375063946
3091,28355921.513737738
3330,30006592.647556376
3544,32678329.9809217
1920,20083402.960044406
3901,25822229.37351921
3392,29487235.8797884
1154,8643175.401291324
1259,8829727.262028692
2298,21065243.896626115
3471,23577113.560312744
3926,27154674.182383038
754,8932718.232245151
4323,37047358.052532695
2376,20418197.96761453
3257,24416259.78583059
3124,28223488.903746374
4621,40008908.67618143
3504,29287913.545142364
4234,31340036.876190685
1744,13676254.96281148
1508,15577501.032573327
4814,43493573.66840536
2010,16100390.189871015
2459,19922981.09657521
3008,24578932.675924815
3182,27280679.026732918
1489,11168798.099819928
4784,30589444.82728525
754,10610307.00494129
4663,43688066.841487646
4952,38778800.42118286
755,3840039.893243678
1507,12644698.432829333
2255,18477488.348813683
3071,28554555.73148888
4408,36427918.324935116
3497,26598131.50888645
3303,23468771.648325853
4265,37716902.55445902
4879,41830533.72349275
3883,35245679.63427546
598,2879439.7478367183
696,12083310.698584989
3029,20000916.47882829
1377,14144803.06420444
2368,14215251.698409295
3165,23949005.854904596
1888,20787068.791343875
2915,26814092.76342797
1069,7913338.753538454
3137,24539488.871534936
1565,13821866.332506327
921,9910422.972282168
3383,31818738.148048088
1704,13263297.986174516
1044,4516644.809538395
4666,38798905.88114628
4139,32739707.487474814
1723,10882098.885754658
3672,31269006.745938383
1267,10496658.737721633
4157,35175536.61940938
1154,7548667.399438459
2946,26028131.590976495
720,2808705.409735065
4166,31844805.83091025
4777,38487257.30673817
4902,45441455.24487914
3069,27906476.10564548
1513,16335577.512803368
2551,25659231.10002943
4485,47688496.407432616
4810,39604767.202675305
3519,33413202.769389566
4181,37485905.76320583
1943,19532097.50992258
4696,43890718.854120545
3510,27822060.90704657
1072,8079944.928190862
1832,16615296.540445585
4502,36467900.684234336
3634,31027502.55899452
4586,42376246.35515904
725,5365559.831881165
4700,37685963.11221881
2497,21498933.01057973
1271,10483044.721924493
933,2721982.5159595385
3599,28051617.07190318
3229,28894119.726712514
3907,36568640.25279794
3640,26656144.29738682
1365,8442152.802307472
3293,27434701.408152007
3411,22061214.80536649
2915,22985089.39103862
750,1791873.82134582
4257,39163183.89952739
1418,10036006.536948787
1673,19342502.55901708
3703,33964564.06037502
932,6517048.10690775
1335,8464121.089461768
2746,22387362.752497233
2762,22782060.12722539
1397,13214440.831857204
4132,31726370.131409463
4315,37759184.62056661
746,7763984.164999698
2929,23410814.52985241
1490,10783878.03374593
3810,30925345.050703943
1426,9957296.244517293
3938,32679316.084650762
3107,26112316.05565973
1574,14377121.850429019
4522,42474727.22901556
4299,34994665.840901285
3651,33221793.60137345
3938,33192762.190927103
3991,32213267.094304636
1206,10290522.190146297
3564,29335520.77249585
1253,11863303.12318465
1087,6818037.70434309
1834,11275978.849665098
2347,21738892.180422828
4434,39166371.49774378
4426,38644907.49840841
3817,32000916.05566942
4520,39461673.88235986
3655,32380287.078051426
4802,41778888.07686486
2698,20005377.53597366
664,3021144.608536107
2498,19818292.259743188
3557,29403847.671372034
2584,20946236.618603133
4928,34793929.00598637
902,13381077.836405426
913,7481862.033342794
544,5870113.249730861
4657,41989646.972289175
2967,17701083.191436384
1367,10400918.384264864
518,3982648.1792605864
864,6903069.863648066
4332,35135540.22785814
1079,13973404.395334534
1045,11380376.627181668
4650,41074105.80588649
3539,29453360.815432772
4637,33897880.8615635
4544,31112908.89456198
4826,35019776.83030511
952,9695297.112498058
4461,36783309.138092905
1881,15417509.057331977
1967,15630269.27977959
3238,32939164.72632824
1716,12259289.227070577
1380,14823458.368348178
4314,35517738.80806298
3649,30009181.46464201
584,9201912.645850232
4644,42539591.14807434
1668,13625351.629345486
4664,40709608.15772643
3629,31123674.08645016
4145,34182311.41642974
3026,25820764.82797108
3367,25871973.555465486
4016,32209701.820006747
3867,30194094.16074188
2694,25256130.14928676
4055,33154396.653376814
945,4666857.9261548845
4126,31837688.330510736
4516,27530206.064363465
4375,34516522.19435355
3837,31808935.19529145
761,6679592.453399079
2348,25724463.054594178
4525,38924718.12274511
2766,24719355.559267454
591,798192.8962891661
4722,37682073.8376486
4675,36940011.57802891
3809,29113756.403575975
1482,10456358.00345996
3943,27119631.13817513
3033,21436440.385956015
1193,13166280.208294846
4620,37531255.924020454
655,4720792.745176998
4088,33687765.99604188
2312,22998172.036103453
4614,37924631.56262736
1907,17877122.392793115
1716,12188185.472835228
1910,14424110.147759844
3997,34037930.65519103
4872,45653961.12501134
1051,13697324.578544622
3894,33900484.20836842
1676,14862301.280482154
4832,43859208.066881515
1497,15360034.969135372
4576,30727013.932888016
3231,23686207.45643433
4437,37510420.976073794
4552,32055097.30334708
872,5283232.985729413
2748,20884555.169026077
1348,11015502.281262498
3056,24585709.375321377
2822,22708638.71849952
1003,11499922.551720941
3689,29716328.4036484
1202,9462109.603786299
4125,29952483.68756945
814,10585038.605957475
2876,21993507.458157543
1540,10058909.015996175
4878,40663271.72460692
3490,26619176.212850813
757,5478141.780617118
1074,10367380.522957208
2052,16436552.12866133
1257,17990828.125901904
3310,27255514.370042406
1604,15685514.656637665
3959,26846917.857521165
4492,34354052.60425581
703,3363258.9152498627
3275,24336860.830092113
2832,24902613.981511008
2492,24042695.20333223
2743,23977891.513903532
806,6768066.129301073
2187,16603434.883862741
4609,41212799.25355953
2360,26093766.362464584
2461,21093167.11435107
1222,13594089.192214716
1279,12262111.049386425
1028,11490514.719396768
843,4250359.665669651
4286,33823591.15957363
4182,35642408.320136756
708,10301472.832245938
3906,29793597.335086975
1811,9388102.66687962
2799,21897206.72067625
3836,34718392.14304475
2447,15824313.226736452
1419,8821240.323605247
2544,21819755.758153338
918,7996086.241715608
2249,20775399.44465968
3342,24049819.718663264
1599,12817064.217493996
3892,35721556.20720929
3272,23597311.41908965
2980,29270736.888930805
2045,14157749.042333934
1570,16108144.732132833
2350,18681124.469360624
4698,35149275.22708307
3439,27021302.858542204
2403,21858787.56453698
1178,10403438.015295528
1488,16259408.234330032
2975,29107220.182804644
2107,14306908.00404645
3369,24183192.565268964
2002,13101618.679137476
2289,16614411.711855942
1925,19712643.562459234
2940,26201085.852000207
2542,19700917.281232703
1778,15190692.228131497
3094,29964916.515497815
2936,30212032.55293736
4303,36202153.00032841
2705,14662156.447857805
1527,14107861.28427992
4039,36116244.38862404
3983,33537896.947568227
2741,25107544.75620435
3265,28191196.123381153
1673,10680063.747554405
3730,28181284.699909613
3850,30836543.43860953
903,11420244.334715055
3225,24502347.795038138
3882,33423707.89950294
4663,39215077.78176359
587,10454591.795237392
1658,14138960.665611757
4773,33919724.74517123
3357,29796611.394690335
1881,22462165.634902015
2564,23649150.034599368
2874,21629015.224568777
817,4290162.3624631055
2002,14157093.499477785
2542,27345935.64114614
2522,20194017.67843569
618,3956069.8185159173
1209,10196690.0676183
4057,32505278.854182895
4640,42822951.07936251
4909,37228567.52695109
3750,34541929.69498134
917,8702276.289353253
3103,29445079.540283058
4354,40579857.131202154
1601,14062392.901739284
4921,39422809.1712025
3928,32622536.49559531
2761,22803687.983984604
4669,33381100.632783815
4134,38729441.12135522
1008,9801355.05214357
2879,20542702.44484684
3664,24109430.039404772
1187,3513202.3012089534
1792,17647441.31006251
4405,34383067.29477871
3575,28235297.9956846
3709,32136462.79361647
824,6043855.531694665
2493,22583573.24816054
4476,37093792.19313014
3270,26907611.250552293
4872,35257748.78292553
3083,23204805.93068342
4057,35263606.0967606
4087,31649934.555407844
651,9824108.667353472
1454,19671203.971980195
4854,41801155.902523965
2871,28446495.674095474
1691,16690181.714888204
1187,8893213.931983436
809,8072454.994422274
2002,23055962.838292327
3627,28445338.77211765
3867,28818018.10336578
3895,28757416.73065419
1313,10851411.848499352
1345,8749583.734070813
1664,19334058.28231171
2267,19785069.603773862
854,10747178.929281509
2372,19080003.828260906
2524,17771408.406731647
3317,23607818.163700167
4332,32932024.773465637
4775,40242576.48208013
565,7079648.795303843
4766,40937588.219176054
4590,33253981.948654428
3021,25166772.44230519
3081,22569814.50732282
1890,17324397.902753584
1630,15477231.166492356
2986,21371480.858920686
1334,14576088.821589043
726,13824468.824584734
4015,35624507.21275399
2943,24055497.881346688
1227,9866362.890370773
4186,33860808.054982476
4122,31693798.459668968
1536,14045194.619956149
2332,16240612.226537086
3240,21250906.6402063
992,9594805.045440646
2048,17447699.197327465
1643,12430489.950688418
4457,32807910.1321689
3907,33125232.080742106
1139,7141474.884288648
672,5959166.947403996
4854,45126915.56237933
4459,38625569.308726154
1016,5020602.0128549095
1022,5351445.286963092
2417,20791457.278231278
3386,23962037.953822937
2664,16306823.55629714
2429,22029116.03389017
4445,37522807.2629626
2709,24023794.993837398
4283,36053105.54545371
3090,25524067.864982814
4576,35621434.35697002
1593,15292404.898263829
4380,40629650.46521545
2994,23448312.977669638
3079,22569779.369375106
2988,21498641.74176628
3285,24679809.299998846
3258,27671795.57342822
2074,11173117.309339318
2873,25301511.27329698
4490,38851739.03088847
1593,8349764.92017136
1689,11574458.691167202
3189,26751042.93953624
4595,37329590.80908681
2375,21558912.404805772
3906,31824589.5354509
2287,23090308.580324896
4432,35492491.802868955
2107,14906901.03984074
4248,31793674.40121473
548,7590405.527845067
4361,35976863.42587075
2680,24341147.702175584
3546,31207367.497687552
3333,21604450.44170848
1897,12755752.196929669
4326,32546124.878488537
1331,9199807.434524713
3197,25314934.020270422
3235,29877448.783851556
581,9243447.057151698
586,4809327.50939101
2563,20750157.416025765
1321,9451698.82782814
662,6563563.091715633
4239,35519562.64820181
2897,26595426.665006794
2432,22851316.17794766
3228,19917645.846792847
4035,32822365.157088645
3946,36720300.092670314
3290,26005655.218085248
3207,30073725.455089867
4433,35544644.59996644
3885,32604770.40232589
1422,8965327.922802553
2675,19102254.327300455
2082,19832474.716789044
1064,12157454.840601996
3758,31143286.71860148
3097,22093427.272084825
3000,25131413.669821642
1487,16667704.882022833
4136,39316599.41015528
723,5833876.2030222565
850,2820396.44922663
2428,22945090.798664335
848,6956110.710634997
4777,42045121.92468312
1517,13979216.675052859
2726,20157667.68271445
4624,38166733.08197814
2919,28277015.101162985
2393,19696538.03309827
3540,26215584.509663865
2568,16778067.49421003
1625,11683505.939406045
3617,28705591.214687053
4661,40747997.40775178
4542,33973452.19656514
4933,45125255.65718891
2670,18348543.367476426
946,15562458.27767051
3158,31440555.670263413
3862,32319498.748163976
3218,21800919.395691223
3983,32697727.814052735
3444,27391477.12604048
4876,36185138.330847226
1095,10633028.881742327
2486,18417070.610433068
3250,24855282.458851255
1574,12980964.096282933
4469,35027273.51388289
4805,45674469.85133009
4721,37160856.10100135
4080,34962643.03418343
3507,29492567.476631086
1469,13810250.675776616
1080,10927265.210832795
3324,30236084.459818367
4501,37807338.226855926
1711,15362687.38465896
729,7007431.2054044185
4784,38856746.44298007
3685,27744606.355017968
1001,8825394.867739396
2632,22779802.1257966
548,6590493.669718385
4066,34068854.31897071
3555,28741134.9596544
1188,10332760.290412307
886,6427060.546347624
1469,13691671.973019691
3960,32016615.316257633
1505,13581682.81459241
3552,32418409.13014766
3917,30207923.27107274
2802,25206086.142731454
2783,23363630.539656118
2107,23919580.798742265
4866,39279099.01460947
622,8061493.749453199
1780,15286060.35526793
4227,30651086.47505952
758,5501932.713442567
1447,15217413.316285182
1024,7893916.618175181
1387,5435231.055481158
707,6561790.949226488
3882,28778991.10614697
3294,27747453.197790157
648,10837441.244194057
937,10804371.932408711
2702,27225967.486219935
4249,33307463.935666524
3661,29858500.999093402
4401,33074691.409576662
4953,38571869.66487972
3745,28179345.50314146
3323,23663831.09236413
3770,35257569.87599402
985,2604119.1149207335
699,10702416.714413669
4966,44466176.77476069
2482,22355378.026436992
1971,13424478.195717793
4843,34997474.66567038
2811,21842788.956209306
3873,33859361.36901977
2578,21633190.912322022
2021,14037501.514715727
1104,13276614.35396947
4348,40837149.98454461
3842,31056202.507956207
1917,16664010.710792037
4375,31473453.949111514
3433,27220839.851672895
1048,10915319.93400298
1338,12768569.620773332
4315,33996996.45237088
1347,10953269.47457066
4754,37690367.790366344
4968,39908605.85884485
2772,24445704.40755438
3820,25657388.743892632
3058,25240951.455576234
4811,40537926.606877066
2496,19256545.943076767
4173,32946000.868105356
2064,16160816.677553652
4518,35706850.07938852
2340,19737651.33355112
3791,31715008.27404135
3387,21794457.051298603
1226,12766641.114416864
1744,14082003.346959122
3960,38478889.5264056
4218,31169054.383303873
1565,10918056.473737005
782,6647273.064250217
1581,14887676.349058107
4385,30227698.017885495
3381,25560699.84365168
3084,27445960.48172153
3470,25915628.160702374
1652,18326079.129128683
3997,31614349.203452785
1447,9877880.39597431
2217,20566732.77336856
566,10350852.16047334
1136,11337188.77623169
813,11285288.197669774
3897,37205906.02191089
1064,6746423.960217265
2101,20623174.00217876
1325,7029588.472089358
4170,35634707.595359154
1525,12986046.328455543
2751,26736850.609126188
1304,14948754.538954522
2951,26317350.051603206
1891,17023283.698448457
1735,16405106.030165853
4532,37441312.61412964
3780,31056412.77667629
4049,37719734.516757324
4700,43288669.45903453
4641,37703022.40689338
1854,16544909.209032234
2336,19932965.674318325
3392,23300904.674188416
2996,23958693.26716398
3083,30463112.60314431
3058,23214672.37490457
4118,40287630.386903904
2059,20988378.928768147
2007,18260494.451638628
4571,39250529.85792926
2563,18752379.910994925
4142,33340313.743325893
2500,25324197.330965277
1794,13508411.9824794
4565,40703395.2708464
3252,22884879.431688827
2253,15429524.762574967
4710,44384153.996758945
2103,17788488.56127903
1822,13960500.339016978
2941,28616222.480996888
1598,17521464.664890513
2005,19802263.695771717
1626,12298306.241763683
796,6507247.272186973
3549,30326886.47117419
2725,24883198.026441712
4854,38306549.277944386
4287,35808211.33186209
2596,22570173.90239222
4109,37732309.26912576
2708,24927397.486805357
675,1879595.0654941276
3002,24375109.07454384
4499,34205649.89004975
2167,20040262.26183502
4871,42737460.05151513
3045,25664667.956830733
1175,9595618.90811645
2323,19791509.37910795
1856,16474757.820433263
3572,27655701.04484928
3759,27415866.697691903
1046,3217582.87233394
2583,25465546.39521665
2540,22809098.730904896
2252,20103533.034032516
2115,21715596.663858846
2349,16025595.97092275
3142,20929107.372434944
2100,18952695.749557268
3896,33047814.12633029
4902,35022079.57098174
4105,34918563.18642142
4299,34191331.1428013
1118,7522735.820787255
1632,13055728.875152761
2615,14595414.287244588
2839,21937877.329824187
3239,24799116.291547388
4776,40879307.34080842
1987,16421309.590467341
2057,19372606.621036645
2613,14255381.965789959
1544,10834705.332286855
2931,26115991.15471433
2082,16729406.108280534
1808,18000381.598923102
1101,4394191.27183233
2120,20153332.519068424
600,3882582.346644879
4771,36959408.74685198
737,9869141.140782356
4525,40685703.38986952
3418,31448099.088261846
3042,31451925.7751448
2503,24824410.825330004
2037,14909690.248803103
1254,11456914.384406952
3868,30863406.274545193
2758,29151269.579847198
4165,37634609.86409613
4735,38313359.589859635
1040,11953729.393259006
769,3455404.6010606857
3960,33430785.21293642
3908,29450232.522190746
1005,3974223.398117779
1629,16385608.7125895
2579,24357773.285562653
3645,31531637.90863596
3742,30387098.878300495
861,4088924.0354607715
4220,31275959.387848258
1956,13740160.060783608
4567,36834980.12482523
4695,41788536.20081475
2181,21629212.633235957
1552,8470297.20116137
3009,22992299.989849158
1181,8287516.941284483
4432,28861250.614496265
2629,23730362.840849724
4516,36389520.52704444
3802,31076572.390107073
1219,14789613.175126914
574,5856927.039853072
1793,14051808.605101947
2422,22092232.86301483
4657,41432615.53972669
819,8441402.698147677
2649,24259568.796094447
1952,16179297.050771346
2055,17194426.760921013
4707,38995062.13089649
3532,26996637.148702014
960,6975815.156891198
1386,16221638.925455421
4033,39287868.287586965
4436,41264593.742114544
1615,9950227.929694358
1575,9340427.396245081
4376,32435871.704164516
2424,20795162.325638443
1426,3981826.2229270097
2781,21481595.3001415
1555,17661297.86748334
1041,12275316.492186723
2661,20760716.04827948
2751,21707933.676488087
1552,15117725.120420713
3244,29757806.265732598
4369,34352588.19678072
4981,40144901.934841685
4657,36557970.81443993
2060,13485951.675874358
4262,34436768.75593456
1664,13424217.379373709
3222,22994067.652034033
2858,25802242.812913187
970,10209962.035877667
1916,18415159.10253523
1968,14439788.933606897
1308,5513272.965656058
671,7769993.388936947
4626,36015661.856110856
4642,35463995.600262895
4725,35028840.77606967
2899,23366032.415738538
2145,22891981.89115142
557,3939651.4359334563
1629,10762590.867499199
1853,17779800.203090087
1267,11654436.839313852
4395,29802095.896935377
1182,12443038.95925986
3954,39017403.3055048
2508,13262392.21771293
3642,26428881.92793363
2290,10774418.734045181
1977,16590086.737777496
1385,15051158.709834058
4406,36564502.24938884
4992,45111987.09433801
2038,19795650.870990403
2573,26690441.97050653
812,10976632.304321285
1310,10271170.794171486
2735,23080179.36870452
3357,25249969.253557082
3263,26412031.493395854
2532,21441495.01605436
2007,16801278.029393937
3070,29586760.57891083
2394,19161495.812479507
3205,23843740.75932793
1096,7159166.895290438
2647,24141300.814867593
1115,5710584.775733001
1447,11972441.489547249
4873,43966500.736366265
4264,35989795.337222494
2513,20880183.832643736
4197,34468268.78908471
990,5831306.223318482
4850,37228595.86869638
2928,23838454.98125627
1041,10141819.09032788
1787,18140450.035406332
2133,18341681.851514306
3426,32466322.527262744
1852,20631594.045628577
4876,42393801.63744661
1798,19058944.224167652
4467,33763859.43583572
4923,36936403.195935816
2758,24617920.1288705
2573,17560370.56439886
1201,9736884.4679522
2419,22665575.715989217
2960,28920118.774055623
4762,38333353.049135804
4764,37162167.11407693
4824,40553384.86453475
866,4707369.669428332
1027,8696164.05511972
4218,34719999.85517116
4109,33788048.02198762
4435,36745510.42145365
2653,19720455.433283575
2408,18083021.02214475
3512,26854651.21690214
4728,33963716.98241483
3522,30201490.96553832
3983,35547972.355076015
3220,29148930.248560607
2270,18372509.418617737
4613,35470984.281608336
2277,21448943.927088067
4712,40612769.06712365
1297,12028261.927308887
3715,35952933.757269815
4288,35224723.43589881
3476,28037330.048225332
4237,33696548.0067762
2211,14005366.880557578
1252,13000019.892426878
2969,24435543.89852667
4469,38281793.724070385
1892,21661634.00627372
3105,24667744.69028615
1177,3401973.8496253463
605,7283211.108532317
3787,31796578.169678025
2446,18370638.37208604
1595,14951799.006864494
2282,21614288.960313126
3757,28216170.26936536
2497,20072004.415789854
2061,21918261.189546783
4506,34883133.4263119
2175,18600009.266241357
1622,6102766.501868346
4481,32402463.496756114
1801,15880552.491998399
1443,16227963.428756803
1445,8473910.953996997
1100,10023692.18618149
3200,25472846.27283885
1917,19195264.16497748
2024,13538590.084032245
4266,36418232.94510245
750,5038927.939011229
2044,18021114.074479423
578,5830793.1569254175
3623,29228662.777572148
1397,13609435.538808154
725,6930958.202908884
1709,14273581.093769915
2678,21354750.39793177
3179,26664795.16923601
3385,28746130.644438215
3306,24480573.759758137
1203,9575586.28624787
3044,22186442.16610648
2870,23840463.731657643
3781,29471003.385437917
828,9936349.443943767
4728,40842180.93327007
620,3191754.309306891
1464,12705077.963804575
4724,40707549.73774509
4175,33874075.03950791
2576,19423347.425583366
832,4378789.415865613
3868,34506802.68473509
1816,18236139.444854908
1696,13944157.203377854
3670,32658412.753580034
1929,7536368.410343977
855,11822663.952127708
4734,38401165.584168464
2026,17633329.68239847
4397,35214446.82900209
528,9411122.445602518
1513,9921805.128133398
3202,31039380.979820505
1327,12804812.762835333
4946,42435992.647754475
2524,20204386.310013253
798,3459342.406310888
2365,22711532.296608306
4516,38062225.05356799
2611,25972870.37492645
1254,10450671.039352905
1269,9894305.863303255
4235,39044264.709920906
1738,20639682.49349233
2713,22732041.52909719
2406,17989727.50942868
2064,19943592.288368646
1718,13981938.301487977
1857,17653788.476202395
4339,34934172.07686374
1960,21372042.05463544
4485,34781531.4848479
1916,17769588.98756588
3353,26357894.089303628
1928,15579480.315737693
4878,38787833.03571827
4974,43007824.198280245
4793,42099089.34480161
3562,31169216.486797113
3571,29244049.59976419
1055,9860540.093004778
855,10533164.705378275
2063,20291934.761622816
4000,24929173.105939396
1540,12503333.484681912
3186,25815223.62568154
4974,42799757.69237848
3053,25223687.54686776
2279,21389550.142847862
575,2364017.6869083433
4826,40388163.54638234
3819,34252616.96035148
2849,19368851.392045557
3273,34724930.40462671
2762,26668657.798599556
3729,30836059.907396927
2616,19442775.678283695
892,7610744.5491788825
1608,14115407.078834021
4862,41217987.670436144
1110,14381982.548380092
3275,25771704.591671463
4498,38672129.51271769
1172,6498712.512199661
4177,33175197.857024197
530,6370150.543608076
1900,18273787.473026413
4571,35308302.57000614
1116,8605624.911964258
3286,31669669.906750634
1370,15445725.858884135
4696,39193371.651157096
4104,27122064.540337853
1912,23829397.643070027
3239,26852205.315028265
1440,11582298.82593602
840,6152920.222437656
3408,29393101.111597326
4633,39223747.76751279
1159,13123883.619379537
2533,18485813.50695296
2060,16542515.365576217
3957,38747637.16967261
2156,18921771.899749976
3475,28282426.88001976
1549,10567146.703248896
953,10141802.917462256
2204,21725054.65112733
3284,29895762.93742942
1318,10767597.40917325
512,6179756.850090609
4479,41846978.30994584
1420,15572646.876514407
2918,21991511.77342004
1814,7873984.806135591
4177,35306317.52125271
2517,23531704.3802453
1728,11556326.524380213
2934,24445631.433631666
3368,27152902.802380763
3015,25432858.966696598
1938,14869911.138640862
4664,42183532.99288398
4043,33787906.64189829
3675,27762949.34150575
2281,22000386.46078116
2763,19311437.212024886
2469,24605483.132605396
711,9661178.272667691
1007,13225325.885962358
831,7173260.882675152
1050,7911658.06064987
1441,12780065.28279928
1227,10562689.640933406
3362,25937791.143309463
3743,29283130.057623073
1148,9084881.458200607
3237,23385988.94068041
3247,29009889.868798003
1509,12915108.58728698
2050,16474864.592299059
1303,8092937.5171749685
4580,34158881.0669976
4809,45279742.15216724
4764,37230227.61141529
3901,34039585.182627976
4741,39415903.40970053
3661,21962434.616675694
4655,43617352.46941578
1027,11268251.936328348
3798,29080989.537085574
1523,13098900.486711213
4234,31424449.897789
932,13934661.435383402
1676,11685026.875275606
900,6630748.0099160215
2604,19643316.765557226
3550,29641138.20062751
2733,26974949.50041794
2945,29928123.34728547
3335,26483011.56733311
3013,26238776.946953766
2273,19429716.23781222
1596,10823172.206667826
1428,19691666.723787833
2451,24696278.686888766
2473,21351347.549133103
2054,22177628.280496962
3278,30860320.138153415
4921,40613584.02324527
1494,13929890.815983979
1112,14432378.427129962
3093,22905539.25661096
1095,14781072.091964018
1341,11052662.317944651
4939,45086030.2285427
1358,11848320.20761154
944,9564818.667418916
2288,19201074.930282623
4817,37940469.131566316
3954,31821835.305567063
4452,40753334.2095057
1530,6297508.051982595
1795,11643102.165585488
2563,19327584.871925693
1947,13340965.622691937
2545,25889938.831246465
3350,31573030.93355961
4324,37368095.428183846
2568,19630587.797567394
4261,39093155.60038241
2775,18435610.22201337
2308,25889947.920443807
1811,13434110.608467348
4555,36653894.33447569
2951,23319968.44851586
1589,10492677.75770397
2172,24151339.371810757
4175,36766683.89235346
4854,43478411.62623936
2503,17352992.18381769
4698,39126813.481012
1624,15555086.06799421
1721,15580269.57064953
3360,24398879.646796
2773,26410500.063391913
3490,29284650.248355463
3010,22215107.893070992
736,1322248.3813420096
1644,15971999.540469639
3753,38375367.2023945
4282,32210237.179961156
1266,11639341.151238898
3181,29779491.83727473
3165,22511043.201696098
2259,17632129.692744926
3991,30347523.662215795
3315,30474030.08447364
4013,37080567.70806218
995,9437108.794195205
3680,27914797.793017697
4430,35111627.18621646
2572,19684504.45725974
837,4764193.41513098
4449,36285885.39754461
3608,31588479.453385588
2317,21006772.33328556
636,6063302.906291468
3055,25611161.51047609
4915,40075347.61473066
1415,8428365.382501181
4038,33784404.69094862
2600,20049123.24363605
3407,24213970.342521686
3414,29424116.70134675
2482,19020809.890744366
4370,36643261.76377651
4067,36078913.44520828
1498,10133283.836564304
2647,22452363.846218914
895,2728731.3548089163
4098,38381599.27182783
1438,8426800.509333653
2136,16543541.012807876
3224,30807139.711291872
3010,24376431.221757043
2149,14599806.9410991
4190,36659219.696859606
3935,34551597.386453554
3701,28708440.981904298
4679,36857220.4376588
4866,38621773.08814574
2791,22706928.117941905
4983,35185086.76923458
713,6159728.416645702
3737,36247742.59454945
4362,33208090.09828989
558,3713519.2195907086
3430,24889147.01041081
3471,30604485.779186063
2027,20825592.074427128
622,9516953.517532874
4219,31007968.233319018
1936,17987375.19149088
1662,18597250.102642708
3800,32928989.32313037
3845,33195229.05003133
2986,23473072.264094524
1061,10148329.47138099
4481,40556954.539119214
2237,19880626.905286293
1404,8487175.731910821
4054,32063874.977142084
4990,44547838.61666698
2226,19782229.961053286
3423,28741186.23472923
4031,31585953.4002599
4406,39813797.541603304
1434,17459237.79346677
574,9381567.3690541
794,11679774.864336118
520,4083881.2777015
3742,29435492.707878288
1538,12834964.479502441
1609,13987719.725928761
4271,39461059.340375766
871,11465660.21840525
1674,16007408.161763484
1664,10018439.702459339
1592,8671934.466209374
1783,15985388.23440511
2511,23728789.61680215
1345,11521298.853041587
2491,26672713.514935214
1020,5912676.8686586935
4966,37102944.151513204
4696,36575157.07657704
742,4829108.360426293
3300,28978857.60604594
3396,26902864.444469493
3102,21172478.616164014
2773,25858735.37008535
2041,12048144.221783612
3265,23906345.330967873
2614,17043880.287768394
4991,41549363.83121262
3583,30222143.136453636
2357,25605362.96304906
1269,13893479.968436651
1922,20700938.550026603
906,9113828.95389548
3472,25845204.536728308
2372,20360322.80598049
3194,28329263.02216192
2769,25263422.146754723
1681,13030763.567674974
1939,17978359.421347197
3553,26624916.087476205
3833,28534167.217667848
3397,24828645.865843546
3403,28297877.965670392
728,3290490.9347710893
4459,35397766.830386974
2393,22852749.654241875
1813,12416610.965765085
1570,12047063.899487048
1474,13006893.83032851
2238,19644660.7045968
3785,29782128.22758332
1257,13416580.20620547
3595,31531356.902354173
820,10979569.813085109
2821,23323194.22695882
1055,7901543.57163097
1886,14040103.933963634
3547,30297082.55378809
2927,23284532.65156618
2504,19324490.66695763
2430,19095138.207264032
2663,20252928.544627246
4367,36533063.338288195
2926,20170250.452367816
4293,36253048.87742489
3013,27133646.28120885
4303,33681362.585468106
2827,29382110.818819642
1117,9988863.93293056
2665,17635971.050700333
3808,30620271.28098999
1492,13123968.43480739
1877,17362902.66671064
4881,39275708.42766746
3674,27357289.172886826
1805,12155058.145663152
3578,27663202.144454986
3186,24814673.912443712
3483,25459077.505302228
3023,22985560.516688902
4082,35634375.573318064
1985,21825237.82308346
2600,24066385.14161289
4215,38637583.258560434
2501,23930355.404701095
1887,18595390.985195033
3683,29450611.210828014
1530,13662732.635160841
2265,17858141.972631935
1720,14102678.51299912
4306,35652501.30115976
2914,26452698.454737082
4845,41029970.14454537
2118,17458512.21095693
1763,15270616.222675
1371,13268391.022580579
1334,13674183.314173505
3322,23019014.51022839
1418,9111833.10830319
2224,22113931.601818025
2913,24121391.290206827
1813,14231770.219899064
4998,40193501.581221886
2605,21048884.083270337
3068,27217813.34457312
1638,10779950.8180577
709,6746333.239490284
1564,14250353.188351212
2720,23948803.749696508
733,7532591.98863088
1292,12883718.690942084
3610,28161911.546825062
2666,19502591.803025134
834,15043013.32975154
1859,14968205.94627729
1714,14158636.588036295
4919,42385520.29315365
783,12052267.876582723
712,5062415.649195912
2158,15267554.195431422
4578,33897539.94762517
1917,21115318.664508775
2886,20973679.040616896
2294,19269332.1904533
604,2900145.503871093
4393,31798932.246125087
4345,34882873.94071894
4190,31706640.000976518
3792,29261114.72373006
878,14042315.29225221
3793,32618688.312517207
3829,34426408.55866197
3938,34977978.68854776
724,6489417.230762926
1237,9576844.921867128
735,7626803.83558335
4778,39729352.30979748
1211,8981583.748504076
2388,20493543.49140058
1759,12953010.879911125
1248,10469626.208077481
4486,35882149.576447986
4051,29601382.22218266
1009,2018525.3606634904
2323,16766810.250180902
3441,33940313.9937589
4732,37926954.65388982
2634,24399904.482689213
2277,12842664.570719926
1722,11751141.796107017
4167,30272531.14791295
2277,18609099.969738655
1804,22697866.44160573
1201,11988716.829683755
3489,33998837.59983426
651,5444689.816943009
1825,19694608.121565215
1801,21627770.120048672
4222,34447892.80076863
2211,17070205.866317905
1306,7494567.189029542
4830,38712819.22426909
3222,27021690.025602374
1825,21692860.852047447
4633,34179078.07771174
1659,14450985.681090934
3369,22509075.635831147
1742,13655711.513484295
847,8710186.072236056
2331,21185749.458065674
2069,19319069.238925766
4435,37672212.098660536
2418,22085265.82028872
3732,30993217.38700799
4258,31920401.082033087
2855,18285029.10895983
1897,14535936.53478835
3280,26836153.70081031
2324,23353795.391526442
2991,24626194.97453144
4560,36890292.897349924
904,9388581.38052534
2221,17957964.037646394
3325,30031625.996840816
4345,41698000.85515164
4710,45252356.5426321
3692,30827121.881733466
564,6522677.094086344
1799,20128568.36112045
1915,15870113.931311186
4093,35781576.42577254
1468,9338519.610942524
868,7011482.555175006
732,10324343.84993592
2742,20781413.09863713
3583,29279846.463810965
1420,7637371.063193642
1188,16521304.88352891
4772,42965084.20945071
1969,17316298.698458243
4759,40594538.61624698
4122,35163694.32083011
2600,25952935.259092357
2765,21563599.872885883
4289,37508802.85978469
1323,14816249.49655652
3931,36093977.91142937
4651,31429887.34850491
4713,36906176.56520457
1297,8318488.136094288
1279,11680764.856712058
3350,21751909.341457184
3392,21999131.32716319
2393,26654284.97562878
3806,33301068.16479002
3402,28579027.729596436
4218,35835017.94351695
521,5607022.77124754
2000,19992051.96965458
1342,9838667.423808064
2260,19639844.47822071
4141,34810263.803813145
691,3387426.1246249867
895,11990949.177189156
4826,38270969.780295774
1373,15036265.009426702
3121,26312738.17911444
4835,44580754.49722718
589,2587862.7344354275
2779,19977723.59546865
956,5930913.226987074
2780,23639886.65154312
4949,45216405.18733461
1504,17811280.854495753
844,822094.1986846803
3211,27437121.483667616
2962,15057139.168454932
1616,16313095.381355103
1125,13354508.24468562
4879,39911267.175923444
2479,21083944.732484262
4494,37172916.67882072
2178,16070674.24377626
722,8071117.355964441
1243,10249775.995040229
962,11486875.127868855
2068,17203119.19644231
3847,29192930.680535223
2236,14280405.98740347
4539,31719805.524832863
4451,40545528.0318633
1164,8938631.941422943
1856,16863722.570244946
1514,18461689.675233558
2632,20367587.006106324
3168,24461567.546856537
1554,13035514.742934028
2264,19200298.101259977
4958,46326654.05076754
3369,32649461.782282338
1912,18158626.24772024
1167,14684241.306990605
3870,31425342.962296434
1894,17049493.701565437
598,4879459.066383915
4570,33688894.85226108
921,11979624.225380786
4150,35795096.20196958
4657,38310220.420270994
1632,14048596.452063475
2202,14097355.387280475
4120,31027574.000541855
3690,31528459.510342076
1097,8188661.9981764825
891,7474860.87634753
1575,13286031.805662695
3150,24152593.69294867
2884,21168245.039927848
1309,6634927.10722388
3809,31032445.16296538
4238,36759825.64283085
1659,9341097.573340148
2031,17175856.524700522
3182,27299429.758074682
753,4055258.788812566
4048,37650425.43464427
3685,29322853.892884776
1731,14544220.934630467
2923,23900191.498206064
4075,28287676.732226834
4761,42114256.21505213
2073,14717443.694742288
3408,27554438.45378279
2125,19792983.003833987
4498,41366710.2784336
4383,32824203.15430948
4015,31780549.24321672
3903,36371255.89002146
2458,22055141.637826342
4509,39085514.07715482
3235,23726604.792671498
4991,39790371.410220325
3674,29888493.70285871
901,5634315.727971078
1474,7768291.122978278
723,5252504.323709212
735,10942864.598753288
3998,33161520.396681488
4711,42810872.74072013
3734,31409062.74268856
725,4505876.811236112
2777,27048857.039695166
4777,39852978.422003694
1841,18613516.497282192
4536,34083015.486638285
709,9788268.86884351
4227,38022667.8266326
4428,37293301.43306961
3303,25003233.742570654
1609,13733973.513862165
2526,23041873.441714734
893,8847710.059809601
1343,13547248.214323293
2024,20228737.722958714
1103,7878660.039884236
1081,6182773.137119582
2439,20399383.595883273
632,5066770.5233903965
3338,30061539.23946845
3885,28856504.831023574
4270,38221145.62253304
2768,27204836.328640297
1475,12800914.89278687
2313,19686208.376743913
3763,28801360.49630954
2043,15716017.3030778
3335,26454989.95806295
3238,31232820.203513794
1857,15640387.642567677
4634,34105481.13007998
1816,16294063.02633601
661,8766870.373866828
2409,20195765.892035216
1627,18423640.31918097
4370,38292526.00179769
2158,15116613.810336439
3625,28345701.562810794
2463,21382678.844273828
2789,18313432.28592018
1466,13737070.212411843
1389,6827252.718236055
3561,32558300.36669353
4129,36753821.05437513
3689,32026344.082745213
3248,24956364.906943064
2166,18838608.473840617
3566,27987867.537456054
1941,13435554.167649802
1567,12519770.964685768
4723,40878796.60947628
3423,28515442.578495283
4753,43376129.77240327
4356,38145341.61844082
1326,13584072.441716855
4485,32053220.351663187
2592,20880524.409534164
3679,27238882.7686974
4401,35658991.361128286
2862,21816171.62823053
2724,21659185.140826184
2226,21991488.197121553
2506,22473749.787017502
766,10149343.286944905
1337,6893950.672952043
1186,10661924.089846991
3861,34788114.9441898
856,12366887.744661467
4315,30875734.83092252
1371,10913549.091516491
2473,23886680.02201429
2310,18903165.061565664
4918,37612746.97749083
3141,21478002.464511976
2728,19977895.3960105
3891,27061294.994308814
4678,38599381.37050208
2850,26488930.55733598
4857,36073075.723274186
3239,27685189.22363316
3230,29375813.0883376
1818,15535875.01945495
2035,12447917.115248263
2943,25702634.66398751
2272,19012059.16570659
3709,30202486.054197434
1377,10375488.262718605
3370,28220362.278822124
3700,32129453.72534088
4644,45323944.403007545
4247,35312996.205161616
3336,32221423.48003802
792,8409265.25028063
2151,17909415.01705674
4906,40693642.58313388
1036,5622790.890922472
3186,27405580.812256113
733,887804.8055358827
3152,23628000.926334403
2874,24321529.279401433
2772,26757946.819536533
1466,17019873.190995183
1389,11402360.261077195
4363,36371151.95859132
3900,35153087.408746086
534,1283519.2834212435
4023,34398242.51594651
2263,16620321.397902573
3791,30812524.865969844
2988,23526930.248517055
3200,27906074.38114444
2058,19114911.02202727
2776,25881236.032192193
4506,38092596.485393345
4939,41026961.30990669
1603,19386071.401315805
1919,11778922.789408468
1978,21910829.58038772
4414,35442534.27339481
4242,36648674.759104915
3456,27671020.958219197
1882,13948375.111345122
3074,27045731.578382686
3884,35198384.92584333
2069,18971023.864902217
2394,18525652.639951352
2743,33778050.188447006
2366,23523721.012598757
528,8024026.912621758
1205,9581107.307773387
1520,11284502.635132883
2563,20664482.772471182
1946,19812219.633177448
4164,31340186.988772515
3487,25691388.50563705
4102,35434642.60008305
4185,35437589.33392636
3868,29633059.38632731
4081,30374389.264754325
3262,31409690.980105296
4537,38367013.27589869
1072,5485392.408815902
4588,33823123.39175312
1114,8827464.082648592
4550,39598525.420992896
825,9385026.40632484
4240,38315035.61100365
858,3392950.577617608
4277,35887540.06933897
2871,28245730.996964082
2221,22766405.191428296
1849,16868729.94423806
4196,41612055.52596163
4396,37995855.34924758
4760,42208239.89852403
2096,17901343.75632652
2127,15673074.12146714
3002,22390372.39766376
4308,36008845.64438326
692,5901493.979449379
3174,21086242.990259558
4345,32682619.245222777
3077,24660789.27783772
591,7909838.127811478
4734,38823778.341513775
980,8623807.368498458
3416,25367262.118990052
4935,40549498.2401863
1575,17557303.082337964
3013,25570725.33827567
1298,6862059.255554414
4449,32837431.617086407
1104,11598366.631669458
3479,28159053.57433214
1097,9552259.309689457
2032,15417797.474955728
1013,10614236.636599738
2377,19113246.86026395
4472,36216160.33481418
4343,33190329.82501062
2199,21357073.89442831
1529,12568601.625150736
1216,12551640.99935928
4586,34107225.30789795
1165,15521649.415135823
2708,26496122.115539666
1579,7902606.99102322
727,4410187.574808855
648,7616903.173029655
1569,9592814.031552989
1863,15509217.753510023
2255,20319895.357930392
1019,8597822.26406155
4044,34968516.11061129
2822,21496010.286194354
1602,7083455.373495634
1097,12722345.936495181
3773,34111443.96080759
4549,44902909.926865
3105,19218440.446197055
2688,24756496.328040447
1088,3797953.5857498394
4972,46045479.84502596
1907,17719600.501088027
3890,29264213.45697124
3940,34860667.423804305
2129,16372864.976849193
1494,13853248.298653807
2559,22089882.14862725
3486,34120504.40844189
900,13644777.730259538
3355,26048203.880179483
2724,25966316.853988107
3912,33360520.46671089
556,1209953.7989792647
2375,17911314.85888346
4798,46392438.298798874
4268,36217563.20331396
4797,42375338.73855257
1853,15187867.062899027
2910,22660174.255841974
4811,39569793.52290343
3102,25017687.83426135
3434,23992241.206905205
522,2166023.6276379046
2702,24739653.54323669
1709,13529927.932692768
2796,23445114.64608372
1248,11688769.151491633
1304,12371150.14645616
633,9503737.183946112
4916,37031912.5547944
2937,26206758.170630872
933,10729083.380558943
4171,37325555.33700452
4236,30649247.201755382
4539,38076457.655040994
2598,26932227.839195553
3417,28038638.44253013
752,8466484.105892874
1629,16373186.783755554
3764,28035590.46680522
801,12909474.186999924
2477,22314502.39090671
3263,28662508.44258028
4505,32053917.865968395
3741,33311634.39463994
3557,30975231.02413741
1050,14272573.983166192
2087,16762204.35708694
2322,16613025.011204675
3717,28689283.015677
3996,31453065.294978105
4909,36915460.44560588
4779,43102480.07129798
1212,14679093.588795
2675,21812624.896579836
4572,36397720.233747415
4349,30345554.260042064
2933,26551883.765910815
3801,36368320.32647753
770,5248415.84822133
2294,19001646.422670804
2962,25998874.383947194
4793,44517255.08182972
3894,32751328.665505283
1579,14218289.748079555
3378,28561955.50347941
1103,5548902.47928898
2085,13339628.038510405
3557,27032014.49265538
4485,39918671.72211212
1895,15153928.78836202
4188,32915187.853593122
1099,8150476.187568697
1013,8691029.364581969
1566,18634323.80230492
3386,27634407.842908636
3153,23865107.783875424
1588,13779736.887244899
4885,45345250.817284614
3014,23603525.84319315
4469,33208984.974707164
3784,29769026.19080875
2696,22954291.2090453
4683,40528722.85247602
1289,14332650.736046737
3975,29662848.178113014
3653,27371463.99662279
2164,17342213.221837528
1809,17525479.07409069
1364,8131976.307043234
4363,34082019.268746905
3863,30125768.811764155
4024,36017246.56609311
4286,36872782.281993315
523,7895155.08314976
3503,33040033.922699165
810,6563049.714732759
1731,11285781.535438955
4288,31761109.14645894
3211,21173677.30482348
921,6991699.511001422
2273,18031332.155504785
4068,35906660.220415145
1446,12618742.651529811
1686,13017014.66697218
2334,19324003.821518242
2064,14395079.548855707
2447,23652219.71225386
1808,13106253.311571475
3486,25468206.184192315
886,10541645.90012241
1661,16010492.625091555
3758,25892943.864322964
4433,39029004.90413067
3347,25551222.082717832
1939,15389686.417308241
3942,33097060.323081814
4980,42599874.64785047
555,6776437.5240625795
3824,31442545.007281993
605,4566070.013252268
3701,31844662.08069634
1169,9996836.487967316
4971,46184063.37737777
1242,12695227.029909706
1466,9957753.125028936
807,6023200.145879046
2638,22248576.53177949
3964,36610293.64521136
609,10105315.027336406
4132,32867595.838903308
4935,37679097.35023167
2415,17135507.076381437
4763,39861286.27164734
1056,16359352.92765248
604,7449282.312765307
2547,16594262.419947978
645,3981987.6902619964
3263,25232257.39446526
1373,9517992.439655276
798,6220318.525197339
3738,32012184.583059825
1145,12205943.50796794
3578,32899290.47274993
3011,26660607.71914153
1283,5401549.279013477
870,4788086.23740606
986,8413717.889422426
2537,21737839.567302436
3696,33152255.079628773
1860,16009552.528650317
4787,39448121.761591025
2761,23801392.08941718
3121,25202934.783656396
1456,12908655.419633435
880,11417496.537035253
4149,33940267.30364799
738,6813361.81964715
1605,13739243.78569843
1886,19981321.441373505
3052,22091840.019511674
2749,28319540.684373587
2027,13686854.436453462
2167,16373339.216016723
4632,40290214.80914596
3191,29618950.086421013
4172,30165502.949004535
2496,17689894.41025874
1925,17233528.428415544
3312,34529258.16329139
3747,34714788.34299604
3092,24991708.85110457
1990,9662612.585772732
1724,15036928.203263478
3087,26782890.41093966
3564,28363914.57675159
1332,9103828.028360214
2940,24997495.780964166
2146,15341216.418318117
940,14137345.98242617
2029,21782234.392601453
3465,30693737.89477828
2867,24205131.70735795
3786,29307507.74015932
4831,39585638.448327295
1804,20349891.405621827
3534,31877962.175309885
4188,35115076.83542938
4473,39555923.002502784
1685,16116831.990142485
3762,32284832.619660616
2607,24797689.776974607
2340,21271082.934474275
4820,42135654.410310134
3247,27460161.148903526
4764,38349622.53042969
3633,28419511.363179553
3920,30358071.183587123
1965,11904488.672675403
4609,35136180.15956501
2711,19865439.411253456
3304,25909964.412047893
2043,22030732.631914873
2189,18039314.133338667
2071,18293300.66965293
3779,32051958.93353578
4041,38090742.7385271
3523,27457243.638464127
1318,10876433.759225816
1624,13673401.88467745
1629,17441604.567324303
2202,22648317.081263363
2501,22431751.459081832
4378,39722728.12218564
4872,40508982.989406966
2306,18930190.257149532
3447,32112172.259756867
3709,32134853.025701392
2652,20009408.002277255
4705,41632262.81437305
1044,8726522.106939161
2901,23215529.431827385
2864,26591013.104599137
1789,15045503.57746526
4265,36286875.608120866
2375,21985818.752212398
4928,38075170.76218285
1282,12410551.694046605
1039,13360419.315784872
3282,24386598.56878117
3168,27693726.666493684
4437,34007596.796259135
3456,31712193.051521193
4222,37811716.75124931
4367,34873032.9792527
2333,26292885.95657259
2646,25487875.927411854
2670,24480786.955408506
3891,34079832.68831841
2116,20879780.727618672
1416,9341072.77826752
3256,27631822.795383073
2436,21637571.156131983
4542,36135591.81009232
3591,31122385.808331896
1468,16439082.901302017
3864,30646692.736702282
3703,30460727.098886084
1389,9650244.112438167
1292,5975032.970567623
3958,35000796.54156153
1481,12770798.615482258
4031,33390738.25145836
4029,30271679.14547942
1301,10851489.412891427
542,8625781.36754637
3849,31794464.01033838
2277,19303551.274166238
3701,31230584.83359027
849,4082853.614780632
2067,19410761.392307073
1629,10266405.655252509
3459,25853153.25616292
4287,32148355.692978505
2280,18714325.100108363
1083,8606641.889386427
3877,32012324.885075238
3901,29492231.52067067
3685,33496485.960919134
2694,25054082.706178993
1662,13774559.461324839
798,5948899.850236186
3847,30037927.5199644
2439,19581565.014967963
1288,7103264.31374647
3389,25233178.06336448
1877,18596361.1759549
2449,21497437.458227605
3772,36078823.4579296
1377,11118414.549492035
4242,33851460.3186794
2077,16392303.226369055
3639,29154506.550345495
2992,22956137.960560206
3255,27852964.6440616
2403,20311312.201445233
1882,14526256.494485183
4740,42673446.73905671
2822,29265748.767458923
3056,28947731.6167202
2361,21562372.039250184
2366,22213309.17879132
4547,42945246.55347901
3675,32680957.947278272
1598,12028442.442202145
2234,20048817.579951644
3916,34206732.79818995
1180,7455848.177892241
2570,20705207.544070467
2229,22133175.472166397
2691,17057521.794851243
1167,6584714.364878218
2112,17366778.839115016
1180,11501038.786517113
1472,8703102.66515328
3346,27387632.245002177
2632,25517305.6172657
2963,24909954.37122285
3029,28049266.83089339
3003,23247657.63599499
4892,37706249.429632455
3683,33010621.490855142
4533,38371796.60396857
3667,26779211.97667662
3497,26573477.251511633
3727,35509743.72317225
2652,19442334.34159205
2228,21626986.240177993
2524,19757439.908298902
829,7622472.429698606
2986,25771777.862830117
1655,7937056.368501204
2390,15731847.993718103
4977,41074999.05636149
2685,20307077.30864836
2817,26525743.88582387
4121,29149637.357395627
4991,42623765.168773964
3011,20959336.33878702
949,7535685.017566714
1854,12638866.707286108
1793,21051289.64141359
2965,20701523.51108989
3602,29449820.91389293
2349,14611491.555939544
3675,35198710.36621177
4781,40451847.24853162
3699,31002919.268796004
1733,19286938.817875177
1937,16938267.32426784
3852,32474714.06842323
4530,37635175.86419545
752,8706902.976329358
518,3666675.8482362125
3259,26429138.077910002
722,9207003.885372337
502,5848118.854673645
1759,14729268.257693622
4823,35382432.826907866
3068,30038150.853609785
2385,18095637.670147687
1799,18353711.71525777
2838,24231260.955064256
1576,9727648.43181039
4258,38820826.43259185
3681,31211621.93919862
1447,16582036.070211127
4238,34356773.89779224
3231,28960153.689901162
4507,31768418.665964957
1369,10451352.409218729
593,1925020.003306185
3487,27771648.449884824
2275,20615435.218518436
2760,21266259.73703756
935,11071526.280916344
4800,36830162.06934997
3644,32807709.840949934
4087,37625271.49762211
576,8648578.405272957
1315,10487432.844510682
1267,4759639.206167571
4185,36226500.990212046
605,5464295.855854088
4416,33392821.17961794
3373,26315162.805388767
3846,36071275.949334405
3648,26771979.398169536
3648,31588927.526863635
1965,17373874.526912212
3087,24623837.0060103
744,8885598.06193914
3125,30896735.776696596
4349,34904085.488341406
1905,15510457.155768696
1481,14714194.7149706
4308,38218728.464305006
641,5744878.378554095
1392,11219878.791719055
2899,17539060.43784072
3460,26345973.262900338
2699,19174064.98379735
1969,18805874.98893567
3200,25868291.154197473
3505,28190935.183383215
3874,31964831.209131055
1155,7629470.5896238005
3268,31803741.56006626
542,9230581.735089833
2811,28342320.349143066
2160,20330251.693716675
2724,22703565.654934186
2610,26724187.909020655
1457,10613099.492261061
1060,6866373.062900962
1830,13835465.455690423
1812,17064613.800742894
2321,17281684.419836983
3502,28549881.035346005
3903,27418434.11834567
3151,27651292.99628473
2314,14960689.898450673
2241,16131516.835403914
4308,39115501.40468993
3377,31556954.95095833
3770,32282939.268639494
4583,38490990.74520569
1245,9367121.058537222
1057,7137289.008773396
3801,30321274.90672786
1441,7987037.476613047
4523,37941345.66486099
2796,23514493.37442523
1439,9711736.1998692
2110,22586045.75652407
2225,20620741.130861145
1484,14947525.41202657
2087,16233980.221882503
4521,37164009.76592103
1836,17570118.010562267
3637,30554347.101300705
1161,15093702.354309615
532,4644637.291749747
3914,30798318.40329167
1656,16150758.629414279
3626,26214058.183140464
560,8252890.796924336
4428,32521864.59822405
2043,19259753.99817565
771,5223179.337482012
4576,39037752.44095018
3888,34826028.83818305
3252,27476263.586511757
3209,23073137.14507796
1654,11541674.266478544
4905,38054022.57689865
4353,30138979.319206677
2245,22342433.576195788
3932,32786322.757268988
837,4289445.864433016
509,9439024.57237507
4644,36048015.69958551
1230,11591717.467224615
2148,15708188.364411395
4728,32769219.54001292
4154,30138678.323446218
2630,20694528.707400706
4971,43462890.61361814
2896,25207599.440457735
4866,40348615.37851374
2006,11017917.131765354
2658,26074258.443040285
3416,28999039.089486666
4671,38009746.99032352
3729,34229269.32996669
4103,37566490.17070482
2166,21791770.742827572
4924,39650740.50989014
4636,35077570.31764741
3469,31718768.75142622
3189,22416836.67078875
2826,29449770.215992846
3310,27563998.635583688
3016,21945347.23290125
3971,29072394.33753017
512,1263185.5278318212
3470,29181088.72016253
4121,33948823.03982064
4183,30756233.47947242
3973,31714632.640332293
3622,25872193.84172597
3964,34479905.417832516
1152,10052220.201661859
1120,8824792.482247656
4290,31455667.809797417
2145,17259533.199331705
2743,21699816.35596102
3991,33881180.10362879
4211,35189053.934350885
4188,36880180.306238025
1879,14578270.369484812
4743,33362765.493410517
2545,24333278.62979412
3548,26575902.460855458
1888,12783248.840954233
901,8078650.364658743
3153,27130811.53886355
4824,37999490.78285595
4423,34767921.95559562
767,5962921.046703335
4721,43017621.05297943
2225,18791965.737325605
1612,10992111.481614612
3175,23526649.9292911
1780,14487347.461252892
1732,15569573.802084021
4876,41459940.48589857
2363,20276475.811541647
4984,38346379.947248735
1116,8656176.101317652
646,8369723.645593872
4177,30977724.118640713
788,5906739.820767613
1909,18064388.573644057
513,7729844.27990553
756,6469253.886725851
2221,17534379.56828755
1923,12417646.17566878
3490,30496919.768181283
1695,18516339.055440366
4865,47615462.17579907
1744,16111338.550554138
3723,30631361.045068055
3970,30000568.16054728
4667,32699429.25877055
4469,37282877.7492195
1806,22499017.360462908
2621,25780436.688970737
2902,27565692.807341397
996,9704808.451173747
3899,33270569.480840966
4106,26576758.045166068
1409,14559531.74229199
872,6237978.291272553
4957,38550817.960212335
1844,14782229.140854178
823,6512986.531646956
2931,22295093.224085014
3284,27313616.216527928
2893,22469167.21137584
4420,36660968.867268436
1715,10258466.556349901
2195,17917826.688103948
2407,16967113.230941247
1280,9315652.0445064
1519,13582196.529100591
3765,26308007.155735128
1903,13756777.868183589
1926,18114893.154509
1163,6064466.474402597
3147,31509601.420836423
510,8693223.86839194
1538,11820418.746643163
3325,25238370.93664481
3503,29629819.710006446
1575,9257613.228918523
3588,23697571.8255027
2289,17933994.6278423
3536,28885853.700493425
4153,34507281.67306059
3675,28555778.151646346
4799,43213840.18842484
1576,9122581.02454835
1473,9369213.595125703
2365,21379907.868434433
3625,26515057.843088575
1799,11791038.643408049
3906,32618064.376621492
1658,11103432.139051905
3629,29632746.71623794
604,3732430.3210267304
4067,30951008.889881782
4848,33477083.82596518
4890,40538689.45846401
1681,10706430.023661213
3638,29599273.38940844
4894,38615685.304954305
4034,32652475.82390035
4696,38118973.87796022
3627,30596884.75275479
2274,17008722.09552567
4314,39240089.43782011
591,185799.8174332697
946,7888226.644418312
608,8372692.929232602
4912,41726317.65900781
3739,27987493.27041421
4553,34999263.521035925
1745,11939622.322020188
3220,28557682.89199317
777,4996228.814453475
3556,30213369.264370352
3422,29168904.242227864
3013,32209180.404706117
1338,12643753.77940511
3301,24974567.95574861
529,851549.2138008028
1757,14228441.856086764
864,7554742.472718045
2300,12767901.417828333
1404,10090437.51912096
2678,23316057.62848266
3350,26202932.989201475
3336,30593871.35711751
4946,35892930.66583844
679,8462648.46045965
4373,38725669.22457786
4460,39549489.42752461
1686,9790430.846036863
4459,37615658.387572154
1273,9177737.644435456
4960,36461572.6740513
852,6574396.825078875
3528,26509066.024297573
617,8698251.404491609
981,10387190.029040707
4787,35838666.5956734
3137,23923336.05850721
606,4705907.723150129
4977,40598784.55804631
743,9963134.824411342
3132,28128346.9794419
1365,12074175.90692452
3481,28066053.450315233
2061,12167937.896177582
1103,13699992.87837817
3562,28154710.20640303
4518,41808520.72127877
2515,21708327.876395505
2158,24339852.625864334
3880,33858964.600098945
4267,30839941.106337365
4270,33316753.559216365
2113,17396595.117984105
2379,17410651.33867503
4608,36732817.54845387
2846,19667182.524253674
1599,13809163.843297368
1574,14304235.847032819
1286,8275671.778381644
648,12004762.880445736
2254,19222539.783841375
2669,19901777.401631266
4256,30159382.100104347
1679,14611828.668191506
3809,30690534.40155994
2923,26733122.72185933
4677,37985889.20508409
1424,8810843.65319382
2103,22836154.888532743
3552,30722874.638521556
4718,37981673.86520492
2877,24509915.594349213
3980,34262125.86968497
3682,26169430.158319697
3317,28009082.65988843
3660,28929629.580118325
1211,12209899.956889255
3086,23467454.226181164
3148,24369894.43470875
2217,23724613.295692172
4852,43508736.27264641
1370,2073316.4600980747
4074,37062285.94739293
770,6939043.92122673
2043,15219453.811302964
1049,6370475.79287705
4514,34264647.11516003
4954,38592192.165724754
2212,15314602.24895447
3740,26856201.016782075
1862,12774859.547468267
1784,16242181.565197062
1386,12238270.445712391
2758,24731569.354655568
4882,39856890.48236984
2285,15359962.008065626
4043,34827322.77048082
795,4345932.163375255
2553,23363842.905966803
3097,22278239.99112912
1180,8377570.120789424
4798,38299825.07829626
824,9615214.403170846
2791,23855991.756382186
4922,40436003.96645277
1486,18545006.355165914
3618,24433050.516324565
1260,7964867.071898347
4193,31300434.565883026
1536,7976043.070233176
1406,10089441.461341918
864,9975307.491390118
3913,30529057.804452747
1569,12552991.08404107
4869,34784335.51635915
2755,20650423.27451896
4186,33102903.85323725
4719,40679201.26764134
3581,24623250.806245334
3758,29698973.762836587
2607,25116454.09020667
3433,27128750.14313021
3329,21285315.757643964
941,12365527.332044574
2059,19676690.827615
2241,21536191.525236372
1125,4768649.059763818
4363,40441367.17754164
2190,16200171.744666407
3281,25719683.167339306
590,3611668.5020239893
3506,31888811.54586562
4802,38876604.94248411
1588,15149223.097762877
1680,14667703.068653105
2401,19922873.98892124
4990,38079647.80876141
686,11924421.761923298
2097,13385819.114484314
3908,33500761.922104053
4247,36105969.776321836
3170,29823068.858457275
739,11076270.097137835
3080,25227834.20174967
4736,40479182.91777426
638,11398621.131357528
3006,24852469.69923324
4665,35120699.57480447
4980,39686595.661901735
2745,19046062.004156597
4800,40515450.432984166
2249,22185368.624421906
1067,9172875.523797385
1381,7185119.851639079
1139,13176952.505173031
4461,31359103.115302663
4920,35722135.66623088
2835,23144984.837515842
4821,40323355.7370265
3485,30146742.496275064
1059,9273581.34386058
1213,15984131.295404572
4488,37099505.023249604
756,10152004.305258807
1076,11968863.692284094
537,1417378.8033864112
2572,21066808.538143437
960,15049961.539843056
1940,15006947.438179228
4978,38800138.42692993
2332,20167726.744431067
3899,30786440.212219846
932,6074886.261493284
4651,36758149.81710724
2251,23304029.014105875
2547,20966143.925567284
3340,23735774.901735865
756,2512760.385735507
1171,16988414.79616341
989,8241996.891697693
4214,36015735.50289626
2596,19453868.32098117
2182,19418957.907814246
4911,44665988.9548046
2960,22723210.448768735
4412,37671760.33984575
2475,16582761.172328837
3716,36796598.35510038
1889,16917607.790733725
4356,34609618.46694312
2084,16778377.630141508
3463,27173885.476456992
1476,11431284.507629521
3864,24569514.57295102
545,5066102.803709733
1693,14124363.958182864
3842,33201984.611781433
746,5398568.760675421
3719,28438891.057576932
4825,39576675.16664107
1291,6490895.645728548
1136,10518269.562603753
4275,29614542.22143484
2921,27730455.94649239
1588,15756809.866982326
4683,35685442.37072796
3659,32255414.04001411
1212,11030542.672761643
4144,31124969.30674542
4390,30051371.52831273
3086,26637307.050279357
4809,37089154.458594896
2608,25148908.70908824
4114,33954101.20164555
1742,12837251.91050805
2559,26865516.199271414
3986,34617339.47780901
4832,28690740.454687685
4310,34020824.6936274
4400,32047733.02396273
3105,23440606.186839074
3534,28837802.803244393
4707,39718145.52576264
4551,38192097.22634072
3863,35137619.2296944
4521,39077795.132526
2345,21484240.787376516
882,8660476.969399823
4612,41756396.5581777
4310,34531170.37042725
2396,19297090.19379443
2009,11355279.94108241
4712,41864492.131430104
2078,17393222.732662536
1379,20832817.118513815
2662,21079401.924712628
2072,17841734.388250206
2148,19823514.86082524
1859,12566300.081033861
4931,41523643.14163768
3469,28855984.296171557
4460,35768935.430969484
4311,39005811.87622902
4742,36224753.846268035
4717,39560706.33924667
580,10003992.874155138
3232,24736134.732131105
3209,25781342.051923104
2922,31411913.690415487
4141,35551173.19546817
1167,8817407.570072148
2996,27375874.280235432
3999,31287719.34522692
3998,28289252.227519788
1944,20669091.83579551
1845,12450822.207606956
1689,21867137.87499187
958,7196002.873613384
1712,21095794.044685565
1411,8181986.794439826
1525,16276480.75879876
2911,25787178.81895395
571,8081238.676665455
3185,29384068.120028783
1693,13050764.573156483
2348,15857468.473991005
2884,23919246.808982346
2522,21845090.772755403
4241,33512466.136533484
1798,16216661.910479585
4602,38804876.59352422
1404,9501920.660368402
3526,30392913.845071398
2528,20422363.928916063
3120,23860057.299389888
3146,28530125.41467198
2789,20981026.36491937
4372,34605997.23028582
1985,17096152.550559968
3651,34330934.86196271
1940,17098352.233172894
1265,12704864.997424003
4979,39939072.39201051
2938,24268531.12687098
4592,37589368.29944122
1649,15071918.708051074
4065,32632097.28085522
4642,42155999.65642863
2472,19656501.284493573
3166,21206276.5943839
963,16932389.81311006
4718,37761893.92716874
2681,26387509.36127404
2142,22350372.525879275
4388,38939642.93675114
1340,11125918.341207793
3154,27092054.459623028
4618,34120469.37208522
1065,15490443.321454827
1464,10156582.00545199
2782,22494297.111777373
1495,13256959.461120753
1687,14173680.735489119
4811,37517380.15311982
3754,35215017.156164065
1156,13098837.85046484
3482,29822141.61297708
1613,12705340.83200975
4906,43440827.61553341
1056,8054594.101667304
3519,33863175.521013446
2804,23765662.746450283
3080,29329344.580918144
551,5066539.02144925
1861,16102599.546122834
1694,18228263.184376
4519,43733775.455413334
3638,34785100.45251464
2148,20815403.85813355
1171,12135850.29887279
1277,9695153.929221122
2779,24117689.223316297
3522,26436852.448009804
2360,21007346.401054323
3639,31432151.98208072
1574,7709464.575595425
2216,18844215.82757512
1783,16508624.697267316
2486,20636870.428582933
3133,27138146.51656971
1501,8982833.269931057
1546,11040407.083319224
2676,25512814.489491798
2838,23705714.99693733
2355,20859636.943944726
1000,7360436.517874263
2733,22922482.06983057
3039,18405963.459594406
4214,37250035.8152623
2832,29079798.51685741
1100,6604947.352356078
4784,36451003.43747129
1488,14226639.694712447
2381,24469637.871520236
4983,40857708.04785117
2254,15344045.937562488
2964,24086148.29008638
2723,19694203.759064622
4982,38849461.12139367
1994,16039876.70254005
1352,9028026.235275118
951,6274282.827476305
2824,23815602.00066673
2258,19709107.43641169
4808,35192058.9985371
3853,33013145.16752801
4636,36942198.4106058
3838,33864784.57065783
3088,28045492.56206358
2282,17622376.457134854
4020,35002443.0821132
2279,16721131.88090351
3632,34027286.18850587
4073,31186591.397430606
3718,31802248.825876538
4257,34493172.56606716
4516,34077316.4572872
3337,30398747.285355926
2881,22205604.573399626
4739,33811783.50506508
4436,27841959.91049591
4928,37798865.916716084
1919,20479725.25789692
4650,41973215.40251098
1830,13484204.792957403
3417,27212635.25589586
1946,15173260.77333193
1940,12519703.563651294
4244,32105504.38512997
3344,30695448.558202356
4675,39911663.6141382
1364,12731266.575589666
971,4762560.165017424
2002,17318109.642101932
1910,9368465.091535935
4270,37688408.0737816
2405,21015724.702211425
4501,32972302.64370051
4004,37881276.67247012
3983,27475506.022494256
1098,11374918.546748808
1491,14593515.306935987
2432,16736988.681942558
3284,27158447.92756965
3541,24417516.47354141
566,3011122.9489804413
3898,28980371.319205023
3250,25150125.17321401
969,10684768.542432375
2224,18994224.25518246
4485,37160636.378158435
2131,15004735.130149245
1274,9601966.087875841
3512,26306220.170392517
3003,21349077.978910577
1986,15106901.71903823
4519,37375537.155289
4727,37098084.44172739
1429,11461491.991725082
3512,31180744.43273417
2005,15537736.743927889
3444,24550100.107036326
3319,29242360.56480372
1684,15269548.945524853
788,8289978.494516944
2311,21365515.97260713
1027,10585924.581923835
1416,12414186.077413913
2208,25838357.98855628
4074,29737093.761094138
3819,29792748.164534327
1906,19150003.0940345
1741,15355758.876286723
3633,32337769.102033716
1298,11893269.288610615
2023,21306169.653479945
4607,34833467.43310026
3388,32131379.66822013
3190,30032989.479612797
4591,34097132.65730886
1741,16819996.229663018
1190,10390880.203290232
1027,7396253.942642808
1995,11294142.43084684
4325,32567558.98664805
3393,30268336.420553766
1392,14577523.80778167
886,7455868.558271485
1749,17442955.42942985
3028,28059780.233682413
4028,33687919.87587904
1397,10008999.128449388
1210,12003162.338446934
4195,36020954.122976586
3186,28509833.17105093
915,10916209.81000672
1971,12681506.284236334
4680,36910212.263902776
4762,33400135.962936543
2931,26688988.11506604
3015,24483065.65605875
1595,15052442.212092245
1309,7044963.755429525
3544,33554942.54907915
1492,9352982.506142175
1781,17571689.913147375
4870,40313850.512677625
2273,18615671.667421464
4061,32677519.680163477
4316,33613810.97205161
2256,22933588.530702304
2873,24021838.503056727
3076,21800335.408940338
1391,10976119.393895479
4684,38857017.08160882
1207,13349415.844335977
2897,22362140.83844838
4982,39242670.332586356
2634,22142296.381442215
2854,26452274.459841978
1476,8701736.393211912
1234,12388063.892975237
2968,23351812.40961403
3040,24346702.25475454
1132,16060727.235389248
4768,38554592.32634542
4599,40056081.25092574
3401,30364741.511610046
2163,14763928.25770448
2515,15583817.024331287
3681,32910946.277250733
4563,34253361.42265444
3130,21047451.136286918
4372,39054486.64453259
1554,10373719.798673222
880,5722447.572946819
3582,35579119.46526789
2891,19148793.91585529
2092,13967141.875779223
4761,37708905.57257824
3247,26255229.480496734
2889,21430764.15364704
4053,29948034.708031252
3527,33745982.97329579
1707,15444958.372314148
4353,37579506.23262756
1044,8940324.470324391
3581,30516364.84657741
4163,37102704.983328775
2739,19923102.956363995
2867,24730507.989553947
4273,37272126.94022367
3127,30650392.039152782
4431,42291672.939405285
2974,25001579.390945286
3630,33455916.849061403
4007,25045496.19988536
596,10424848.728130143
4358,33686349.01483759
3208,25940707.653036326
3836,33011313.453101065
956,8187672.898053459
4868,40533360.138704404
3487,33659078.904678434
4588,36551339.863962084
4384,32811228.55049834
1531,18688391.57189565
707,8236292.651014032
2437,26262716.92594039
1646,16758889.731736712
4799,35421216.82395969
3064,27448154.015270643
942,5584155.802352336
1332,11678295.407319
1961,16460856.789176727
4016,28275008.58610083
1659,11833568.531314641
886,14703561.9004773
2541,22043132.214523494
3053,24897211.596011143
2218,24182670.659822777
4550,36211294.069792494
3909,31997738.91409264
1189,13484408.568368549
1669,13149792.60415095
1452,10376437.781942496
3996,26206730.753917847
4417,33526505.059851717
2984,22033916.76203116
2354,20307700.08640583
3939,30680625.202816673
3731,37322057.032571584
3097,22603113.209295582
4483,41065940.060572214
2691,23187258.86538265
3135,28500322.107137166
1156,12486058.784207609
4312,28841293.40906275
3840,31685341.96307033
4411,35501315.58829851
2296,15969065.715926198
4863,41282878.111647606
2262,24245620.947632413
4972,32756989.0683478
3785,29676590.972474836
2085,13942701.507659132
4063,33719333.47871308
2940,23543136.15055001
3600,27982968.361728467
3744,33020520.484987177
1540,18228543.903171297
3627,37999955.95527351
2773,20965112.854594238
4129,28569373.344545793
2614,23589589.302235022
2177,23247454.20596961
3594,32193069.901122186
1498,17803041.118590932
2784,22595539.988193642
2089,15883276.680680616
1661,14634307.722203936
3020,24168340.437899336
4355,37829282.06402103
1194,13461303.334010473
4912,43440250.99371566
4298,36915778.01241317
4183,35201466.9800259
2471,23151280.067752544
2003,11135024.277041836
3749,31623712.257001825
4718,38901434.17151135
3742,31575241.187914666
2368,19681129.361237306
2171,19663566.48038485
1582,11932191.235397954
2228,22212570.28836089
4351,37228949.332240425
2642,22588057.573651582
1648,12091450.28809164
753,9469950.655623715
4602,38435979.095483474
4042,31069549.81938925
3275,27030015.372760285
3833,33551247.85772372
4684,40126720.616459474
3779,32693026.903424464
4808,39741594.17522323
3381,31125458.599905692
765,10833389.51143483
2840,25931967.84702662
3648,28421646.17543288
3859,28697814.848128445
1504,11400180.699085219
2594,27612970.24393017
3771,32013087.74148206
709,13051325.482579155
1387,11735404.96923769
653,5447558.988521235
4093,33521830.39006778
914,8035477.75984009
3924,30071047.264396828
1784,11825455.19549997
3648,31688009.88154259
1268,14308702.15279209
1482,20190943.901999205
3702,29314861.279926933
4026,32150033.539407775
3287,24982312.11664695
2710,26057182.288120702
1538,15748962.364388794
4432,33825196.25437642
1041,6621405.73908117
858,10721544.275787693
1349,12941588.453625223
3044,27627166.139033433
2331,16999694.56498326
1972,11142825.40826938
1936,13863104.94995949
829,9695300.190033682
4854,46165173.935904674
4738,37615608.031417176
4508,43891567.6456306
1888,18593459.302475065
4685,34300903.09487352
1219,11394101.513433095
3735,33471922.83523558
2631,14771551.30434194
1600,15733353.473740146
1172,13894163.539469337
1016,10324604.37239343
3032,25070836.36795573
4170,33841220.25099578
1281,10554033.016924534
4023,29656060.588698674
4058,31401428.504285097
2886,22838217.86304352
2089,18052483.038677227
2001,15337555.7270288
4294,32744612.27250621
4818,41823312.577377535
3580,30751841.91584357
1576,11990311.3896313
1600,15318835.414462762
1002,7656526.318942195
1839,15901195.08846436
4385,39005132.1641686
1123,8172776.72050121
2386,16570765.17649877
3850,31364596.250935975
1550,9309604.951443614
4272,34343654.471947074
4416,35486087.562059626
4518,29752947.62828331
1829,17223905.49123353
4614,37363930.69995604
3867,35481689.35831581
4451,37254595.93938225
2997,27182825.710946646
2073,21154116.25962113
3134,25676848.75168776
3268,27141530.433408294
1711,9967370.329829305
1275,14918613.235702723
1660,13842907.800835336
2883,21046808.348956056
3154,28451167.45946228
4040,26780656.424107246
1595,12472177.331380466
523,7908933.123635523
4056,32134834.444102284
1579,11478234.147154257
4818,38295535.608661145
678,394212.20659427904
3347,29922435.2953491
2460,20311341.874069262
1973,15967026.170015713
1712,13889994.150772877
1309,11514239.395393753
919,10312312.1120162
4159,34115809.37640225
4316,31443090.35546056
1778,16950548.3646322
3023,26679709.07301268
1940,17136580.99464938
1840,18945723.920883957
2721,22859136.029238876
2892,27470128.266967766
1861,20109633.06443519
1091,11474938.656573448
1026,6964199.134366188
3003,24631642.844492678
1792,19052568.10217512
2154,13739116.40179148
687,5320138.995464174
3258,26035105.490659766
1028,6628368.198938799
933,11082636.84975636
4012,34226445.21312233
2304,17298824.930198524
802,9232538.760707518
4682,37980751.29599535
937,5825416.280332971
3088,23565244.7692714
1332,12964153.22432782
1296,14185029.635565516
1059,8011695.3011356415
4088,35337324.001007035
1261,15833262.472732447
4074,29815388.33088924
4285,36347009.61851587
3014,27603967.073886223
1184,10186550.550203508
4733,42578849.632566944
1077,16212511.114783853
727,7846066.045158909
2828,22923230.803166002
3231,29778948.42298587
1327,14142206.581133705
930,883507.135245447
1563,13495793.33172666
2209,17488201.599782657
1734,16062117.07454175
801,6827025.159118629
1920,16104471.723186996
1268,8554361.721616754
1904,18435587.655273464
943,13509126.664406195
3604,27288984.152354896
4855,35648834.93055908
3805,31500009.659482393
2038,17218033.016894206
4430,39952798.35836108
1831,11960415.142864402
569,3938134.4749277076
3935,26036890.282199442
980,12964950.908635467
4594,38503633.88497009
3996,31577701.25805761
3293,23377185.56422647
3392,24444571.825468246
1698,15826800.699374173
2872,20653724.86319787
2392,20448016.26944571
2383,26192834.583405092
1297,10333237.131165538
517,2251666.6680768635
543,6490021.6163582895
654,2554624.777654818
3948,37743953.59098821
4580,41850859.00558501
1925,15907485.143139068
4820,36868120.45572734
4812,38218690.38167392
4139,33225003.163743716
4626,39158701.395121194
2392,23254896.98790335
1397,9066462.10772423
3924,35424728.69602823
1758,16917056.838433895
2515,19596631.52758018
2202,15355864.31296897
1373,12332698.151877703
1065,6341234.548893748
2518,24215042.547487818
2385,16708351.683603385
2623,23627118.579489432
2814,23270150.905554753
4912,38614125.34687439
4383,35755505.481042124
3692,33775949.5089026
2359,16295227.77301863
524,3955530.3344245497
4003,30768769.305938438
4755,38924148.59935386
1637,12041957.322462037
1689,9207756.272840157
4596,34602587.359202914
3657,35169265.05561434
2867,24676184.63385882
4977,41453086.161424235
2241,18080162.829974085
4188,34349123.727672495
4246,33678564.23150586
1397,13756785.593123196
4523,37486426.562778115
1216,7214195.369524155
4467,37497173.50931258
4521,29791774.23018535
3715,31961577.599033356
890,3891929.429490436
4384,35783834.741489775
2199,15008117.190411434
3537,29304469.598599292
732,8590835.557828667
2426,24916481.25574874
3631,25423927.034965564
3806,34374418.8670134
3224,27185458.116132416
733,5511998.541526128
1891,18407569.51517838
3392,27428225.44674438
1755,17192591.549202036
3038,22327190.860616013
4190,32621008.903111123
1389,14942800.158383798
1245,15416201.570711266
2219,18646904.302541453
927,54133.22393265925
1231,10250852.152174635
1299,11489278.35346729
4797,38677679.869920485
1335,12689015.684996594
634,4641270.217208034
3038,27820612.58203408
4218,31243860.181806874
540,9030546.122062422
3867,36586236.471883275
2915,21580820.785819076
2540,18579200.52319081
4839,40944085.941332586
3449,25030338.770771332
4761,37610191.38669304
3966,36035580.86936805
3588,31916820.293430887
1615,19860589.025068767
3090,26232352.442800622
4073,31751485.993165445
3478,28977730.534959063
2947,24124234.981774095
1730,14430328.672390593
3166,26256588.8757128
4758,36268699.87346129
3094,26598653.264911927
3930,28214010.19672423
3417,26185520.176275656
3452,28259363.710580546
2495,14181340.062033225
4391,38434974.609034754
806,1288536.470457484
1862,17904763.072694533
2602,17937572.130215514
3530,28025243.9278895
832,9213391.940848287
3252,33610418.55843845
742,7285355.933122048
2384,14124121.015401475
1932,19317085.39790732
3050,24704244.785422944
802,7625719.963376471
4830,41313589.08966284
3609,23195866.12928286
2686,22507610.54320559
4790,38090918.33014192
2050,21065504.718016557
2292,21517341.29001623
1146,5286994.231655358
1212,14483877.557047145
1037,10644575.264480634
734,2230275.207640345
2896,24335259.31047832
2004,20136478.341567565
1874,12349868.382279817
2409,24404732.00753625
1415,7782113.677617423
4458,34290318.470059045
580,2811387.493830924
2583,25794801.194765985
3188,25030951.59035241
2190,15031548.992017007
1256,12383632.636742186
3170,28343542.971778154
4251,37010608.284382395
4052,32601982.50432197
967,9499602.903110843
1994,15001300.741312142
1519,18176405.033807192
1401,15640615.475973794
1172,13624870.487122025
938,10886347.803720636
4722,40335199.91798501
2576,17874912.547550637
944,10451903.708766945
1465,13062795.69018996
4290,39110092.25485276
963,11126257.547147285
2698,24235141.410459064
2787,18243325.607409533
4265,34852998.39017459
3676,28734323.22028903
4508,37821097.77254922
4004,31785355.185672067
1412,11468162.671720082
996,10345101.714720111
1963,15407585.659293672
4753,39388774.61872204
4767,34577764.32737708
993,6446795.569719824
1926,18376130.70160888
2192,14845423.649910577
2293,23081175.232808992
3223,29707198.06590396
1158,9459310.19398064
4962,49692202.31650739
1049,13121310.73354488
1142,7288161.479882795
4850,42038522.16110014
707,6853589.198959271
2997,22645863.727421768
4690,35310272.57050137
2383,23048680.004665136
3386,26294163.606127597
977,8510370.934888843
1261,8324922.215320415
689,4267526.188104227
1255,10659212.399785584
1946,17732546.878172453
2163,10538922.509345654
2335,19730759.39750025
4728,36585636.96224489
4650,42407087.96035068
4560,46308257.93801631
4112,32818162.895138852
2189,13345314.317860417
1816,15878630.9097557
3686,29871712.011520386
4520,43074051.94700387
4854,44831768.03012663
1645,16756124.911789693
4894,38391917.75636203
1060,11513299.69854241
2412,21091019.077204913
2364,20635969.609898172
796,2693310.4542963896
2909,27457386.01536094
3136,26411424.984933704
1961,16385475.957366275
4792,37535530.51497352
2768,20763150.501039866
1494,13903775.743836947
507,191488.4055742463
3091,28096496.27895013
3015,21957683.689012945
4915,34143957.94138412
1917,21801685.94777806
2816,20953738.851963267
4432,34289522.51543491
1787,18699614.993024223
3344,33315292.701549925
1618,9344995.264189709
1052,6547495.819247992
1160,7631963.53351821
1215,13524404.988086963
4085,38597396.3837886
4261,31847242.315265764
3029,29476236.01390466
4470,34632897.665413894
3907,33264368.708836716
1958,12849638.901716547
3767,30770208.759254005
1354,11498661.857781852
4037,32350525.08105418
2397,21330912.94395909
772,4154907.4054424223
4587,35044830.10543948
1772,16489616.434848066
4874,44018105.992927186
4519,37083558.91785623
1315,13031012.320386518
4871,42242240.03089202
1422,14867515.565900475
1764,12251425.822490085
4224,32460969.30938529
3287,25225776.218169395
3222,32561901.402681895
4723,40308578.81751571
3050,26789947.161155052
3449,29690707.259551216
2173,14421619.789141502
3592,35550571.41233112
3338,29141562.59236088
2166,20497480.33796486
2695,17263436.133252595
1884,18410931.557084553
4903,39155362.64961712
4454,32663651.075821288
3399,25330709.002384607
560,1685317.3746399009
4447,32730647.41465617
2790,23501643.46109263
972,7615711.633805047
1458,13666208.086484162
1032,14283927.613204014
993,8555488.859117988
581,1086667.8818752812
3470,28034125.36535655
511,8668183.309193615
1261,10830181.58250951
3685,35067991.961075105
525,6558824.779413456
2306,13933190.796807833
4657,38584746.75131507
4824,40483003.88279419
4159,37513067.40382093
2025,22658909.714834705
1260,13803176.559126098
1094,11073439.39216165
1555,15468564.814735038
2354,19327979.5806513
3583,25275366.48957771
4416,36452488.25866858
4175,35495870.98237672
2548,17773027.122264232
1958,20643864.918499824
1719,17768233.046447292
4728,34708715.75413639
4681,42545496.86636962
1999,16067056.892370459
2330,17304525.304644953
3895,35397833.078239575
1703,14470836.761719825
4770,44857555.96251061
3310,24921335.868339747
3592,24541027.428082034
3544,28510685.156501576
4014,35479667.497181416
2298,16602571.04339337
3075,21609698.851600364
644,6838782.208108262
4426,32016938.369497452
1877,16936078.09884024
3646,29146130.84631547
2325,21083399.46505712
1293,7192513.5882261945
2101,21702489.45433171
4914,39762896.54501893
1610,16170568.003714468
4553,40303626.383854665
4437,33023665.142902132
4463,39350772.52882423
1282,6980799.674567023
1616,9817586.771720322
2250,24891997.707965303
3076,28943560.106389873
4527,43436992.526301265
3836,30577357.90817627
4887,40403285.99223403
1987,18478064.240257088
4375,35963413.300218314
4131,31809591.937912285
4692,35847745.90635985
4458,37305586.69848685
3897,28975420.475013085
573,2299409.5228994424
1859,17052716.03346378
1591,13442521.945543155
2441,23339618.811745055
3648,28909265.769751474
4803,37680232.150073394
1744,16222660.188106414
1785,12843925.37633852
3536,27313616.823329944
1270,9304636.828861756
2343,19114893.68111334
573,10901309.629887708
2160,14149633.525128528
4849,43678522.746352375
1319,13765360.26886975
4318,40244936.54210998
831,17058058.14496682
1921,20662359.062363565
4155,37017000.84372358
2191,14590510.945124948
4908,36705333.21546687
727,7896570.553095665
3381,22953771.556241307
3365,29766317.753873657
3075,19195234.327716965
964,12168700.156693846
777,6250899.064199205
4614,38291790.83641057
565,3274883.1107385526
4762,33400420.769332282
902,11920085.837582786
4483,40871104.18486414
3978,31769536.704388905
3944,34537788.69420202
4919,39179325.73936879
3539,30177469.532798737
1937,18773417.59676033
928,10089254.77372162
3182,30478908.840228036
3277,28772642.027116004
3878,32108253.851115786
892,5851743.096367734
841,6292483.859028238
632,8486154.190175049
764,2606520.443257644
4688,41821421.91023839
2185,17636568.8219564
1934,14016182.28677633
2160,14983827.469655598
4317,37559103.356945165
2854,23788075.938590046
765,11886295.66968946
1636,10298773.048422236
1890,14385509.13081441
1612,13619336.52561776
2734,20616429.7680902
3366,27946355.99242541
3568,30502502.299246557
2679,23885452.71738922
1134,14590501.392653383
4131,30137582.71365526
1899,17205280.959805932
3239,24971171.5412355
3670,31650040.140070755
2365,21213996.55905914
2455,17679241.850303005
2718,20040542.972097736
1889,17646929.190408725
3630,30110213.532232393
4776,38549134.47780519
4614,39885960.48932492
1749,17187155.427586395
3666,28739109.66189489
1745,12403840.5870725
553,1638243.069487074
3410,28380362.360604454
2896,19898519.168554306
942,8834285.374687102
4111,37538510.374273315
4877,38955620.68914115
2907,22647387.15837951
1322,17569534.320881434
4202,39145105.45756294
3439,26218206.388333756
1531,13665039.543176925
2516,22114034.727044247
1062,10106981.268178534
3038,30748020.343138363
840,7981689.6772582615
4275,35911704.62689305
2796,25433986.885439247
734,10441759.148143
1616,16738697.582912318
2408,21878254.358934917
1917,11659900.583818275
1791,13863586.827824723
3988,35362263.62161581
4154,34983196.09183792
1028,11702385.901468856
3824,37253498.18501374
2480,17309110.384822026
3439,31925730.52441375
1829,14640909.612519106
1733,17670049.457824197
2253,18900337.769895647
3300,33781013.61667898
3433,28854260.808785215
3259,25150457.326932058
3275,28459623.8683753
3987,33867828.34215481
4350,39214291.28233134
3027,26560158.395814776
1390,19545193.91750791
2565,21185787.593793184
1688,14205140.15065858
4797,37564341.849840835
1240,11177005.015062531
1869,16645177.363248862
1889,16955631.589867633
2500,21201563.026481997
1971,14938536.349818103
2036,14643004.615752935
818,6418478.825493331
2764,26536612.98070534
2394,24222399.056474436
4211,34457106.3906787
3322,24751251.100597724
1775,14956479.169049626
3583,35938996.305810235
900,11196903.505949862
1223,12436228.074597642
2829,26520054.75115771
1635,18701699.834023938
3270,23701401.39535864
767,5959880.393908632
1069,7965835.101489553
3056,27209343.19121295
2473,21264332.67191879
1045,11628933.872068224
3322,26055337.950398333
4960,44795856.15203747
770,6951998.875552095
1238,12987636.65587455
1757,18642219.49676882
558,8809372.946484905
4681,39530485.22520539
889,10570040.719147636
1218,15968981.991916861
4744,40492803.701924086
620,3771060.7938152603
3152,27965152.192891654
2803,23312156.34594123
3411,21243996.59678697
1299,12777994.071109278
3880,32389951.950046822
2606,25317253.314492315
1609,11621719.02753508
1750,10482871.012862077
3140,26626042.57823153
2149,19332532.16281634
1845,16041498.836156707
3456,28710126.05105621
2946,21361819.13738102
3864,31495248.58907523
984,7826782.511486755
1302,14634126.22230232
2215,19857976.092091843
2415,19486008.634764414
3983,38035654.629268296
2257,18249276.971354973
2309,21145360.17165849
3507,28555235.999232154
3725,35693457.545084015
3995,33220579.32744083
2820,23909242.683672022
2170,17940388.92368186
1651,14797535.778003644
2723,26382613.51594373
3167,28873531.534054063
710,6764228.543348513
2994,30055975.31936996
4762,41714956.9240277
3007,23741456.642407954
3463,24562954.938798185
3928,31178958.59461029
3875,33240046.335650757
4455,38431601.11189428
4205,38717413.04990606
3905,28956362.074643
4538,35986533.99815957
1552,9883071.990376461
1213,6687602.365261663
3388,26220543.762140043
1187,11595836.732882064
829,9946183.304670949
2246,16122937.680134976
1707,12228172.24183828
2642,16796530.474029697
1284,11915056.624830987
3196,24371583.294087786
4320,40549094.134635545
4218,35973426.39894878
3193,26029662.769629676
1125,8076662.717366643
4734,34387989.33941731
4208,30560384.669163708
1261,9221577.136283595
4479,34735291.35392708
4029,30234484.47146202
2055,18571284.182327032
4133,35606796.777244575
1175,9024102.808094816
4687,44301456.80479595
536,47811.900451723486
4336,35862491.69691679
2287,18640259.387736224
3227,25163897.35409823
4380,33947011.46196082
2394,20131120.351262927
636,5411416.518034814
3576,28432370.41866232
4383,32167841.095031876
1161,5433664.546568504
2310,18614450.574413303
914,7105711.686510409
842,7144889.419169517
3229,26506134.606331475
3950,31032492.974351548
4165,33682777.72854538
4237,32335415.075689517
4397,40747837.42748985
4741,36528779.55555009
4918,39231057.87160398
2669,20180633.63265836
2378,17802255.379385293
4470,36833924.69991384
3117,25629297.370350964
2015,15741618.82887437
1074,8741572.025337065
4942,38376559.34702019
3367,29141176.91317848
4044,39517578.22777214
4977,38191476.168300346
571,6749889.671203814
3068,25678846.87106213
3937,34501889.27439777
3480,30930378.881488215
1617,14552238.091655983
2886,23968538.2716547
4008,31760649.40105466
1859,13577118.940674093
2015,16829463.017144646
539,1458233.5057469592
1882,14274432.029647594
2530,24560560.873417705
3121,26263536.663239073
2400,22877993.25680665
2717,27144931.65997527
1783,14732911.632255549
1083,10285977.502580924
958,7758462.317541733
2765,20682182.718573183
3166,23469095.222002786
1315,14049451.117789473
3011,25713881.841456942
746,12507809.216243159
916,11244156.038771674
4963,38510361.0313909
4217,37257026.54068031
607,4940773.382693234
3131,29698579.127387006
1338,10244998.36827094
1921,13210722.119271982
4412,33908734.76881577
755,4806005.292755259
3327,25095244.70614401
1337,9978175.17318468
3462,31266075.610975713
2782,28644132.62479855
1052,5425431.453339489
680,10230539.128499448
4752,37582888.85207672
1977,17859647.593606703
1070,4597561.908280108
2227,20388105.052034568
1091,3712062.809551812
2760,24021805.216930497
3447,29347768.14108801
847,8349022.902886402
665,4115269.548101212
4943,42192580.02328893
3396,29341244.52825015
4993,40314141.64907664
1082,11671550.921525583
4006,32761187.560303483
4903,41810331.476726286
3538,28926362.01781773
3345,28410105.97332862
3266,28852168.823225785
4694,37358262.2791459
1765,11418490.241237413
4753,39852237.01664446
3467,32304174.135838788
2774,24089452.918872338
2970,25714426.94408912
2790,23193471.680510078
3077,27833355.958319604
4160,33722193.75158619
1568,12182303.656619415
3236,30203894.7586246
2450,19008385.045121953
591,8396412.839355247
3593,33061806.385873128
2719,24452450.796186183
1887,12348293.441282103
4774,39273464.727667496
2785,22674000.008824147
3706,29160002.23399406
3424,28820254.76203928
779,9539619.042492645
2118,16568342.019606404
3287,26781851.977178976
870,7236823.198504037
3683,33955613.136632934
4334,34900698.14656824
2203,14920783.026714765
2768,18423695.483028457
803,8512188.69969791
4274,32909954.780342296
1848,17790173.515817434
2922,20382340.034478605
4128,32407263.50016818
2928,20432293.451439556
3533,30567832.146646768
1168,12290542.62187395
999,10007875.4729098
1914,13054191.038788471
1029,6994708.767668001
4121,34670941.96583466
3956,27584775.77562691
1254,10308595.166836292
2847,28326716.060007643
1226,10268133.352458876
3149,21726366.082904145
2546,19545772.256971594
3315,25627923.02296727
1374,18412926.339509685
3779,36229037.24154168
3484,31064806.302304734
2678,21394772.207775805
4307,39057888.98293917
1107,6455621.082848624
1134,13301725.945732778
3227,29599920.612260133
1574,13137962.796052158
2414,23729558.940052316
1088,8362336.61160845
3731,27052743.2057053
2804,26365895.038999762
4338,35448271.21258162
2473,22589341.809896003
2555,26902659.77467822
3980,30673237.78281111
2579,21201861.485480074
3552,34124903.51373314
4982,42862195.19256585
1751,12908651.767386211
4295,32494946.889381565
4322,33991758.079689965
4802,37200755.885591365
3889,32824044.358468592
2280,19475303.5215928
3104,26669713.262826055
4188,31981561.595320653
2224,18579498.277424235
3284,21104900.67813135
4219,35187018.9520841
2177,21942321.934867594
948,4309762.271961459
581,7098284.691942384
1906,14414956.94471831
1980,19247503.461080108
1579,14107942.353636837
4098,34998112.33798132
4683,38658471.69626632
4180,38424995.41915306
3203,27666231.433085307
4810,37363728.85799265
4256,35344145.15696301
2258,17957356.871101853
3099,26279199.719558768
3050,24140690.86289956
4353,33793567.79336105
3246,27565816.638245337
2792,23503368.885849662
2001,20199867.53513754
4904,38987132.36260156
730,897438.4575140784
4750,37908387.60461006
1698,9704707.72325027
614,7159015.922289728
1913,11282306.214953639
4906,37282886.81275769
1492,11848996.62517541
2847,28407851.814283434
1541,10109329.652855247
511,5125214.949439758
4176,36147929.730871774
3565,33972181.65966209
2536,23621384.25516423
3546,32649720.854897395
2850,26392921.176554624
1040,5692631.085811583
3360,28959076.31295114
576,8153982.856516669
3567,26666499.13097794
523,3444720.369827932
1175,7990423.114618831
2894,26469868.9579041
4767,38928156.639012605
3898,31221462.316994708
3259,23226990.250041038
988,8701817.240418622
1985,15177234.935045753
4159,35002018.69579249
3735,27451098.40406365
2919,24885718.778518602
3995,31643147.688503537
1256,7300109.222794561
3024,21210147.88636556
4750,35468938.83593192
756,6428802.827678373
2279,19594986.3030905
2615,22729470.897131544
3848,32706658.753185343
1972,14500430.217062399
758,10239208.724285526
4575,36273323.42197554
806,8798449.280179197
1618,13451533.69951855
3517,30262863.695109125
4841,39085015.80156526
3280,28420904.629723698
2158,18241833.39035903
686,8929521.711952068
2297,16919944.870366406
1424,7082325.992328265
1284,8351927.74169771
3944,35758755.2457141
3696,30104323.54033678
1860,16156186.886639686
840,4559090.157860839
1062,9692661.175450835
3499,25923562.06778191
1693,11916656.174841736
3610,28672548.95152836
568,6879291.773526437
2928,26079542.74192753
4098,35521134.69381351
2872,19211747.654866878
1343,11724006.498829216
1073,8993654.499851791
4714,34115452.75175563
3096,25815951.300166596
1978,16072718.347689716
2573,23118577.016353663
2013,17347741.228719406
1468,11096038.409150241
2696,25345287.35137093
2011,10424299.497674627
1154,10039204.61471117
3492,23646247.204024192
792,4599420.18638164
3101,27382441.10902805
4912,36473407.55867759
4993,36672846.5438882
2088,24849834.950246874
1095,5682132.845739506
3093,30695562.70926392
2623,21467393.506262217
2443,18969512.635683075
1415,14020359.171764614
4369,39961782.2266335
3294,23913796.173675016
3578,28093250.630814407
1475,15340609.204052757
1575,14463982.937281
3489,32217753.491924148
3967,34281335.86329534
1951,22032672.027447443
4323,36119765.79650095
4432,37121433.444992885
2528,22189164.116047397
862,7468533.444820326
2929,26976261.476402774
4132,34767123.67158908
2818,25908540.027435433
3585,32513499.56087248
2845,25045364.044680983
4098,35289148.97270259
4829,36601010.6372104
2231,17196939.236540537
526,7738150.358972195
592,10006893.545455541
3164,20490709.32347492
808,5760410.558245756
551,5478861.807243951
818,4906176.613757966
2492,18468441.067454953
4776,40632759.62138142
4391,40872127.907514304
4456,30552529.331033576
3192,26024571.55305491
3518,30533841.025371164
2524,23532641.916600727
4931,41405382.02920712
2025,22484207.649808347
1778,15310719.779977381
1013,13039978.371176291
4837,37756896.98896209
2233,19037948.83976655
3870,28321854.77260345
4421,39070593.32164698
3000,24638671.41207647
3964,33785463.187559694
2759,22131894.10614478
3159,28031285.504977047
755,8232301.921567257
2002,14032045.710086381
2610,19069697.70225097
906,8164693.808975944
3349,29770721.872219972
3676,35996686.659341544
2360,20788972.569997188
4854,42854594.20746562
1222,5937447.195707494
1782,21294867.548301946
1113,11721058.633387579
3831,31499186.466523662
3616,29433911.857626222
2478,17502400.606423005
1312,9032139.612839486
2286,25019306.896400243
830,4672986.685141962
2712,19671196.726400964
1716,12621338.541773263
4982,37261457.74111618
3837,31741919.72453653
2875,27266731.537995715
1740,13088523.021183899
819,3432027.1607175358
4994,41827583.93904396
2414,20144676.98696056
4700,41608173.65024488
829,6268475.102093189
1159,9491529.661119975
4188,34055408.90637019
3618,30211012.331660446
2472,19598314.967927232
2293,17680067.675861973
3718,25192866.945354477
3033,23567838.37263965
2957,26801669.804245256
3600,32350736.558106657
4866,38514660.9292261
3233,30762457.994545285
4980,40753887.78489894
4655,34226460.88455216
719,1794847.8306372324
3318,31198773.76785918
2406,19128988.82421678
3111,22245806.430782262
3093,18966171.485693395
595,4572851.667374571
1488,14118252.576989084
1612,11802926.567861386
2778,20064264.519598387
745,5311872.694179818
2658,25993576.057434566
4829,35453055.14697443
3849,29866896.908732448
3225,30432273.218852773
4577,39098528.86827126
3166,26865383.44133687
3699,28646661.593751255
3254,27123514.443501282
1917,14722512.794640098
1154,7653841.606787747
2942,21295827.57409478
610,8232286.7891174955
589,5530781.603351593
1262,12039541.231408088
3672,30831019.557404213
2679,23754756.483425077
3004,24267843.630042326
1964,15267027.646836277
597,3330159.011826633
792,3094092.5997786587
2339,16345900.488131251
2234,17775746.836699337
3119,21142881.546693563
2696,18421142.287591908
3966,35854419.67790553
2406,20920538.45456138
2221,17412489.81538944
4191,41342723.37671368
2316,14583250.843860913
752,9942833.829385465
4727,38481601.751661755
4019,35507141.06873844
2407,20582861.151812423
2410,14663264.813264228
3021,25454381.402676485
4349,36798667.56391879
1558,6888044.104426758
4038,39136144.881405696
2822,24509622.782518316
686,8503963.220409486
1448,9087411.831271065
2790,25391852.566436853
4859,43140513.37868917
709,7432704.684413537
2593,21715885.324437708
4038,30623235.62530475
2063,16855379.24665002
525,3663911.457222159
674,8107986.912178053
1834,13122372.224647792
821,9261952.164510671
4650,35683043.31181103
4547,36588942.33751994
3727,32664133.19103845
2372,17864609.84004187
2567,23487609.466932807
832,9314982.473014105
3491,28115147.97986917
1410,15765349.604067368
4996,41201353.02593134
1449,15898829.57975605
2575,26980394.774631537
3014,24388096.934896067
3831,33582864.95208219
3529,27319296.224031374
600,2701556.7714754054
2900,23613621.027840715
3871,27880199.16075161
2843,20931176.66105807
852,9590297.797963204
3455,27099052.953653485
1518,15275542.261365585
1679,15330235.81405246
4036,38841462.186057344
4150,35773011.85672814
3002,28358654.21083794
4319,36757653.98938264
1479,13766180.503234219
1476,16302199.126339946
1871,17974392.397595793
2780,23870190.838872284
607,6472963.997789153
1472,14390687.935491249
2126,15993879.441620344
1203,8482601.601583906
1374,16268217.797118798
4309,41065240.991579995
2911,21501352.6247695
2607,19849016.702680886
4053,36851568.45851243
1773,16784559.97942719
1059,11501284.315962765
616,8617803.884559171
3546,28645803.514767773
543,6333909.774970559
1008,9820576.452094276
3939,29936525.199263617
4428,37369272.82964711
1416,16041132.088449005
3445,27557600.283469915
1298,11841707.746222802
2260,19700126.74803257
2833,22810006.348694187
3775,33230703.713083073
1318,9503803.106235038
2668,26341936.556087803
4235,36758616.68489674
3565,26709694.197981317
3759,36166029.05465876
1406,12752304.383784786
4608,35695157.44829485
1102,13129663.574973574
4795,40844014.55834407
3133,20748120.887297884
2291,17751019.048268437
4027,34053292.01166463
2311,13009299.967072025
4411,36543210.25616218
1340,12193938.118115779
3642,26585524.35287253
2590,22531934.65877989
1536,13310391.5173751
1224,7218117.682344956
1487,15654681.640588475
1302,13929561.384303415
3082,24786788.739442915
4337,35100256.029824525
1026,11386791.812786035
2165,17718010.57066458
1638,8311275.398439537
959,10132809.672199782
3052,22976222.037784476
4920,39190470.83674722
3308,31837611.703854427
3398,27782064.577973604
3743,30949204.80762162
4568,39073001.826390795
2831,25164001.831622098
4185,31722406.69786665
1131,9867104.453396877
2956,24756457.58377748
1481,13664080.68988648
4817,40403665.82274986
2056,25210323.686332375
2705,19112420.688238267
4943,43484274.86059387
4455,40190127.41749918
1421,13846351.921770582
904,6281053.815380775
2120,22954004.09080288
3452,22040051.405779406
3618,27894199.90834652
2094,21267046.591668434
1065,8409665.189732447
3368,32733393.57440056
1357,7320585.765964799
1784,11935694.318155976
1084,8077085.489619075
4827,40868197.83260959
1745,14293939.548859932
551,3936802.242312737
2663,26565189.29329557
1037,13836334.926167453
1040,8076860.702877333
1314,6382696.578011013
1915,9847548.512437861
3338,28421870.34434107
2152,20183866.866656393
3165,26508993.35673564
4562,37283275.67875773
2856,21434372.155917753
4310,37444939.38174152
1363,16938556.13669673
685,170633.03200666793
4856,39615496.43363685
2051,14496954.951759199
2707,18184602.017838445
1261,7698072.3876467515
4819,40691018.56705321
1779,16446886.592773497
4775,43580863.2835244
4194,34578344.64143638
3781,25973335.110391267
2036,16573491.372872084
3664,26152862.783352647
3270,23539612.340733986
2463,22445677.175219487
4345,36342542.71678326
3935,34242696.786305994
1061,8415521.458184816
2921,26739588.690276068
2635,20839791.305129666
2561,24838048.49822674
2680,23473916.81841463
2460,20059009.388546146
4379,36668279.13252829
3779,31178417.897075247
4384,40860319.54593877
3770,31896312.867736366
1082,9651161.982816475
2113,17188527.428847603
1601,16337552.657735033
788,9427740.017160514
4359,35050475.10906211
3560,26013075.456131574
3426,25702095.58486494
4602,37263512.38137341
1683,18510782.51835725
4835,38929470.11225926
1946,14785629.170103306
2249,13709842.060254062
2403,24764624.30680689
3675,32107084.43794438
1577,16004029.910017572
2877,26901064.155788124
1347,11281809.31372311
3376,28261771.901242606
1739,19377805.82585598
1832,16194742.66795741
4006,34810575.870191984
2879,26643652.151601534
4622,39904793.99726793
3737,30511492.489200518
2865,23818348.471558243
2912,26628921.313927826
3674,32720008.57980418
872,11480697.797058385
2449,22245290.949929517
744,8741816.840776164
2340,18381299.89964666
3927,30672551.466784295
624,8333892.023054483
3253,25301444.795950875
2419,20289896.990649413
2135,22217069.722913872
1925,20061710.877035268
2040,18225366.492391553
1030,8351581.260498869
4849,39421863.26896948
3603,32426980.423166845
2301,19298502.167661503
1536,11613152.820969207
4228,38471324.26922392
4511,37632800.41738784
3963,30972232.537024762
1642,15572820.566797893
2255,21953655.239577524
2129,15008980.805636719
1262,10494638.259941196
4457,35915949.89723476
1057,10812861.497350428
1339,13608024.968579575
502,3361578.2661615433
1551,8929746.472281925
1904,19327396.263798203
656,2888164.1882683616
2437,21309552.61513163
1010,8684057.303807953
3904,32719331.715612225
1637,19049701.915120576
4414,45426844.840865485
3821,26667687.765804175
1214,13663718.46599877
2786,22819256.68196706
3154,29375563.541137658
1490,15791789.22853749
4929,44661234.42159449
2660,23134894.745488092
4957,37987270.54513493
2644,24934948.46612886
2563,21857992.728432193
3103,25122470.354597602
2477,19387328.357885115
875,11019006.707315387
1241,15738108.476022132
4985,37293942.323901094
3167,28201856.727436792
1740,13802838.443732064
3970,28358182.80542366
2867,24379117.462289024
2743,20444586.65943132
4049,28658740.316599406
917,5990778.5833263965
1106,6764678.2462584395
1067,7595939.440809826
1043,5366347.769138932
1383,10878579.674121358
1723,12644252.615748081
3393,29270841.631436974
2568,23324616.959194947
4209,35452445.730335325
2286,18581666.62637947
1957,15868717.212923056
2414,17800775.037765905
577,3177016.0217701895
4113,36014811.60423621
1808,10184892.204048607
1147,9933825.185061174
2687,21525412.815316398
1052,11213396.304124678
781,2972964.0497329477
1781,15285442.116457818
2346,20796953.02407732
2987,19181806.344128016
3293,24121016.08141479
4211,34412630.45956162
4699,40134440.72290292
3276,27755497.9333381
2096,19449362.758849423
979,5593882.462078037
3812,26729748.95081592
3718,30997517.41727037
2463,17015940.285357654
2642,19540033.02185659
4398,38980835.06447912
2572,22143298.670300554
1795,13655565.284233756
1438,10409905.48607711
1261,12950764.670667494
2169,18987912.80694995
4362,32252330.07303193
3185,20636528.80069716
4399,41837405.497920446
2431,16780562.324047327
4439,38095089.50990037
1626,18540078.797014523
3797,31818792.70649947
1703,12822689.970598387
4635,33801852.874912865
4272,30855968.391039908
1019,10282084.546029158
2783,27616928.968849953
982,7669622.709886413
2977,23148838.613551907
3593,31836443.27243356
842,5678158.238285759
1962,17519448.722885262
1702,14741404.350256538
2121,16739595.824265834
2898,24137385.523790438
4096,39057456.34394994
4035,35093598.83230287
3377,31293502.412767936
2890,21363916.91723982
3851,35095808.442822725
3413,30221061.426406953
1689,10013211.710321896
2840,25339372.2001133
4080,32100177.589615967
2103,13186588.971023152
3797,31765327.196982857
1097,11393127.77318783
1144,10606824.205933688
3402,27888584.245462734
1263,10112243.984625004
2142,25535764.02802467
2797,19828291.83441406
2672,24994765.947071612
2660,22326268.91266695
4249,32428600.481198903
3422,28230802.848114263
1079,5453202.087234147
4304,33645528.77957944
2868,23803197.022493184
4432,31802648.824202612
3860,33399147.615464173
1600,10908716.877265403
2170,14004837.125959344
2720,19518746.79251489
716,13255862.48550646
875,2065807.57439348
2109,19180369.266309373
4606,35593091.18694214
4339,34661615.48544732
3439,30323792.786041
4562,39160456.14451676
2113,15861910.742514629
4179,30358527.980100118
1796,17234422.921101917
4496,38625131.57902803
1655,13385091.473635435
2866,25253833.151425134
3391,26790511.557073392
2472,18294887.304895636
1284,11283886.543363225
4992,42493098.22327455
1581,14575750.808657302
2533,22791488.040230017
2114,15630263.380132623
2916,29073643.374274757
4153,33196857.433984127
996,8611253.045570226
1004,5076032.272346396
3886,31506434.53110815
2708,24260713.21055455
3716,33015531.838077992
4166,39013822.211560346
1908,17824704.68747638
4864,40742739.58739911
4577,36277114.66545704
1977,14830778.77530098
2897,27086745.544004466
609,8725211.055216726
4054,30200961.89745368
1149,12361287.661460444
1999,18943151.07418753
1095,6418573.344957417
1478,14445370.41436753
1230,7691360.621554578
556,1839878.9030204657
2743,22463692.75892385
2201,19381444.115764968
1786,14942787.58535066
611,14489320.451563923
1701,15744553.687704923
1447,13017425.4578961
4621,39256773.90994227
1257,9732042.986799708
3888,34892437.186280616
2341,20811005.838531304
4035,34225515.111677475
2793,21471639.331399184
1604,9139009.020652719
1161,8783841.732768128
1408,13111901.568779677
2356,18513901.560765162
2811,24363181.501202114
1289,10614914.369431086
671,7659738.453879571
4860,36949527.62237406
2486,21466670.035655245
2385,18157137.56094581
975,4185151.1736080917
1549,12896537.630914874
4629,42640952.72145414
2811,19112270.776462052
1661,14646176.751182599
1315,13912731.189792674
4266,42028092.055433355
3422,26897201.052659936
1253,9127998.18618706
961,5187923.412182201
3739,34333549.004538655
3202,24013757.012282774
580,4528210.70467395
3304,21885186.367886234
1369,14603915.528035577
1306,14922774.842334079
2434,23009325.190753095
1203,5808024.155938846
3023,27005453.12233792
3139,21093988.845827997
4409,36446120.90619272
1664,14927232.73995139
1119,10882549.654324796
3566,31131909.597912405
946,8543899.189322183
2837,17808711.461814344
708,8269363.026398596
2960,24972824.423383243
3942,29828140.6258863
3211,21979807.736590173
2837,28316066.557773076
1791,19021901.61487205
2698,24701872.221922364
1900,14171100.266295891
3155,18689013.343365446
4512,39390037.526305705
1204,11732060.321565226
1325,10476013.07278347
1504,16406418.92009363
3960,35223992.60188855
876,8536286.464692548
1472,12881175.253613342
4713,38856903.15279904
3576,31647819.618504237
943,5971570.960371035
1254,12309949.36535511
4104,31070227.166591227
2671,26377665.515256703
3205,28236385.714725703
3965,30655315.21508321
3211,26929787.47208925
2907,21694640.85991588
1122,14488338.513102388
2223,23652627.953413628
3822,33664671.047688544
2419,25021969.702963732
1418,12799387.846617501
4715,41010537.70152439
1081,13322173.565729266
4381,36030769.21345225
2186,18701311.571952034
4409,39072969.80428669
2499,22931493.89678798
3211,24421617.83939684
900,1639511.886185593
4148,33657415.81220885
3128,19733257.462324463
2156,15274947.991683355
1120,7337139.128398847
746,5262073.06717962
3839,34173314.432490624
3510,32193038.62219078
2868,25470222.159421623
4494,38849520.92818542
2339,21680361.36910594
3403,20733510.02633723
4895,40190593.04602135
4998,35594623.83648998
4191,36055418.42701462
4341,29448675.55804091
4848,39242684.3939479
1892,17779309.32805876
4250,31646726.155051064
4755,41925147.88153966
3508,30583866.50985524
4800,40542474.08751373
3838,33798004.76253159
4014,32034399.736700032
1259,11527756.591270426
3268,27174154.7167026
3588,29666353.166151565
2615,19903906.77005877
4728,35096403.65583188
2223,17773424.952131573
3466,27552156.2784172
929,6221807.03744933
2855,26396161.345430072
2959,21155380.14643316
4692,38021472.52332628
2218,22243019.134683758
1765,17847388.057798658
1808,19112881.655291848
1550,11627658.267877318
3973,35136864.377183124
2749,19803088.809065606
3309,26644378.132550377
3421,27822732.56765942
4541,35600479.36340597
2917,23250558.035746425
1032,7775872.217507942
1398,9236818.566694913
3154,28801240.518017374
1969,16204649.991377192
3420,28964309.631751858
1752,15507330.613578564
1269,11316179.275330065
1333,11942413.638169285
2709,21755748.339906935
3924,36647190.60554459
1591,16010234.284906076
1696,14623146.09831306
4414,34970836.69210181
2160,17923537.47181276
760,8332864.549115237
2764,27611820.277608935
1685,10360857.366004866
2949,26571324.27592533
4033,36644170.910335906
4870,35499844.5902843
4801,38864547.36980618
3844,28558446.080750883
1366,13219588.835031103
592,4660947.202933343
3678,30033582.799359623
1851,14574832.578164577
864,10072490.298304806
4218,35431098.881794415
2424,21084780.292118967
3595,30241865.475244362
3038,27021472.641356412
1796,14582084.43543103
2776,28310324.36262278
502,1311615.7463444415
3992,27758244.655491054
2253,13597958.29417428
1410,6041235.642122693
806,9467509.444460757
4731,40502103.09784792
4515,40743329.475326784
1938,13334085.355883434
1372,14212384.364236502
1641,14298472.186447918
1165,10819759.497467577
708,8540868.686048824
1451,10339154.74681267
1557,21217747.406213462
4508,41059640.91282606
2368,18348882.138013918
1271,7895785.826829957
4530,36976287.51458593
1021,9714775.330746127
3855,35036845.77912493
1900,12693837.265295021
4238,35760460.829597495
4843,35156954.92675563
4223,36093072.78023335
3747,30653487.33862585
2358,25674039.28685729
4564,32873992.367340967
2898,28295825.144470315
642,1024505.9945013449
3351,23826369.17678049
3969,27720716.324583504
4195,35311057.82535316
1217,7214903.567738799
1142,6091005.484158386
3940,33128302.804870144
3048,26739326.157624073
4193,34663547.91245098
869,7465342.552935341
4150,39686728.89731154
1286,11725508.79872591
1449,15009074.421766747
1021,9596766.377069876
3443,25250371.135235947
854,9481663.04570605
2835,21712608.065590624
1982,16583041.585882291
2147,19092208.045680277
3545,23535745.79934007
2715,17891493.628324814
927,11144377.51749269
3037,23304760.660203166
1044,7503034.032673417
3264,27611315.19211246
4265,33962982.20863439
1158,11516765.14492837
3327,27462634.633800868
2558,22059808.850541346
3827,29510424.829273243
1230,11420784.469842782
2332,22971267.260506332
908,6560755.351657405
4679,41177954.900816455
3747,30821319.045032054
633,8267444.967933813
1166,10714313.955059333
776,7107767.239706221
3807,32505189.046229098
1381,15688792.686906748
2560,22188291.882645227
2582,23091592.492725194
1737,13790545.259269895
2952,29328659.421985075
658,8185011.332789015
3096,26001125.38007502
4315,35152038.98323598
4874,42925724.80781933
3026,23389387.768864222
610,531374.9511860013
1041,9545198.798273366
1638,17674013.71934303
3783,36037926.43355402
4110,33558118.16969836
4955,40770762.99182535
4057,35014591.29754786
2919,23558951.743408706
2256,20597217.84517345
3586,29431794.746795196
2806,26482104.77157054
1475,14968941.539293472
1222,13206683.496907298
3070,24944047.065593734
824,13369781.961506784
2029,18683735.827138416
2445,21301882.160460494
4986,38605171.05829909
2930,24148784.53955434
4611,38231139.282107905
4010,30716968.1107271
1345,10883048.562692735
1067,9038599.94569097
4188,34671761.98276965
2679,17143879.02987519
2519,20746188.377887208
3819,30419961.450760204
2820,23497347.551125303
2146,21273829.69854077
4503,43181186.476363614
4409,38307131.59893388
3920,28656733.483800992
3031,24211779.144502398
856,9635889.926493274
3581,31097871.48928707
2780,26201977.206359223
4631,37755947.017128214
2960,23589499.266903482
3287,32553272.011748116
4709,38848011.810108915
1697,11525976.871936657
1778,19649400.971098762
965,4231713.525816665
4500,26514864.332534183
3848,34092160.274112724
1987,19628102.913073894
825,8842038.825834073
2265,15212631.74802385
4662,38119390.434273034
803,6589494.279338386
1940,14908132.967322832
648,10420208.292427838
3534,26132001.824104935
3131,26996313.3593192
595,9342140.950987725
3955,33784324.57595711
4877,43739355.11748612
2869,25643144.167286787
3967,34024049.011476085
1028,10324504.606496442
2810,25320329.79995045
2163,17147382.707763217
3864,28006378.44438164
2841,26590130.234389927
1192,14021226.901517298
4830,40395936.43271813
1451,10962873.14109689
1860,11206848.650411086
1038,9561421.299770165
1319,7505148.965846086
3662,25829037.492086224
4425,36337805.41595292
771,4876691.496435957
1528,14259928.668494312
4165,33842113.19231438
1742,13116096.30133217
1641,9013254.757813103
1092,7177335.622508927
2105,15391590.529846728
4710,35004076.97945511
3877,31028867.114272844
4571,34126244.02647605
4802,38924771.758126356
4194,35273233.64100597
2850,21321490.13683247
4707,39932225.88825575
1940,12435926.386256889
4126,30671467.804811127
2382,19716348.107125692
4211,36749123.27566592
684,9074198.6244678
720,11597171.866472676
3688,29374233.37554747
1593,13361496.043965086
3445,25461973.412946038
2974,21030701.00402693
3115,26605716.258982576
2512,18768385.50166127
2990,28617137.600051872
1100,5412842.804397828
1660,15739059.617474088
4813,36486782.283548914
3235,24418654.59968375
2718,24361336.195756093
1652,12188358.691676276
556,3900647.7974402998
1704,12195524.909345293
4841,45083089.37484033
643,4291541.066759971
867,8090656.652298289
1982,16250259.199156778
1115,10584251.185172783
4138,32259789.159102194
3828,31021548.29637505
3727,31997856.026981805
2088,15114978.585991025
2989,28179964.069884464
3503,32580441.557124898
1198,12403477.878476217
3323,27793629.15078945
1444,3580195.655386392
4381,37320873.39796339
1422,11202008.784313407
2246,18229176.76574738
4620,32267868.00843155
3353,29304765.457622577
2059,13126256.859519137
1583,14019273.637974182
4038,36017972.445729524
933,7056015.456047343
3426,32056155.17568532
1589,11471028.865378458
3457,30457299.230193004
3112,21981642.745624416
4691,41621391.30404157
4259,37699971.14773787
4763,40509073.768891186
2589,20532147.590158567
2402,16009998.129715664
3067,24364079.05434163
2498,24314921.527244367
3614,30301885.614707347
3494,24292889.21146265
2510,17705817.08174018
2391,23887454.20255684
1330,13103738.256383657
548,1681999.6377802165
4710,33382505.51147622
1678,12548873.596199801
3533,23709923.876030244
570,5092496.529978998
566,12882876.115508912
2277,14425131.772902485
2728,22265923.010381356
2289,23247779.725993752
1112,12143263.574900286
2386,19641777.855602585
2122,17536953.989495408
1196,7100270.652726263
1737,14093032.68998334
2906,24978322.14272039
748,10299340.629822271
1137,8235473.129455732
1449,12022494.615809612
2404,17384359.557729952
4087,34371975.538621515
1611,16239338.350926891
675,8288944.040289684
1222,7265438.773672935
4342,36176589.62836924
4174,32360062.415249437
2447,23609150.0469585
1202,10132061.831679385
2628,17465459.985276747
1426,11748591.8831768
4733,40239417.707596645
4004,33764018.1894284
3017,23600611.959044058
2897,22420179.83038656
1649,11229486.80535105
3880,30855751.138994083
2378,17456963.10042259
1753,17934257.958531946
1983,14160587.82780515
809,7838853.387086604
4452,36778911.709979
3549,32229002.343654733
2064,20780104.866875112
2000,19087909.829843983
515,6178785.02987039
1105,6694061.561717827
1881,12841389.736785227
3883,29526927.54070515
1394,14407762.998883747
2067,17755989.784751907
913,10909971.722206688
4620,40968408.202960245
2504,18854144.299102254
815,7616222.982671562
3555,29401018.96394923
2349,18808636.931127355
2453,19019471.436425865
888,11658266.510233171
3269,27307915.180146504
3546,29407434.365679305
2915,21911666.97539421
2889,26137637.291240513
803,4408677.497485954
1263,12468716.586534046
2473,22230688.080165487
1315,10282454.852029294
1377,12968956.243549539
2826,24165008.67713346
2929,24313918.125569552
2560,21518831.940435696
4898,40369345.46958056
2079,18021735.018016145
4755,39220726.09403112
2701,19296407.429363575
4097,33319367.146983184
1703,15418845.803590616
2924,24683866.185617875
4375,38861250.77818541
3323,29444259.768498365
3785,28668771.39484059
2563,21004118.675836816
2479,19897990.039658435
4848,39770954.54011845
3631,30039055.8004839
3592,31570565.007719547
4164,34843985.08942343
2836,27379635.015625652
4114,34635009.41298708
997,6484228.43898817
4317,34134158.13949534
631,7859367.212195275
1357,7013495.206482944
1020,5122358.755719865
529,5264091.621375691
3896,35020766.3555635
1760,19001106.295864634
2058,16812682.758934684
515,8302486.060957652
4105,34056803.72930669
2107,13261755.053270308
4017,33111770.390564892
2516,19271275.626135346
4074,36346692.641433224
2243,18866974.21893654
4291,31494260.68033059
4134,29572855.567274325
1588,13641060.127756648
1861,8627347.585620884
3872,30421504.130516298
4973,41477090.97722852
975,5628950.487833926
1789,18293961.47071599
828,11197019.649252076
4544,34301897.141744144
2339,18817867.47741054
1686,17472079.453964412
3914,32308077.397234734
4036,29104564.26570294
2273,18754036.79430694
2563,18945215.03311248
2344,23076593.689277656
3058,27281796.282973766
1762,14154729.164203117
3791,31754444.03759012
1518,9219635.26908254
2289,17050667.624327164
4024,37851837.56307748
4004,33192543.957739003
1306,14238257.414374094
3166,27024039.265224084
904,12174845.529088574
1093,3747487.402202341
4449,36027347.247942984
4607,42790344.93864917
3780,34108520.30668193
2712,26672116.776370574
2042,17315706.21903053
1113,8292680.75375985
1368,8862506.620936215
1311,8197215.725015469
2322,21997181.686625555
4677,39955633.15126256
2244,18752279.65200892
2756,24572571.964555044
4542,37763355.27715618
4167,37222653.10419845
1021,12026060.26472451
2025,14002377.698545473
1969,17572937.96240937
3175,21393399.749417752
2013,17503062.214271788
1951,18420912.839104757
3930,28498841.965620518
3507,27806611.7936175
3624,30020579.131659407
2253,19725744.74912017
2112,17060188.890325494
3775,27683135.542785984
1055,9277978.394242225
4751,34051269.299177065
2549,20694075.689953566
1324,10267879.158909211
3349,27389202.979681738
3530,27562034.06757295
1581,9124957.485531399
3825,30500970.038231462
992,11728460.375111958
574,9376382.411966413
3491,36246002.8361578
3860,36954951.225192994
870,4369186.219995688
828,6398687.196182022
2290,19251643.09548667
1276,10951320.4972989
2522,21384599.989688676
4816,46750774.26464268
1687,11249845.362622809
2003,14883406.591357104
3791,36259477.79026728
3825,29752055.970745444
687,7676741.951007147
1714,17815972.109604627
3786,32747497.05019609
3946,33143296.89930748
1609,16687832.309081951
3021,22488794.33048509
4379,34542910.611512
1030,10846912.76539549
1570,7351682.222357247
3636,34337751.47003408
1462,13606177.125593344
1905,16699095.25834345
3637,25204461.36707683
1016,5268172.623800786
3664,29116249.007097416
1991,19350289.550886795
4189,28282151.963404246
4728,41189094.40233207
4909,39191906.0276749
1090,9049729.581775045
2043,18104778.82507242
3556,30255951.713539235
2706,20510714.23019021
3839,33586730.26540653
3208,19705805.580310684
4529,35880743.340297036
1247,11437045.289530711
1300,10365152.054356575
1997,11495269.088102054
1879,18306082.136281412
1179,6686836.563618843
4270,34957457.97741513
3842,32195103.79120287
1396,12227481.461296102
2046,20875032.777591445
3626,29848212.32001894
1183,11746366.21409082
1795,15192287.900546277
1885,17918868.252498824
1442,16716485.89114257
3780,31652625.488416582
1533,15609551.072748998
3286,31653986.804646593
2733,26935552.740922816
4145,33004131.78916637
2120,21069297.067235503
4035,34026313.48014158
3705,33991689.99320174
3382,29761903.75068885
670,7187004.228108564
2053,18725916.241039064
4397,36941713.868116796
2095,18642999.13540953
2123,17507502.918254275
4622,37220826.97817745
1591,19017524.78811801
3337,29128583.73333355
907,6536085.233305801
4669,37519747.70571107
1179,13600775.360343853
736,4679439.869734142
3274,22745916.954566967
3937,28270652.578193866
3857,26669073.199385636
3377,24119555.425206624
2923,20841402.18059757
3647,34331712.13882442
1532,13117462.362022195
3354,26742209.382589847
3440,24189760.810944278
4201,34178620.80758598
4570,32348015.812307425
3632,28947748.486140907
3960,38873483.169531025
2423,22375410.736119095
1133,9434605.518936409
4603,39918370.81621907
1892,14571370.465617295
3946,30165966.771362435
3598,34896388.888598524
561,2061176.0382391796
2969,23689636.29296795
2317,20454099.84709053
1132,7247297.382727656
3098,27735814.86089423
3951,31688216.426073242
1800,17391730.98270057
3153,27981952.539251555
1954,15902963.60812251
1638,19235976.017772958
3692,28539992.589699674
2710,26726611.41164621
4259,38596799.72788412
3529,34544646.62298132
1860,16402168.118029062
2926,22042242.86421603
4768,45374389.75598864
563,4499895.596070907
1845,13319372.281883392
1474,12222639.762285562
4661,35342927.851528764
4128,35602446.475370035
2122,16158994.854724463
957,7793547.490285384
3830,34543336.58499489
2240,20791079.630528573
3526,29254753.717708975
2454,21144620.586240947
779,7268766.291894625
2891,22834534.800747905
1540,13312420.017456638
1461,14160524.87647883
4345,35381513.613063484
1717,15995302.890690822
3720,28249993.664730858
874,6180319.046562886
4630,35837038.49017807
1892,14440605.88462278
2576,25469543.140118275
1274,13370116.37933108
4816,36297230.64394696
3924,33704494.889225364
2623,20812253.06205429
4093,31696846.243585303
779,2774781.6028324794
3311,30403756.081460733
2842,19644410.550998583
1974,16636110.465970377
2357,17017066.262825392
3389,30439531.841209773
1559,12468944.521058148
2422,19972612.033438966
4299,35089797.2112099
2973,25691711.00480735
4639,38151014.29194993
2351,19678180.433116652
4041,31772794.074235667
1094,5027811.879973721
1006,5692347.121374434
520,7315439.216041937
1899,15274541.610021107
3701,28615970.666832563
2961,20470815.566745866
4178,29265058.579728942
836,5578379.359615404
2167,21000158.56213577
4076,31936789.419133045
1409,13473456.575724343
775,5390820.511806127
1391,14044600.088086547
512,4040747.594573993
4557,33760347.26334851
3525,28393140.79630167
1473,18286001.254841223
4770,44529652.94665256
4470,38219599.90833809
1908,15852823.553758893
2443,21455705.40628525
2788,24254557.01619987
1046,9248339.742898695
1718,16066832.059767852
1920,16984680.58646069
1954,15684082.84390706
3877,28430229.60184907
3272,25795822.273339503
4598,40182556.54722079
3238,26809613.326513905
4247,35876860.67476252
2342,18886953.41688676
1246,7789207.484968126
3316,26812110.855384532
1371,8900632.297751945
994,5693132.479189346
3944,36168909.826608226
1575,12339741.98519735
4494,34727545.8236199
4737,43749879.05314272
545,7804955.106212725
3556,28333472.323494487
2557,22738908.976657104
1163,9596635.045217892
2529,19153960.962161202
3196,27992073.673455015
1139,9139094.344039392
3163,26530494.02699821
3245,30024089.704699013
4902,42949639.31138613
3095,24109720.12443177
3927,33874094.80686126
894,4768431.261562732
4097,35127242.48394711
2832,24101485.917403318
829,8768938.087090293
2597,20883665.736067303
1272,17428213.82095747
2145,15456100.877139058
2232,21770655.132905386
4973,37688905.040695004
2287,20809032.523887962
2123,19711369.93175535
1499,13156927.614686856
2348,18298026.76836889
2061,17911404.672235895
1273,11985031.000290524
2303,24793809.458918847
1598,11166979.144099113
2550,19732259.511057995
2098,18638206.67120801
1247,10207838.628814245
4473,36483876.8868082
2822,26787055.50609128
2053,8963200.489712296
2115,16126151.964946566
4254,29804892.32124625
4924,36804550.68928779
2802,30629873.47621741
4721,40562504.40185827
4155,37094694.77517431
3895,31918411.050640706
716,9004141.47449573
3816,26228306.477439255
1859,18986895.235308804
4274,32732467.6443203
4777,37622052.54202226
4929,41947453.21136396
4978,41773340.27574664
2396,20421860.145180646
4927,36326711.53925905
1399,12491441.006464925
1141,13009684.060449686
4127,32418538.71170062
695,10504811.136020888
2393,17525924.19225797
3775,31219643.67515512
4550,42005983.20012984
2804,21387800.26190117
4100,36961956.45013122
3843,37667957.08666543
2556,21961132.20677245
3308,25882949.03785008
1724,12473783.59114993
1386,16001808.110041976
892,11966082.598018948
2175,22747927.368606027
3690,30421484.94803216
2946,27681420.824581314
4405,36093481.826621786
3838,29054834.635174923
4091,37100530.35533706
4266,40029610.83483461
3027,22154194.08165604
2681,19329707.11129799
4264,35231945.80269037
854,10700385.817223
3131,22646542.41873814
2021,17849047.210867718
3172,24604719.137820743
3678,32526487.299475007
2837,21302339.53551233
1128,12339409.000822537
3179,25957355.567546874
4922,37564578.42895687
1938,16695069.866280666
1921,10554080.056534942
1626,12330716.283685181
3183,27476203.210973985
2280,13924735.662904315
2031,9534589.440683767
2414,13293898.040560499
1732,18837385.66650111
2456,20417722.961711813
892,6538603.817978438
1325,14435464.20700049
3463,27490650.952592667
2895,24965385.699600197
4645,38237266.05276979
2292,17923001.737741068
3564,30394437.65166732
1863,18223783.664260432
2848,23229280.14894904
4051,32026333.280536156
4128,32996462.77600164
3836,24794262.401642807
2065,18369178.639526736
4167,30708666.133034345
2713,24593156.172356773
4596,37496727.697974116
1519,13467363.289591322
1784,17372987.511818606
562,2716428.7009771955
3030,26347745.33005287
3892,32938863.157687996
3772,30621657.50207162
2769,20367441.397709385
4747,40761715.09216549
1143,12254363.633257948
716,7068806.077933652
695,3349092.7528560655
4364,34329652.90122364
3773,31003001.8327398
3194,28617483.64994628
3712,25945531.79666065
3255,25348589.60708687
2021,15959982.320173394
1580,13390335.261790913
1221,6864024.147925459
2062,16843401.66488
1139,9180549.307062231
4760,35967224.38553103
4810,39126097.247493945
4287,33672492.7096435
4236,36374758.42752912
589,3056017.316986984
3421,28637502.366385367
1751,12582833.488312196
1602,12016737.285523562
848,8675874.883116217
4413,37008153.198526464
4552,36164933.45226492
3441,27719768.145001996
745,2599180.6646714276
771,11376292.9317421
2530,23302369.193634085
4998,42938344.15261332
3687,25710903.349131353
4006,31261530.02253214
1965,15716361.913229132
1695,8766815.523897963
3587,32365850.28822826
3508,33425653.465644408
4323,41769804.86801084
2114,14774348.51744679
1626,14359970.490502821
4879,44000454.80745126
1016,8367144.563159139
3165,24619036.258471966
1801,9809946.979366526
1111,13285867.373315249
1249,10934217.731779905
2356,17659974.423110813
899,9043571.86948658
2026,17667016.119535994
2524,21696777.307063773
819,6900705.813019974
835,12547074.476290096
2598,21383020.800212733
673,11241966.228969913
4519,38844350.77920059
2141,19181510.428285193
1000,8660175.740165533
4146,37089870.08063776
2863,24242975.302733988
2356,17051606.354659405
3652,27319523.427005894
2396,21435453.865802817
2218,16021863.344500512
2278,19037306.8290825
3557,32627553.615653273
3213,27615910.533683002
4328,33457595.389013756
1594,17981962.534848418
545,7003625.710984104
1945,19613378.96161227
2696,15765324.970372092
3701,31600558.634788238
955,11166473.50913968
2162,23396865.926893976
3424,24000544.247546874
1465,16338343.767583597
2028,22157140.857103735
3476,22756133.068163063
3571,31003773.32960923
3021,27020862.443022106
1626,13026977.01204428
3904,30761716.61980113
4992,42939561.73986347
2843,21899054.739768103
606,5196252.014745707
3077,28053304.702471763
3654,35494129.15098059
4883,41677952.81762605
4553,37824453.48624353
714,5162807.546017689
4939,37480199.87804683
4789,42640734.72450285
4753,38563650.44661935
964,12164109.824000185
2872,22987344.366013616
1091,7780134.015916966
2688,23766396.66648255
1383,11834392.1821948
4658,34647414.186167784
803,12876104.989345543
4991,39047048.678685084
833,10446774.56352264
3333,30189569.888189446
2831,19869611.70525693
579,2624837.0661505465
4263,34199471.98089962
3331,25051060.36626505
2477,25995369.115636066
1232,10255473.089604465
4476,39477247.128442205
2317,21076912.167000614
1884,16864067.34698906
2624,22112963.632218763
1698,18295392.12336609
2792,20860721.07999495
4717,43915005.93136976
684,2610330.458487715
4627,40360535.17686727
1497,8760508.420180652
2486,19940883.34331912
3309,27751929.8141829
2857,22395913.953511458
2179,17886991.291149326
3539,25151088.65620762
3011,22125648.593829345
4027,34710794.12158765
3526,29297015.474932335
3245,24888415.92253548
4673,42356833.289389014
3081,21988207.300029352
4703,37539228.60240781
3311,25971031.165464584
4590,39565112.88328313
869,8096491.073411583
4243,34619504.26039621
2504,15499349.888398282
2203,21219103.44189628
3824,30938522.555504788
940,8866983.05283126
3757,28810310.339718368
3406,25530513.711548783
726,11305863.275427062
2901,18888284.265212763
1524,10029402.916651685
3991,37369476.45800724
4756,40970239.14299596
1370,10983612.404772742
3699,34331788.94286596
2245,20300580.349188026
943,9241980.275923258
972,9452686.051307254
579,7027714.651643481
739,8429077.503892358
1089,16299919.158687871
1860,15295321.564981984
2384,19579858.435555387
2816,19817320.43728786
4930,40284307.83953694
811,13076660.698634457
1576,16561455.00730397
533,3632996.7683740165
2341,19818124.093563855
4981,36958684.873245016
748,4076641.967105081
1634,14520323.457841152
875,6516636.191538641
1223,7650200.631864745
2413,21773522.294213675
4797,39129249.74004003
2992,20233348.88492688
2442,14310559.101496637
4504,35321965.50427724
2844,18987204.569675416
1831,10041265.780588038
837,11082907.604206257
2365,19626867.33040412
3637,29299660.86532349
1291,10762782.551547753
4111,30474503.54762109
4200,35832928.4950425
2016,16735899.019802378
4453,34351774.03206176
4408,34441113.946425
3173,22701623.860363115
2622,20757271.381294496
4285,34561116.357652456
558,4167150.0126101077
2933,24629463.67202476
2562,21260464.885714732
1754,15724305.615993822
4188,37333291.11076479
4248,36763070.43163924
4630,40903769.52153101
4757,36512797.31052131
3529,27706155.31773403
3346,29728790.051837903
970,10774433.01429626
4535,35244138.14738935
3399,30026751.777345225
1946,13737403.650062175
4943,41987167.17242538
1412,12217111.397403076
4742,34782693.18828099
2211,17385778.53472178
1174,16938803.42908648
1939,17120341.088414986
3234,33773349.93015478
4130,29708220.41037489
1185,12732225.377991527
1626,6404991.424578653
4716,38727293.54525565
2966,26621652.132953964
2897,26689670.284988828
4637,35698190.82625876
3938,35621271.265930206
4624,36390855.71986592
1465,12227708.24666281
1419,11052033.341930099
3372,24566831.947803006
2008,21773158.762262575
1712,14840053.45147423
1371,15229955.135975884
4890,43254133.7252938
3754,28128179.35718105
1363,15552381.743014805
4453,38134242.730647966
3608,26741294.40658133
3555,30786552.494024515
4494,33883096.345395796
3182,31275375.10393592
1113,12345360.23476629
2372,19762554.313426893
3654,34026410.85465155
3873,27238037.06588939
3691,28279976.099639878
1067,8778740.834778886
4633,44771054.04427655
744,3740551.2973797834
520,38082.17477797903
893,3810843.456505188
4314,38230647.607616805
2555,19657423.18838343
4015,32642740.00689416
2875,26288497.92502345
2410,19805746.116126265
789,7924439.813524167
3058,27069645.442829087
860,6587970.824119354
2122,17477048.82021095
4814,40237866.20696303
4594,40356537.81915966
2953,22246892.207458053
2515,12058272.234510662
2540,23358749.44815694
2544,24135147.756250255
3300,28000102.486390516
3470,29564879.656869605
1331,9955070.31757949
2293,20844550.264604773
4192,37095500.45905256
2291,19497489.024255455
3341,35201744.990021795
2654,17540776.736985862
1080,10128885.01256904
3353,24300941.113048054
2736,25527537.77187067
4676,33663573.71587346
2655,18238235.371846903
1844,13852439.178352386
845,8557496.509566199
2386,18301585.83401515
1054,7675676.21220272
4270,34617328.63522174
4897,39449279.52281548
699,11054348.164955571
3440,30577733.359006904
3990,31946269.780646067
806,13739035.733640842
3575,31074983.52456803
2156,15341113.834059354
3192,27305541.21997553
2264,20718537.634595945
775,5137125.842815955
3861,28730473.267581884
1901,16467377.270127326
2275,18119334.686081894
3881,36485383.66536633
4550,39623467.472254746
3960,30757674.177740257
2380,21317814.332845766
4335,39481384.42817422
4778,35042586.66230105
2344,16683665.277036743
3877,31982494.148161408
571,5674805.903715103
2176,18251407.48361142
1795,14427668.463636966
1543,12365819.03264394
3125,27152774.410464887
3542,32737827.66091752
1314,10069141.810934719
2694,29867198.035511963
4000,38882074.30722095
809,11459766.888740245
2561,23355450.003684685
4727,44839964.319410466
2377,19145653.905001774
3302,24918186.764029298
2986,23310083.821788047
4245,31951171.590729754
1294,11717403.966940109
4514,38011491.39238323
4853,40426519.51604332
3907,32218705.9434546
2956,25047463.584514845
2351,25016971.426549666
1474,14652155.602917252
1547,16143526.389814464
4866,40500369.81006037
4737,34049233.90459577
4289,29870352.588591468
3521,35416429.97062554
4869,38356533.17430633
4529,35381745.967544205
964,9448989.724131748
787,8947208.934989782
3695,32590586.412003238
1375,17323255.59864001
2492,25438209.147973824
3425,25967200.326083537
1620,16866203.720265366
946,7415727.245367604
3332,27243473.76670767
4068,30262032.38214591
3396,23088781.438505773
1221,10673314.862103133
2663,19436054.251666263
3082,28439441.03571611
1851,14964765.269439636
4480,37765770.65684962
3884,36174577.261746295
2225,14344114.454653677
1193,8370147.834350938
3913,32846650.87369755
994,9889574.447469782
1447,15886492.503816977
522,7777459.387121795
1628,14314800.877192218
1057,10366214.011791766
2116,18921227.67297147
4230,30430862.90597873
2156,17778873.567935117
4673,39129419.653991275
1306,12823652.57635532
3812,28722909.67980752
953,4817606.262413327
3475,28096402.22244576
2824,29494098.333274484
1947,14118257.461813994
3061,29009784.742064428
3011,29842218.92913536
3371,28104399.57869958
862,5856456.196039647
3954,34170458.690974675
3298,27968970.876298487
3953,30046688.059429076
3755,29063591.520884674
1717,16096739.556435993
1985,19680321.224505644
2603,20855629.396053836
3036,25080599.305335842
2355,21845915.71153324
1707,14138539.347478194
1948,15686019.080112347
2007,14789977.540818322
1503,10705946.129877906
1425,20406648.274669766
583,5075395.019762754
4242,39031174.964536674
4427,41467980.01255721
2042,16785253.13152052
1485,13985289.425304307
4731,39155435.446099095
1408,7427452.948023969
3408,23608080.963255513
3237,27042545.400712818
3086,24413259.384174213
1643,19818741.01518077
1831,14938281.183916144
3848,37636786.99120437
2053,15994825.811593367
2842,29472601.261826802
2306,20967273.490842037
2600,23489875.68731359
1305,9904708.129799051
4647,39906751.54121107
3275,32278140.299243752
571,5133517.517819587
527,4197809.553900146
968,8003712.383419735
4483,41724334.81501931
1263,13670053.621003259
1924,20735039.971413355
2748,23924868.13145281
4332,35773958.070333496
4560,38751832.11721189
4570,40770475.60323762
2175,17658645.272236407
1059,13578030.98007036
4974,41889491.67119763
4331,28429165.585909463
2418,22994480.281315584
578,1807084.9602140528
4147,36753518.28202196
1531,15952553.994714499
2572,22565677.792143624
1984,18503042.696630083
2745,26256612.363531962
2050,15913116.978567818
2329,22012288.979107436
4251,38497069.90887111
2531,26528247.792615436
4959,37354659.14182089
4356,37073548.194963306
2682,19571532.402815606
4969,37740233.94689551
2594,22829083.31721794
4403,36456367.44438841
3532,32691004.435565956
2048,16345470.651217373
867,7533845.691408968
564,6146512.787014554
3799,28806513.445690632
2535,19110790.464952208
3363,31252295.99731766
2376,18361134.876156673
2728,26371429.699349057
1096,11589937.742004883
4106,29205406.923533194
3174,27983136.075513363
4389,37679439.46928238
4006,34316785.82553386
2334,19246369.82085097
1895,13339797.633824445
2086,21726638.298337862
611,5583261.233831493
952,5965781.5189938955
3303,28796406.058264025
3131,23819660.087800227
2686,19640741.915144637
4848,38657582.163392685
2504,19035806.707045775
1959,13935273.244046276
2442,22955235.28678528
3993,32602516.5566128
2357,23612839.836547676
561,2924471.566810193
1994,11769316.887090992
1680,14886311.047748249
3288,32871936.765419245
2375,21592960.488086008
2708,32310122.5886385
605,6836177.362847266
1654,14938656.63386427
3928,25957911.98682625
4587,38979842.32176559
2208,19170003.280057874
3323,26361736.40538639
4425,35989663.39882279
2408,20059698.276973464
2549,20852212.541203808
4964,46981144.889377885
1774,14079413.916584972
1445,13067941.171561573
4404,35020296.74984138
2727,25166293.55993164
4296,35898291.09991662
792,6496268.280488555
2722,16998096.16227845
4473,37513924.67586625
2991,23999271.179260746
2975,24617778.029338695
4229,31284626.158264
927,12715846.518160587
3472,31346229.527531616
606,10140117.992921896
4119,37392937.90234286
3833,33440951.906382386
4492,33509152.47382067
1725,20330161.492215574
4504,34249094.54733747
4750,38194777.12777512
3868,34064706.84188076
1395,14429622.361562215
4405,37956710.180833675
2120,16759134.556012731
4363,34083205.11793358
2792,30939597.705818407
1885,15962058.184500499
4399,35706685.84608349
4092,31595330.52718374
2933,25198011.047212873
3306,28042068.40173421
3883,32015321.373887114
1801,16553179.940363659
1258,16354612.507327061
1246,9182841.881127305
1092,9865251.22660636
3386,26144454.642348334
4611,38772095.082476884
1568,11838591.495876743
3807,29879671.025697432
1202,6237429.877833122
604,6125384.348459024
1997,18265308.86571493
4333,41245429.059576884
895,9568507.443569535
4017,31786947.63010804
3153,22144962.736941732
3791,27664138.983003564
2510,17193114.981584083
4381,41682126.10634814
2488,21767431.49077911
2168,16595101.342214322
1551,10528421.184540207
3341,25159676.478818234
4084,31844101.816480864
847,11724765.648765458
1763,15014169.658826752
3242,22593600.748178154
2573,28515377.824191116
3648,26763516.58190231
1851,14035494.070228398
3321,31498433.162901647
4327,36861448.8978272
1169,8942231.001127372
3146,22473899.221718498
766,4227929.67322492
1938,13784511.642770603
3193,26565095.39354865
1522,13749185.45184391
2537,20850036.114105973
1064,9394358.558227012
1559,10319830.414417038
1924,17271408.318671666
4623,41825555.91051099
719,6263624.954751294
905,7693139.88071158
2137,18345003.156158544
2818,26898614.579278175
2259,16387831.001684079
2174,22744542.007196404
1291,12591666.718305713
4082,33742042.0870966
1809,19111716.50999296
4333,32117813.778370634
4912,41862136.60873412
1830,16930928.693519853
4946,37761634.80681862
1010,10461914.368861463
3072,26425915.53814146
4429,35895785.6409302
991,11516452.665690998
2117,16220737.242927006
2556,22258963.73753011
2020,16764978.652634043
2083,15819909.530976998
2075,19108654.055356313
4446,35944792.75795255
2261,14668980.62387136
2491,15524801.685846046
3679,32799172.404249605
3826,27946199.678319506
1546,14206153.480201818
3392,28300855.68088445
3113,24798404.669087302
4392,42006005.37164602
4644,38691022.055381335
961,10954900.448046196
4931,41302448.64601943
1881,15353381.730647556
1645,14102733.749292176
4015,37495628.296981454
4954,43896315.87780129
692,12391959.295065802
4034,33936926.278918654
1255,8409188.802897757
2184,17150449.166920565
3025,21636665.424604226
1327,13917132.386625832
1389,10354251.051768256
2955,15474046.161041468
2833,31055327.09498979
610,4168196.584535054
1292,9606227.223542571
3143,31158835.0779811
3914,28687245.647607453
1809,18881817.6595995
796,5605672.669727935
2129,14060613.666209422
1068,14661153.284134408
4611,40657290.84118758
571,8328002.953545129
4865,41022966.64036632
4882,41853304.89923304
565,1823525.92575587
1379,12366832.571733981
567,2749710.998647465
1716,10561178.442810837
3527,30448859.992124096
3739,34386448.666978635
3980,31689893.527315807
1007,8419961.322996374
4214,31297548.06475088
3384,28093651.438263692
1625,16280228.337165242
1385,14454583.210183319
3341,29363528.526892796
4377,34160706.498416394
3025,23249612.869718544
1425,14786213.4197228
4715,41155996.79665019
2438,19988015.04370432
4314,34233484.27730294
3862,35397741.2803371
3732,29776154.00556026
4244,37189796.67357135
3965,32309470.475425705
940,5377401.656888999
4111,38724936.42007111
961,9048191.68719443
1111,7755768.06033575
3971,28595582.99667439
3663,26433997.6052895
505,3921265.787716197
4470,42535386.650600776
3358,26110014.363977272
3106,30190364.497038614
598,5391708.994190748
1025,5656548.826694953
1680,13020366.434648812
2189,14669036.228787672
1638,11536094.644108437
4991,38270755.81437225
3571,23856588.3975562
3427,32954388.206444178
3292,27969051.090666845
514,3053164.7831456945
2915,24985273.23930017
3185,23973558.819073815
3400,20186814.103890732
1736,23758074.89967965
4600,38368799.630031176
3720,28992960.882055707
2107,12054255.5649677
4063,29021550.61457232
3797,36339475.78866471
3133,30569815.6463954
4390,38379645.107996844
4764,35766768.88477056
3308,31993921.96393103
1291,12677347.853833057
1499,14956773.345054604
651,7546512.833329739
3563,24983038.44612169
2591,18133517.147759337
4582,36125345.50077491
4526,39138919.12259934
3477,24674703.753270563
1342,11209960.755167428
4946,40038171.469510846
4293,37722219.06798273
2570,23584014.606822986
2159,15241322.2128436
1097,14116058.508461904
3013,21614280.51374913
4635,41356718.32570225
4770,37509565.304954804
4103,34315777.860300116
1716,15405962.380312916
2791,23921122.322126385
4311,37511497.595303714
1431,13622378.493800597
2638,24454947.389611617
4502,38409859.88103541
3478,25030634.223222468
4392,36945397.22367396
3418,26652390.292484
3064,22184212.56627815
2263,18234480.3219681
2670,22909706.79710527
835,8429025.083963353
1676,17576074.235420804
3521,33089927.356914733
1278,12232842.492272068
1685,16031319.131028228
3785,31565927.099526964
3947,34877676.39094876
4491,38388964.41651119
2970,24596535.71842659
1438,18959947.701012902
4506,35409449.90967454
2435,24843370.87012501
1133,6001121.221019188
1753,17464849.609354366
1582,17965705.055180512
2643,16422342.78697624
1785,15696851.719165282
853,9970242.123732131
2385,20835890.8123842
2318,20678467.80682089
3020,25568669.48712999
4508,33781256.520915225
3522,36280136.776466325
3084,24161386.4100526
2047,18678483.716336716
4518,35203480.96874372
4704,31804410.429937907
1868,13170461.378753094
3837,27353179.923174586
2257,22330702.617673468
2017,15315395.951866634
3984,31329725.98246011
4185,31287007.86218879
3552,29698106.196145307
3196,24418624.450916156
690,9497064.193740366
1432,13362117.969267482
4737,37180522.642826654
3738,33454699.15551106
2715,22743821.569069713
1065,9584490.717069853
1634,9684095.288804222
1243,10730741.601644058
1172,11340633.917953996
3411,32288700.466595035
1030,6984319.110290032
3521,36002325.870156534
1061,11158604.950486958
801,2849764.3718985775
4267,32600405.65774333
4780,43502997.49265046
1009,12801687.428887183
3945,32614280.444681507
2703,23073753.109173555
3334,24178169.178822085
1294,15316328.220706025
2979,21868698.7396766
2023,19718223.333370253
2694,26608127.105995413
3028,25368466.662658527
934,11374834.098366596
2538,26846919.12407708
2206,19451906.397632215
568,5018094.550704162
2404,20031441.42734545
4459,34443036.29198373
3451,26311248.62178938
3213,28031220.29147711
3869,31460150.533552147
4227,35798707.530553795
2904,19762191.550442286
3825,31322143.52443858
4046,36458353.55027139
2803,20067227.169071946
4181,34497579.242403656
3721,25204172.067304768
4874,36075613.93318048
1582,16078982.663034149
945,7632147.120061152
2092,23202218.596615627
3275,28497329.331272937
4316,37119786.99466798
3553,26194553.850315303
2090,16564683.869466642
2731,20650091.45385716
2061,14291674.781348243
4772,41167679.3782884
4146,36761547.597306035
3738,32100811.582502346
2100,15315798.420322038
2556,22440190.105292387
4831,33909964.79560303
1209,14641027.806124121
3471,24873549.47308769
3232,23494623.05268461
1293,11689876.808710577
3599,30404478.680726137
3355,27621754.204644646
526,1877616.1770531102
3767,34536043.980809875
584,614152.3967922488
3601,25358193.028654665
1622,13655051.684136556
511,1295298.0544668366
2248,22651875.828827776
3609,26337356.093761254
2376,24679081.456630938
3119,29057366.49731472
679,10137167.206522752
1296,17029317.948859736
4313,35747683.772287294
2524,18153076.212540127
3717,30426976.372694075
1386,10388003.183773112
2968,22616426.182458833
3887,32548560.3104205
2019,16216887.35737676
2932,22199370.94704901
1416,11591792.822238225
2570,23206935.392611116
4476,39677251.61977809
2281,14439228.260427032
838,6794396.7410143735
2016,16703970.383575886
3370,24412439.933317102
4082,33296882.800877903
1414,12755986.828620084
3790,32876503.63584297
1946,16799474.07689501
1879,13389151.770007333
1983,22900090.08271554
2574,24079380.314864796
1300,13058159.2339496
1746,17982493.77103281
3237,27629827.51543143
3995,36818902.65656587
3757,31226615.85085729
4377,36021242.380822554
1481,14753685.436373612
2976,29537072.638872772
2588,26240145.84586792
3452,30394542.794779986
1511,14637835.575730398
3964,34800127.23328946
3250,29956862.740009792
2626,25904195.818239726
4361,35178247.74798845
3091,29682183.869512174
1973,17812985.342213918
3021,27120794.86749985
1665,18465847.964601986
3822,33817186.750272036
1109,12619986.689458521
2683,21295744.400152735
3031,29742934.63124904
3361,29975060.133228377
2155,18618197.153521493
2255,22343223.160679307
545,13123491.493281497
1759,11565226.494534196
3732,28444802.131230153
1951,24663915.92650765
2618,23224084.52691312
3067,26108609.035894703
2492,20589842.775013506
3623,33609308.00291432
2840,31553741.926430862
1988,14908434.377799964
2073,17293369.818432
2927,23363818.614296403
2266,21326594.930457834
4049,37059180.31295172
2809,28334798.35599935
2904,26532154.847860843
1942,24093998.373730853
2476,19083741.05037776
4473,34280378.34270189
2990,29328032.879948627
1225,11168496.95878901
4303,31296179.029754158
4881,39099811.08508765
4327,36382975.96229182
4119,32013255.286277935
3387,25052017.938716233
997,8353112.590422372
4476,33614399.73891486
1204,12537393.116940696
4627,32184585.45932146
4181,34719274.78389627
4638,39662529.66432491
2416,20056376.28075487
1874,19271668.69121262
2345,15648316.297387592
1936,14384731.495871656
3590,28729896.06124733
1870,18098173.708227918
2428,21079522.758138362
2136,24518097.948227253
591,3310642.3090783204
2343,15559033.304258047
684,11839266.948799182
2071,13275424.248202851
1331,13697188.134197135
4940,37583989.87393409
2625,15792044.947456941
4762,37971648.61856031
763,9802499.88743148
1786,11622686.73458078
2029,18960284.184434492
2308,21752590.683559354
2377,16200929.575442087
2249,18308716.13386289
2409,25003224.466981493
3123,27935777.85989123
1697,13791522.60627194
2978,26069886.44376176
3010,23024210.074588656
600,9141087.035155075
3587,33035780.193806417
2419,20714717.745258164
2791,24020118.46937308
3820,28563609.374982983
604,1775890.718796512
1193,9414185.768175408
3740,30657794.870926466
3991,36115882.49216396
3892,34903283.251854934
2768,23698498.66507728
4283,38835616.95311836
4012,30265541.46355679
1389,15344010.66183511
1289,8940713.856951598
1158,13983083.590192728
1518,13103960.605690056
2453,14629139.970386788
1690,16710471.492094327
4206,37076637.27850234
4157,32886259.836534254
2796,22254221.26481795
1274,10713364.160346188
3311,21712544.562121186
1880,8945815.48071457
3682,34360876.91439117
4829,37159796.99776827
3597,35341792.32872909
1904,20343205.40341674
4301,40109585.94280922
1869,14001103.142598536
2564,16686796.439208258
2792,20075353.080216937
3265,25780635.818541266
3317,20416310.80144808
1216,9301722.9326275
4540,36714965.91746667
2211,14804737.085239917
1725,11678544.705262503
508,4402204.436457595
1097,10844859.644930905
4618,35271531.99599927
2108,18740757.828728806
3531,29658538.023963567
4167,34476657.57705517
2746,21011957.62843027
4126,30007861.211893853
4571,42657355.93970222
3322,29466917.749372277
591,8745194.959182214
1350,11549110.945483234
1607,13363923.673219586
799,8863979.042176163
2843,18239934.948643263
1977,13472069.591940567
1582,11262675.365914881
3456,27284300.732374713
3418,25704912.961589538
1865,16918421.37575224
3300,27644341.70338851
4036,37466594.06925413
4451,44029277.47133769
2609,18083449.279554702
1275,11641915.641905336
1952,17052577.634620924
2181,18405405.790706012
2803,20169526.287103496
2351,17056407.663072348
2397,20897216.835748356
3918,29507949.780078292
4097,34253815.91650102
1827,14878150.646363186
1114,10336973.709363846
744,4092098.5886966977
1256,11520407.72700361
1323,8941142.249570228
3327,28098086.825970754
4307,39474188.36731747
3279,28014951.550048213
2346,20733611.14714917
1740,17371619.552492645
973,4573324.966580211
4631,43204764.72116904
3749,27825230.022162892
2292,21974982.99210681
2234,21112729.96176897
4442,33829500.91548572
1444,15578658.410300286
2011,18581438.299239926
4581,43317935.933206774
1358,12444136.25402388
4060,33154370.005432207
729,5287712.416245387
2917,19105934.18594648
677,5461317.305746521
4428,35596304.81722337
3115,26706174.547672305
2113,13634690.667352602
3340,27002963.36643936
3447,30304754.176066346
2274,21218529.02647755
4371,30388554.47158802
581,7767219.825959673
1345,11020278.260635525
3309,26916967.36750434
1716,7634453.890432486
3760,35560713.48767364
3645,30690396.655033886
2763,18509618.72043188
2837,24821604.7247494
944,9585435.322541073
1422,16043632.458798967
4788,38374933.69212737
4884,40107988.20681576
3130,24111576.599286277
1667,16129845.841978215
4463,34353528.97497485
3941,29849028.44875931
4012,32892607.386660237
1395,8482408.686088514
4222,39582393.6556177
2560,27261800.183225624
3534,27911229.743734553
2887,19936214.980328504
2397,21185776.116706185
2299,17945692.446093228
4907,43780043.397584096
3280,24878560.213410288
1627,15649539.667285329
838,8045980.7681750795
4954,38603215.46815977
1672,15096149.485475825
3308,30099597.67542455
3529,29492545.55716619
2589,22003853.995378777
4797,36757649.71643898
3517,32568614.39371241
948,11717639.734429551
1293,10112322.433940511
936,8115134.621551014
2120,22202662.01807098
4001,29607287.536857635
3419,30164865.174076345
4808,37788158.68060662
1448,17918233.630254924
4444,36742340.18599601
1627,17797135.55442013
691,4244017.954616614
4512,33350413.953027196
4260,34377221.62839667
4230,35628050.37384051
1903,14691804.953950759
2490,23194922.278824903
1604,13202139.296568712
1048,3139688.5147001827
3948,34242435.937579006
2361,17240388.82255853
4749,37907207.85497045
1070,14219393.610618066
2284,24590435.17236327
2787,21569519.694721565
2921,26101359.891895518
4472,35119176.52873207
1304,10571381.063304191
1298,9566673.755304342
3775,26026968.958810546
1110,10165165.671201129
2306,20312496.1608385
4738,36890994.764066584
3760,34343375.134311326
4867,38627759.348714344
3871,30056364.525422957
2973,26363509.35432432
2593,17115954.030082412
2642,24856037.095108416
4501,35801492.527816914
3580,32607858.22918227
1932,20320391.57748747
3017,27056460.327071425
3357,25420080.121815067
1005,5287504.880546786
1596,9465782.00999429
4679,41740732.10510393
4654,37827599.66339945
1544,11554334.616407454
2704,22235753.545383323
4402,39457863.6268625
1852,18152219.35607865
2096,19083518.467126563
1075,11513658.172279214
1179,10972517.066490846
4798,40290339.171889275
4212,35359075.69345314
4328,35623816.263117336
1629,16292121.651493844
4404,37315846.31860118
3693,27901854.906679127
817,9122623.156567961
4196,35309741.19913791
3496,30802240.406745296
4094,33439379.259154916
3709,33107220.941301472
3042,25151774.34740153
1178,12595639.059801634
2389,18742585.452148467
2143,16982237.837703142
1334,13478157.569630373
2741,21932679.818765767
2855,30457348.084244482
2168,20043334.96033708
3053,25498770.458462603
780,9699702.330276547
3262,25653958.77007045
1746,17737044.457699053
2272,21861705.649990596
2664,26072602.17333865
691,5205571.405954268
3335,24011800.237586766
3165,24489536.082392354
3063,24659108.45208176
806,12449634.802555265
1031,15833036.087383248
4717,39769986.91393194
3196,26596171.8240558
558,4414276.508577367
2073,20058071.0506326
1640,20685744.17597455
2310,24837552.673564814
3698,33997929.837817505
3976,36177907.59334157
4994,43448929.65876234
3062,25354128.062874395
3352,25606355.332377613
1441,12465557.732016176
2274,20459018.80639406
1921,12007098.303845115
935,8021147.811901374
1339,9234202.93622618
4501,40049523.483204424
4955,38990874.79352987
3181,27432660.99594296
2150,16099939.121193271
1745,19753097.977882747
2761,17985729.19039624
1415,13747521.1305319
3139,22280226.994680203
4389,34584002.04854545
4981,41466560.11105351
1826,16374071.093950512
3858,32551800.52328624
2085,18135247.4229265
3868,30018467.214379672
888,7611840.030733567
3291,27422902.048536744
3832,32242081.19027665
1203,10426958.581579035
3320,29748771.262953363
1559,13752160.910452828
4674,38995977.90286484
1798,14236042.955065448
1801,12250674.220156733
1173,10846086.792197412
2859,27494338.131888814
4799,40723583.69219124
4612,35443518.17635562
4082,36100220.07745581
1516,12122648.79661813
709,8815961.941440862
998,7877612.4053115165
928,9483919.319482109
4139,32556507.99012696
3651,28728842.510588996
2605,17141203.89871278
2053,18960224.457483478
3706,31758508.90446101
3069,26831328.148782827
3128,26849991.683395434
2376,17721249.90003009
1567,16433697.79348074
2006,20026337.90027681
3513,26739287.604488254
2167,19932371.974049874
4566,40152973.55610393
1447,11165705.179968836
4889,39223892.93226694
1671,15970340.224635359
671,1837010.691757096
1643,10878448.335398
2359,16902674.976391315
2688,17115050.905523513
2993,28198819.32256244
4077,27651604.557425
688,7533331.990294098
4576,40043050.18426566
657,5375212.1367601985
3217,24730897.125806265
2470,21458527.35220992
745,6965499.001783445
3403,31234514.587249245
3295,19474436.57880613
4324,32835877.571555614
2877,25700730.651748165
1349,11943342.328323381
2310,21736102.477590602
4486,37674059.928718984
2626,21603788.81027606
4764,38205134.67071949
3530,36215165.04762676
2807,28060838.822094534
3576,31094515.294285666
2844,23987391.680345245
1119,11566397.648060303
3402,30696504.153618723
2907,25512480.05711353
4952,38361859.62984032
3504,34385532.303173535
4414,37050624.68326206
2986,30929790.091169443
3902,32777442.460632
4096,33031039.943623397
2177,22568420.37213939
4539,38215560.8742333
1804,15832267.903527869
4593,34142907.38307222
2463,22684653.415407486
3807,29976068.851132274
1861,14544626.372778077
4794,37880353.463784486
2287,20613101.504085906
1573,8977871.179272931
1665,13687463.971822578
4099,36732836.973328136
3217,22998993.391979977
3653,30742636.882803757
4626,36113801.739187494
3555,28228920.6416031
1159,15237456.78116972
3082,20704532.449364975
1629,16328891.014514849
2774,21758215.19366836
4966,39145008.044562995
1968,13409312.972535197
2602,24077698.911820907
3766,30553786.15114795
2971,23814991.758616045
1651,14537510.787612224
592,5225138.622774598
3066,19525936.360739425
1781,13775527.451067924
3400,30886322.672844972
3299,22872150.607663076
3677,27146186.30043094
3104,24551625.81380442
4381,33871129.744088575
2913,24220343.553575177
2044,14072769.744963778
4030,32076436.42857188
3146,26024016.405201998
2558,23410821.248623915
1645,17894368.158298787
1410,11495358.53843968
3806,37112180.72373748
2066,16976286.25836643
2895,26646625.44476959
3505,34834523.20418034
4748,39401925.2277078
591,1607420.1352673937
4492,37208711.57162289
830,5805071.335385268
1454,11808703.919082643
4280,41194930.64748564
3101,22139709.730328374
3477,29717400.466917574
4789,36678836.159034826
1029,8309026.176397257
3392,30370527.00561345
1766,16082491.83041907
1973,16108903.193115233
2097,15826599.024206117
3025,26148234.576460842
4261,40211060.15146011
3242,24231944.172129128
4925,46134991.656373315
969,12350492.352175454
4330,39748060.1027333
1033,10189297.142788803
4555,40953389.32652968
4179,31405506.15264812
4587,35691868.27645446
1261,13385441.441761177
1390,13007535.16567145
2855,23394862.22450669
2455,13132173.328177735
3471,27461577.855885487
2172,14853838.659105204
3336,29168602.933934506
4144,33578494.414298296
2797,21491098.367500484
4561,45416731.447872914
3666,33442523.430082705
1819,18719616.42406818
683,13070645.434046518
1783,17670575.348049328
3346,25455137.971581403
2733,20200310.94492479
4588,40598708.2762627
1932,10277937.16067447
3640,29886661.1069713
2296,12854626.867330655
2555,21736530.52516852
3836,34250210.75213586
1282,12094246.603810897
2007,19870328.076911792
4354,41726480.824979745
1176,9977384.688213974
2330,28062952.349836644
4590,38358009.86851046
4806,42295495.18807108
1860,14046811.856304798
3186,31345941.938892044
690,9645130.595627889
1342,16150353.907703992
834,7835513.265321865
1610,10113747.306850132
1078,11005192.318876218
561,396940.56002945267
886,7079442.589134144
1669,14925241.309896752
2700,29731672.877532303
2183,19419645.835825823
986,9306612.407249117
4232,34666902.72789412
1040,5293727.285704947
2560,21737477.520039022
4746,39276648.028410316
1738,11998174.513638848
1490,9359763.156714905
4967,39291287.9516968
2799,23586798.93571808
4407,34883337.45585562
4788,36151373.651045434
1580,14507816.756012917
697,8192600.472507687
2694,22915893.127666704
2098,16095051.8583692
2100,19584523.063696776
4192,33964388.13081906
4365,32352748.877964552
1183,13572733.065004196
3583,30724524.05779947
4489,36554129.08291278
832,2942843.3854958247
2271,16933419.162594363
4700,44655697.13714878
3221,22242973.814357907
1306,10693952.161074923
1564,13462992.712939141
1388,13065430.368234664
3423,23892487.19252076
820,8082528.769213801
4457,31597683.612584963
2882,24348286.388586532
3731,28890806.242971253
2811,20890392.19924657
4101,36312451.47600276
2000,16293181.269908354
2068,18965132.414722715
3781,32768480.734133452
2019,20961860.466865305
2418,16719226.775136925
4589,40469046.987559274
2365,19969384.86731414
1905,15105626.25889122
3223,23336248.44242915
504,6851772.584628585
1668,11577326.435998343
2898,25737419.76093143
3130,31823492.318901397
847,10715931.121077985
4720,42934302.975451946
2313,17346985.668324903
3842,34024199.13839599
3074,22159355.134590827
4325,34899551.29227616
552,10639816.168657359
648,4360473.380720547
1002,12350068.55251928
1369,14998940.198999144
4021,36392223.75066251
4814,35710994.071636185
4371,37543602.89804704
1800,14930204.302249411
2999,28257490.572587334
4533,32298998.800819464
3789,32415363.66719681
4353,36503125.6085202
2951,18637649.788253196
4885,37423738.93171507
838,2213543.360649447
3324,25412934.094231278
2193,20191651.253995445
1486,13474096.726945823
3990,33428200.241780646
3233,23744755.673205853
4267,38497351.4745316
4576,37551540.96491598
2506,21149111.436772525
3607,32677198.70683839
4968,37769962.75692239
3830,32325643.30961577
3541,30598387.47480426
1030,7603295.5491184555
1423,14341120.142279329
4618,39375369.5118887
740,6616469.8631677255
2396,19771547.329595417
3824,33162642.973613914
1313,13869413.120039571
1282,11444699.752219921
4555,40800568.38122054
507,7031577.88729175
4273,29818608.150819555
3639,25897309.907373574
4289,38858705.65706498
4551,36667680.6055873
1017,9628527.468392422
3690,33937871.552977435
3602,29796766.347884476
3216,26839802.82876805
1078,7017812.301624813
4982,41965983.52168256
2365,21679536.65690047
1876,14274354.488991432
3438,25737935.865082398
1405,20118867.765585683
1464,12433274.59045515
2476,18756922.981172126
2387,22215759.335876785
2947,24423617.894316323
1491,9670701.03021369
4056,34897160.71495433
4459,34112637.09277254
4104,38561374.0064669
1583,15147513.889257208
934,7641358.726421748
520,5488041.0540663395
3422,31085864.36329458
2425,20957883.760682397
1972,23142328.371700644
1599,17199602.549186572
3137,27558822.102683365
889,5301042.379474548
3913,31863335.688294027
3115,27356624.910157356
1854,13363415.752725584
505,8920280.624888849
690,3597527.9746658783
647,4264322.905862294
4853,38137102.44531535
4050,35631473.3818994
4605,35425190.89848768
1610,8480070.288742837
4333,38928116.50728514
1124,8658841.144683314
4625,34794477.10354419
2675,20135424.34039238
3649,35342288.24755305
1578,11652868.908181267
4051,33037895.683869295
2852,22475244.91314195
1045,5662012.36969873
1695,12331844.31325911
2569,17648674.778980516
3858,34731643.82704214
2938,24806637.193840787
1116,17376033.286522962
4744,36825267.82502823
3843,29167419.26156314
2311,24089279.305065986
671,9541931.096204404
4642,39290295.06531306
1125,6658925.454735186
4563,42738988.8031838
2754,22815690.520688955
952,7323974.614514893
1918,19772879.210754838
1253,10957114.63623881
3872,28478989.743104354
3223,26904907.798495747
3510,26735953.595287707
3411,19259976.57195048
1725,12154869.423549604
667,4752793.287396448
4185,31013064.672120854
585,7405739.596342113
2177,16083656.728013655
2482,22291278.60250337
1986,13188040.790895056
941,11255656.763247615
770,3330552.420000525
843,719408.7718267804
1706,18359787.75548968
3581,27080318.588806488
1757,20326787.174598224
2791,25021775.70362421
2032,19626789.95514376
3922,35512417.50139822
4862,40234038.03874721
2153,18596166.253515616
738,10748020.072582927
1414,12646075.487094294
1938,14319469.45961017
3516,30885275.68048667
1960,10339069.756845143
3579,33590676.40468064
2758,27085317.407895274
866,11522500.004369237
3491,32407315.887133084
4241,34675474.02397663
585,5359952.846520932
2993,21255079.730687432
631,11292123.755133145
1403,10768945.480921166
3956,33667655.92925564
1721,15530135.848864334
2263,15082742.45518753
3304,22197974.927630384
1726,14824759.862602046
1784,13910731.647165474
1189,10243689.422269994
4935,43676246.8906097
2496,21642832.451611068
4881,42323567.622294195
1609,15207984.486526731
929,7482997.420280505
4626,35002590.498420805
4281,36042153.604340404
1102,10067677.858038275
939,11257469.012514241
1484,12419299.790832521
2418,19451975.36465343
1027,8527501.8486552
4905,37483820.09498366
3496,33308729.834461372
3967,36154886.263847284
1861,12248910.51312586
1203,13035844.425917648
1162,4760984.808202904
864,10867867.699333068
1422,10286948.646676974
4356,36927701.67303476
675,611470.9313749839
1435,8883887.304966148
881,9454108.901748229
805,5337275.449851659
2890,21600111.388883404
2703,26811585.092356294
1965,23352877.633818623
3771,33979041.81045845
902,4940358.284794809
3170,31650557.9984531
2301,14723703.221054852
3150,25286525.63777402
676,6572333.300962119
1242,16708113.531516246
2848,26521977.412655175
4902,38824726.91560144
1250,8165131.187660751
1368,14950577.961409763
4562,35895923.12833893
4467,37386220.263594925
713,2594670.532222653
2117,19643773.565672603
3030,26706085.437242437
3833,27939139.815025486
2097,20870869.338614922
1011,10752237.424728345
752,9236072.758340294
4633,36927963.92174961
1128,10560869.233859327
3976,32998136.606595974
1486,12443488.785737308
2225,19311509.834497537
2593,25513328.921389148
2201,21832851.916111782
804,3886417.96759343
4578,40580205.45072082
2780,26813430.118244108
4840,39266466.9799429
3307,28981341.311393328
3386,29570005.001909055
3954,30082100.149977095
1524,12046131.137415016
4812,41748430.71655482
3475,27312533.289505646
1006,11974498.677786922
3451,32522917.322549284
1553,16855015.525941413
3174,32331413.80950837
3067,25263803.15312666
2404,20763603.221907187
4870,40921989.14328792
3394,27970806.225027785
1600,15426536.922304934
4161,29154387.91296403
2136,18702716.166077558
1955,12507690.050351312
4113,31016130.167177267
538,7502669.433089741
3584,29074651.28465294
4739,41004843.42414742
3231,26185670.18919661
2915,27639218.949173465
1258,10346757.88313609
4842,33871244.53131063
3616,30604177.746033814
1264,4605420.462892347
2922,20017837.292402778
1814,12863160.41300429
4802,36392871.56668944
4495,35324847.58675114
4529,34105796.52940668
4193,30326142.00924298
3685,35105507.23452232
3366,25893566.360824313
1817,8843697.040557807
1200,9517244.880972229
4883,36689806.82591734
2701,19953097.11812156
2093,19875027.444057457
4487,35551527.14364435
4645,34702210.19634634
1730,16178760.529871734
3112,29345822.491827257
3637,31706616.487919535
2408,12903333.285048723
2290,15975031.492808959
3428,28566345.591908615
1588,12971101.784207955
2881,23066174.53818241
4627,35067729.9214775
3445,24343247.75076768
4069,39575345.15343906
1665,14401332.859416736
1100,11726365.366602253
2525,21218753.520751428
2084,17811046.09591397
1487,12709689.800572138
2465,17358662.422776703
1939,11968531.625897259
1368,13102676.12123496
2563,22067527.2218135
1629,16846842.695379123
4878,42230082.47992608
4956,38222463.421750985
4229,38229773.92676561
2434,22767081.585463554
1576,15680524.709572006
2139,24859980.375936426
1892,22267876.287524562
530,7309741.299664658
1203,12319591.61751259
1368,15188965.54530904
732,5104138.690988886
1450,10890512.22722685
558,7484264.221275739
3318,24974571.73261728
4100,35578308.45656977
3649,30662496.49960857
801,4839429.686223644
3350,27877599.530864898
3444,32467244.776415247
2423,20631111.351961512
816,7787642.942853932
2388,21090955.836713787
3215,28097565.568674825
2381,19055478.60175642
4398,37234783.14390115
4613,34756788.9212278
1678,12026786.829498336
4355,33826552.67577313
4955,42049288.06890232
831,8128698.482668831
1027,8812921.26826814
2559,23544309.96875586
1598,14920586.248227008
711,5818069.660051384
2214,15606307.471540563
3188,24044873.596319743
2830,19239571.603821322
3766,31549708.650452476
1532,10669583.652638985
1832,14170031.054048387
2340,19337227.95811341
2638,25235985.57399206
4591,40514371.794950455
943,8379874.586238077
4674,42188510.4682009
1998,10946954.472037418
1426,18039661.64929954
1122,12053499.142913755
1979,17140409.855059788
3537,26621920.957743812
3885,30765797.90160861
3818,33372052.686734125
733,8760238.150594242
2117,19941180.111772362
3191,24342509.79690062
2530,18450456.86095437
886,8673615.73305752
2134,20381561.873314418
4633,38073554.548514575
1684,18916452.7406555
2467,20835412.386570334
740,6917874.068501041
1061,11499679.973578008
2499,24649690.412776116
2429,16384234.220586365
3279,23877964.875893205
2175,17460215.686767884
3015,34596825.353765994
2177,17631594.312377203
4641,37762651.170968294
4246,36823055.78942376
3856,34778786.70844042
2151,18717355.349364266
4677,41909042.485120766
4341,32146086.45092224
2941,22229734.725771826
1094,13239460.851738919
3112,25928829.344350424
4596,33980648.18497401
1996,13000386.205148377
4055,31007177.583965886
3858,31870376.626473747
2101,19210138.709180366
1414,11324820.000167582
2344,20906997.567718558
2495,19648800.539919157
594,9423760.604850752
992,16591520.283717066
3569,28374161.80374673
649,7631798.432396837
1546,14563232.472450336
3303,27840086.278779775
898,10143752.836023875
4976,42244463.56693948
1051,7994839.288845316
794,11301637.317868063
1643,14748998.742460327
955,7485598.74050891
2053,24753607.571542203
668,5995359.868533201
2446,21332831.52427125
753,7550321.03374101
2876,23618316.167146377
1820,16905994.115132045
3383,25529000.272725124
4107,35645630.159569174
2625,16724937.91482271
3996,29073790.746228613
2740,28397173.641505547
900,4431459.919834641
2656,16368123.443889417
2876,20313751.492801435
862,13116171.807590201
4438,31128414.779181853
4351,32940557.452225346
3912,27921422.547049038
2806,22625612.408729974
584,4363937.30545779
2324,18149730.4798189
4385,41648401.39821541
807,3858774.0470873555
4857,39549436.66084867
2421,21383803.738962203
1130,7099372.213783568
2871,25427769.94373981
3800,30200568.516340077
4167,35458927.198569566
1226,10484002.245423041
2148,12032406.323301088
4812,43414296.13829722
1769,21363374.946062215
818,7013737.454195559
3975,30106143.844400186
3278,31742038.163527064
3558,35135148.70860241
4634,37565613.76523001
2102,17159958.154338457
2756,22808266.706985503
1329,6608353.332264085
1355,10966622.363920316
3148,31328825.662647735
2358,19357934.01768832
1602,10695896.416383384
2981,26338056.857913442
2320,17558403.604517665
2579,21432643.62899622
3658,26457453.658358164
2940,21410127.516439803
4184,36684977.76459078
1755,15387600.338203264
3457,26327827.839471553
4151,34566605.39091471
2739,21090559.873818222
2439,18160719.49188949
769,10644103.191744918
4564,39860632.65956631
4275,35136181.45110671
1612,14329012.01174911
1148,10158805.94799697
1679,15893027.777520617
2642,19737495.024632916
516,7715514.20010593
616,6988697.5136724375
2045,16570830.986331346
3651,28744665.905474376
3193,29067392.825300425
4589,37260541.05154968
1776,13111320.712510487
3740,29766290.69907703
4288,37611613.94666748
871,3136340.3962618792
3307,26389773.283258583
655,9451748.009027291
3161,25783349.683690228
964,9530450.196833523
4815,42780306.89361159
2273,21860988.96019151
616,4607823.680880235
2603,21432819.34338849
1874,18706291.70518704
3703,33442408.461851697
4903,39959849.62405518
4046,33207363.04312272
4477,37619051.08360156
4817,43636702.07005188
1696,17770698.36197387
3911,34368160.11139706
1296,8131992.171808325
4392,35311499.78035523
650,5533139.978930292
3749,35247455.09781042
611,5171406.826461087
1182,14216328.46923284
1661,12575903.988406748
2879,22559348.12701772
660,7724362.317439422
1925,21104440.11671527
4161,33652668.61219637
777,472303.5855835937
3891,27435449.79298334
2056,18341884.668493368
2415,15895611.919654695
3607,27259311.52081076
802,7453025.851914771
3273,19835898.262760617
4781,38108822.63202364
3745,27465574.326419193
1500,8502460.846297748
4334,33265446.68234582
4506,33840373.224791706
2218,20152440.65397691
4330,39229580.36004865
3681,29354719.44516681
3382,26267622.662859492
1498,11741384.996526305
784,3947438.676184613
920,4493774.313140966
2660,17343336.64131999
3565,25531437.12504548
2775,28095973.02133789
1994,14880736.893909626
4384,27247114.584708713
3043,23582829.18455698
4626,33236756.389717534
4757,39234454.81999149
2341,19582939.034288984
1221,10935656.913076164
1901,16085821.763764447
945,7441869.086140753
3291,22960311.63538004
4267,34912037.78408573
3051,28464773.767407082
2467,26177019.25138561
4388,35390026.01808198
3231,26459170.164148945
3129,27533281.53726668
2464,25191724.67841631
1557,11997110.168486359
1257,13133953.950851012
2295,16891542.203426834
2143,19133546.970796507
523,8095812.529855112
1739,11039418.18035661
4650,36624565.83394535
3597,32640349.290085003
1804,17280483.691544384
3042,28443838.420944564
4212,37241318.9393622
4455,35616689.416249886
4803,46021570.445184074
4728,39234729.972260185
1805,6272873.152567398
4964,39864960.8828681
3674,28984486.229002014
4128,36409747.50210183
1281,9894444.05440561
1066,12824909.987457413
4632,39730298.117220126
4773,36183728.61558982
1138,9682879.993165726
4200,32273399.6671738
4667,38890275.94056101
2899,21847527.398294635
3170,26583305.691527184
1672,13559082.747028766
2220,18303330.23596053
604,11984821.139394298
2182,17374544.319878384
4816,33724700.73714843
2349,22839478.434203044
1362,14919867.705406025
3945,26623179.47860952
3065,23417301.1363758
798,8691431.67053957
3408,29836609.7836512
4637,38081828.70964184
1270,11213476.136799853
3039,22496236.380750448
1962,9496453.85963294
4354,41980521.95455061
3618,27037998.16687986
2632,22585517.070193447
2209,18195456.01302199
1490,15611592.656820638
1210,11024691.640446475
4804,39892322.859276
538,2598954.7440267876
1775,12699982.78237324
1936,18721899.13979699
3493,30908004.67521579
1969,13897041.529148366
2599,17057914.251836635
873,8363737.920168792
4751,30287677.853612557
4525,33753977.24298671
1613,19184483.22546593
3226,31143201.986621305
2898,25645748.076295435
3734,31794008.943443768
1765,9269487.646426804
3623,27761998.290052652
1153,9338494.206102671
4658,36105758.751496434
1008,8013269.995276406
2839,27609673.273038883
3662,28670530.816186033
2187,17473182.458329704
1888,18322593.860051252
2697,18317572.84419159
4411,33767386.26348346
3428,26210832.236729473
1015,9286776.439655242
4158,33229113.797519002
2333,18723977.271958597
529,3237438.0386925153
3714,27499509.219355736
825,9427428.772631733
4266,34114587.64311323
4611,39745056.94044212
610,2545118.0085565574
606,3852273.526751072
2926,23744450.916459702
4878,39640398.88955137
4864,42175106.17779663
3031,23956472.131222926
3644,32392226.728432626
1298,12508832.025679084
2937,24175442.169751152
2511,18234103.610510442
925,10670625.79638996
3544,26572987.598059047
3788,31240158.859528165
3414,28150178.67119176
1739,14290714.572148152
3891,30960040.831044056
4713,36237769.915114984
4497,32125190.687889766
3506,33259414.198521055
3539,27836829.607228253
1098,9399663.714647591
2587,21293317.84819818
1684,17758813.011686243
3250,32799582.66455292
3084,26151542.25876606
4013,32632991.994629245
4554,34061628.978521764
4883,35733234.6517617
4436,31166075.2110677
2199,16204465.121429596
3075,19327435.608060654
635,9316489.861220336
2525,22469288.731980275
4035,32525078.45594566
3390,31448151.94228237
3257,23842531.767790176
4273,32724056.833906338
880,2238620.159094766
2028,19547061.085060637
4128,31592976.14107218
1348,11831086.83982747
4627,41023729.20172403
2427,24528552.266498264
2665,22232560.945528287
4786,40440712.30881407
2621,19256449.261869017
3418,33394120.0290226
972,8277548.319101902
2287,19536854.85560436
613,4683440.783210322
1836,19285746.99524127
838,8302781.769249569
2785,25562803.732240874
1696,15629874.419936646
578,4962771.850351986
3152,29004405.683898777
4880,41075948.583726145
4818,36661062.8174583
3140,23152365.84857186
1756,15494480.187094903
1327,14338373.707162883
3218,31662261.645519212
3310,22148359.627257593
3885,32156979.547296163
2465,22188942.986524988
2927,25303007.404984288
3341,30755981.315101128
1113,11870601.929474507
1062,6539499.449258979
4852,36771624.933927804
684,7409364.568455173
2692,25507516.273267575
4565,37950252.65885808
745,2226200.791295165
4586,34546485.75405118
2734,24946547.567595992
1365,10874064.727248602
2587,22049871.909609865
1100,12996254.117455274
3533,25657372.857140135
2556,20205272.03229414
2631,20479381.55987817
1032,10322207.6095836
2542,23654664.534815975
857,3415197.6293036547
877,7999390.9225011915
2719,25359987.312138636
4988,35339640.64561749
3807,31262822.675681178
3096,22120646.677650318
1283,9339299.289351402
2879,16516896.231555434
4103,38002202.35626508
1482,11788512.617789462
4442,34114424.40789226
3090,26704801.136371452
1542,10209069.301938253
3038,21892266.413356118
1361,16418987.509441182
2376,25433989.0849804
2335,17903808.983152553
4708,41866064.12974854
4026,34276121.33196426
2185,14238506.124868952
3901,29423604.318450645
2122,22629299.397590805
3157,21975614.90152747
2432,27298998.014224578
1007,7341913.472264662
3978,37566444.7188797
3156,25331308.61607149
1621,16367710.774503455
789,11497099.420362066
3329,31801861.45304303
2709,20918903.40762109
1900,13627835.700302621
1066,9284363.970746595
1973,12882561.136898065
2487,21613792.526831675
4287,32833610.043167453
4365,39168129.32062875
3760,29369662.751345586
4047,28149223.09155994
3751,35210744.328507885
2216,19278104.00999559
1512,13183404.671260219
1810,18763184.35483863
1117,12550729.506894471
4757,36770439.36796872
2482,19506655.18192152
2728,19485134.249821987
968,4350643.834625554
4616,39663777.60474617
4855,41016552.93012504
1639,16394487.63456755
1936,20332816.324487828
1036,11611424.384777017
1451,15198378.428915774
3313,21270116.22548359
3506,28127044.27422502
4494,39845729.48400996
2340,16215373.79138435
1350,12075014.148513291
2471,22326393.321840517
1691,15856560.48151546
4420,37466388.9238749
2562,23292738.157136727
3546,29910231.68478466
4899,35803215.37782696
4058,34984866.60621048
804,8286239.681661232
3347,23426754.64743364
2935,28619205.633259714
3304,29033513.09924412
2484,16730955.037067624
4436,34036324.50808355
1212,9003843.87476146
3395,26465709.683598056
2181,19327150.566455327
1833,12734944.746825214
3698,33968410.241365805
674,9529410.354103973
3705,32497951.92879877
1916,16460725.326181553
2487,23708342.54545461
2272,18348156.831587974
4766,36954533.41585037
1574,17162328.936859224
1091,10680628.271057028
3478,26771827.078255825
4482,35602772.89887526
2910,22070716.048704196
1347,17842524.576485813
993,8956295.312351573
1045,9833313.933761006
2786,25451657.143585823
3197,22929917.052178983
4337,38985641.79885867
2040,15496461.60763644
1383,17554048.858345445
4456,35710023.80995622
3594,32864920.04428956
2865,16429605.64864274
3847,28250600.77174209
3571,28687178.52300712
4175,28307651.005625326
1452,14418653.346524213
3800,32338874.376308747
4235,31907517.050420366
3679,30384124.110406503
3463,31123431.689769376
4527,30906851.449390076
3747,27155532.95129603
4915,39314735.10232997
3857,31927170.879897427
3204,26456165.73519537
1537,15963884.356307132
570,6991633.736966191
3374,30081904.52171318
605,1670372.8015869046
1269,11586471.56439814
2509,20150572.47228617
3440,32906215.645006303
2692,23059186.9121337
3995,30952838.195851915
4811,42045503.827865124
4855,41529893.38759394
1433,9999194.982078562
1074,8546530.891692474
4430,35445660.62117492
4880,43722383.276838616
4587,38305725.621635325
3031,27428347.435680516
2919,22872184.83660975
569,6556400.873418324
4974,44702082.708788976
1802,14332769.704248058
4314,35857464.41151333
2849,19702081.231287178
754,4735325.730269917
2207,17652671.32400653
1333,8481482.073144838
3264,31077921.03256554
2971,22253978.939275462
4242,37296395.776351735
2535,21840508.71259443
2467,20828555.84553139
599,10250490.934895473
2352,13034199.10921726
3683,29875385.309530687
2855,20598858.990303673
611,3738.7726008873433
3658,26679804.798726924
682,6507712.605009212
4352,33639958.61238066
664,9001840.769475445
2637,21454462.45617601
2523,20209784.935837172
954,7671157.148481722
2785,22984516.781611383
1041,8072564.395171741
3165,23766238.90730751
2949,27559554.65192811
4433,34591714.84883316
3386,26937420.150961444
4792,40624215.240270935
4404,37188223.73847176
2188,15823685.81296185
2137,20360945.83233224
4582,39269011.01951522
2390,20653924.502561763
3705,29346049.448255524
977,7595807.9284357745
2866,23322608.69099517
3026,21512504.176616702
866,7810194.654209131
2336,22364306.121340998
2215,21349113.56950207
512,3953444.6861706413
1035,12472249.818176609
3739,36629713.66358834
2817,22587377.39421152
4542,39410544.119296506
875,1211570.111927623
2224,15017559.815454027
756,7321363.08800056
2764,20091800.812444836
949,14709606.134167345
1393,13937639.06188966
3712,33593494.94057439
1684,14384920.78151824
3723,27774375.940409042
1808,13907569.15347536
1416,13091141.43887908
647,4262253.984772966
2614,23925575.9751816
4516,39262244.90761392
4440,36534943.911818765
4571,32091094.738949
3295,32504354.800997876
942,7897981.429931447
3444,36679829.945413105
4436,38445607.08905658
898,7554134.7698038295
1651,15551465.629494011
4292,29278143.448764164
3495,32038427.2097079
2716,30428823.71258843
2207,12388299.578469863
3831,30785772.970522877
2487,20579985.63162542
3068,28169685.887489192
660,12597927.02249661
4935,41628646.36778669
4404,42657375.47264658
4073,34095297.43065399
3677,31770271.45638869
2325,20584706.698480766
4424,40052899.34901526
2123,16717036.82566939
1676,16862860.276284527
4220,31067610.18123072
3720,29906487.686045773
3759,29161769.131183576
630,6303884.675853827
4062,32547760.751788653
1999,20388401.077370927
3288,24667995.71448507
4208,29470052.19256696
2207,14584148.540865328
2269,22134504.138903957
1818,12635327.970051333
3879,33225533.246562127
3273,26299637.490255762
3490,31392732.164259765
3544,28659702.88465017
875,16293045.548351409
3536,34982351.04745551
1160,9334369.458782922
1903,14867596.232715042
1240,20316978.452425383
803,4187447.116014231
1585,13514929.356244953
3679,30499346.75911628
1710,14672986.306556277
3534,24055864.83840842
728,8313807.229027821
3619,27040949.72582305
2354,24139967.372507215
767,2768104.8726961343
3274,27370397.78212643
3349,21143638.059144337
4849,33328848.880977828
2634,19553944.1251221
3959,30577369.752988916
2769,27549179.238968305
1489,12790224.491214305
4992,44813220.702734664
1437,11356640.215969969
939,10330255.548640994
2858,21687574.049243297
2507,18675580.792704195
3845,26297449.583246317
4630,39047261.98155382
4243,35730250.24410045
1018,11475938.661857557
768,7788754.861424186
4685,44558587.9315819
1888,16632082.91003253
2194,21527480.143014364
3773,30211672.75100269
1889,13386589.897095833
4365,38073085.51055991
3529,28964556.036538977
2835,26176129.137788862
4174,35450809.62553404
1000,6620960.019629531
2161,21511013.633031085
2599,19178430.138645995
602,7691978.789886514
3246,30812833.33457756
3776,30054215.484754525
3585,33147983.361016944
4037,34488850.50215958
1827,18171831.33518879
2974,22281732.92669224
2179,19074900.696161244
4246,30743756.06992649
3062,30629901.54593139
4663,32262005.03524648
3817,30471744.54111345
2936,21692874.217401132
807,9480101.245606713
4496,42739837.83778976
1589,15676745.296062578
2894,33035851.090854056
4504,32898179.47032348
1166,6424447.602414304
4663,35624657.3051538
2734,23235734.08588772
1736,11807232.87415025
2123,15729011.737084923
1874,17853450.571781863
3811,27770484.350658547
676,3008411.961089695
1853,14628383.741029784
3428,27510670.78748204
1125,13030047.151663948
3154,23530080.756065637
4108,31703160.047637306
4215,36465010.34883702
4774,41596182.97135015
894,12438173.401379764
1668,15751361.064594263
697,6967092.17988548
1468,14469115.220238462
4408,35461761.582334355
3655,29415697.216873564
3004,19709669.06316374
1776,17888247.870068002
4667,38970376.83515524
4818,41875117.799104914
1769,6704568.516568117
1864,15770694.876319362
1423,9816355.480867103
970,13264087.5144607
3516,30970650.746451486
2554,22134706.23243168
4783,37968201.091976926
2551,22599624.93039494
3454,25847443.111865688
1648,13884823.956942704
3586,27952909.83903774
1459,19471468.964945074
1129,14441843.26857252
1274,14381142.451948492
859,3401066.933537527
1017,11728471.336852161
1843,16307000.025425812
2469,24422380.41854844
3727,31783185.285380818
3399,28171847.00188509
1434,13173352.889009677
2486,15471100.125132365
876,5705790.1834966075
4060,34600006.61610982
2274,22610165.075219747
2005,15388520.651063645
3154,26109579.360408198
1510,8277022.665973829
3977,37193932.44006128
1730,18181225.196699362
1677,16372307.855701596
4357,37076418.56289267
2595,26417647.195440393
2172,15960967.026055848
2428,17684515.331020024
4339,38896559.35876929
3678,33406940.145124372
4768,35563513.241732545
3053,23829920.355269402
2945,29627279.393232167
4889,41347001.98464771
1051,11769484.554054515
3397,24698860.37241193
1539,15281933.573611535
1384,7813375.36268736
3551,23468535.903197944
4729,41012471.880542606
4097,38079335.508903466
3055,24678641.772752497
1589,12072347.954436624
958,13796545.968739111
4754,38447649.89265618
2507,20858693.82932822
2420,25441871.679321006
1503,11963245.56091537
3583,27701917.1719654
2614,24358524.672411263
3089,23576431.536862653
2643,21710195.385633454
4810,35522524.1948634
2741,23484191.26512954
2586,21892292.461609278
1438,15408060.82416943
4801,41979769.609985195
4470,38414554.025408745
4499,38174767.07834304
3908,32044237.658742975
1270,12988667.90698741
748,3647003.4789930386
872,929101.7844370725
3426,31893753.01363868
4357,37878481.38674374
1201,10227040.697160255
2685,25703675.825337958
1441,10333507.749160418
4414,34195522.40375055
1293,8811586.828917498
1177,12118865.925347654
2061,12739125.768355742
4553,35123115.179653876
952,9485145.069708407
2966,21115546.772232167
4156,32267068.783016443
4646,31533297.26865631
4254,36849419.948204614
709,4608494.419973164
2426,17110156.24957654
4466,32842931.822124273
2377,18761359.463384703
1126,5267533.239325681
3226,32635139.031446002
1958,9509766.148493044
3324,26240142.55064053
1750,15320720.787873765
4863,37577862.987590335
2663,22940395.211879347
2123,15585195.275161516
2353,24414283.39101945
1253,7667368.95767067
2368,12890328.175955042
681,2552500.448640035
2013,18263484.32444114
1402,11862226.861353407
3844,34008398.72394635
3953,34129233.8501329
4107,31947158.950824387
3056,23980749.51861336
2639,20956013.673040323
4744,44605038.25048996
2664,24384466.94406211
3112,31571060.697535515
2521,23690338.117025442
3321,27377249.815235347
2781,20189915.539043006
2070,18164559.01344623
2472,20593392.48335131
4486,36607058.14398536
2744,22324702.76930225
2942,18378611.87727133
1213,14486519.449603967
4045,33208639.532348048
722,2533240.651914075
1363,13349288.127220936
1925,13832491.494180415
2804,25118421.868912347
1153,12868969.381537382
1659,17330909.472007953
2342,19253249.82003554
943,7302666.815944448
2965,22843384.91920599
4936,38320331.73461851
3357,27804309.80736725
1780,14611970.812824782
3539,26836088.552533504
4295,31928645.738591287
4137,33769731.72322425
4258,33761407.14616851
599,2367899.080154403
2586,24179713.040264223
2810,28796278.252475746
4745,41847764.64195267
3237,24735435.964971866
2107,17705310.94623019
3453,33245286.85506238
4481,33326901.071667522
3694,32899785.380055677
4839,35367750.37556803
3592,34788112.882293984
3462,27405056.42574703
3162,32983131.173571438
1355,17024191.395925492
2646,21848708.471255835
1886,13929783.880668769
2216,19312326.41567274
4651,37667523.10006031
2225,17595299.10924322
2453,15649660.236265108
684,4928339.249036239
1021,5836562.634731281
2811,25142943.11927571
1748,17957213.949792273
2158,20486052.011770792
1502,14043125.268882522
3727,28257278.798577294
3638,30720202.31780573
2428,22802295.43093313
893,6385293.276800809
2117,18292959.26418502
4141,33691615.23219023
1160,15267100.008831453
4664,40866644.40579358
819,9379478.835245173
2724,17641918.798103698
1083,10182511.98030275
4100,33334959.71322629
1081,9157028.668290382
4196,29877759.581775077
2267,15872694.133107292
2056,17243947.53628265
2298,22727067.334571384
4706,36876426.29048173
1498,11784183.818687199
1257,16399275.985858623
782,6365532.83249649
630,5653631.428439258
1793,14998265.653844777
560,1443484.5607864684
2711,24403394.370245345
2048,15425371.644246984
4867,39845788.14888079
2281,20581118.893253393
537,11123672.767106177
4131,30094689.86636127
3164,28906946.55519867
973,11390169.768521905
558,3549355.68166218
3136,27886511.544155944
3114,30842308.453875676
3114,23617086.372362673
4978,41548409.39140546
1911,17502404.091819357
584,7274536.56486065
2033,19571875.282148037
4297,35874914.48475652
3174,27932308.559044007
3373,25249579.04962883
3620,30452010.480918672
1590,12290976.202958457
3334,23982513.284537736
4724,37264566.3516893
2576,22416369.176594175
3690,31827391.829110578
4728,35018622.637231685
1708,11850969.849825388
4077,35789968.83907966
3081,27172444.27784759
4287,37957307.98613906
1015,13223491.28152968
2712,24309661.328771796
3474,27547577.118487384
1432,12800548.374245752
2163,23283691.302782148
1056,17741346.99335616
2171,19757289.097227078
1492,14542662.41643392
2128,20201125.100992247
2191,18599378.53745809
1604,17323561.70702787
1770,18184135.878198553
3402,29279129.341446448
1909,15317940.281983154
4146,29605910.83786859
1830,17837240.64284275
2554,22070574.945678312
1453,10410696.808037696
2342,16346239.205016118
3302,29400298.548149753
509,268291.0351491049
3109,26770923.562331416
621,8498651.22750668
3060,27129678.659249872
3537,28123780.67692468
940,4771876.546575258
3249,28753057.71938557
1090,13321569.275860261
1868,14225799.935770877
2489,22432724.600878578
1861,20632545.356195427
4273,36200541.28932483
2564,20321359.565366637
2915,27442560.620189473
3451,26395317.077526562
3268,23249423.954840932
3916,34764963.57343794
2076,16389513.20954931
614,4962436.957988947
1868,14063178.093346786
638,4685547.813337749
3873,36193100.2825806
1815,20507496.297351003
573,10968935.908433829
4346,39038361.863532536
983,10262813.779319713
4611,33591143.22420066
2049,16829425.89129895
1859,22342263.465871062
2396,18861135.263742037
4724,43334433.42431682
1010,9245107.457091635
922,341572.8424405614
2932,26377456.691006888
2406,24046764.088534936
4827,39469012.09407837
1458,16363153.01345624
1324,6588517.456748739
564,1355307.2083018916
3848,32398592.924257062
1300,12831344.183452595
777,11285736.605776835
2217,20652773.40024568
2913,20723112.73190487
1738,15543136.866223158
1986,18690182.335864447
3798,25761298.00390861
4970,40629099.59078596
3495,27953252.368185326
592,3771920.7787627643
4031,34744331.155258015
2340,16270955.42032623
4027,34466638.53601095
2121,19646473.387626685
2061,20739289.93078292
1916,12957742.211622186
3464,24196297.344936356
4690,39356710.82201704
1630,13181186.298396895
1913,25011950.787481163
4097,35151495.4287288
4244,35126485.13511255
2618,21425516.132970754
1163,6649814.463681653
3134,27763644.65886379
3274,26954564.921187606
4469,36517058.949711695
3990,33203329.976495966
2071,18231637.589751735
2023,11966233.062247435
1487,15407069.019112796
3738,28364666.875552233
4345,35345903.407594115
4193,38401714.76199587
598,11122345.77681034
2788,18202516.684120826
2014,17202734.483023945
4797,40194739.55549811
1133,5541409.921425661
1078,12031774.093254495
4459,37020788.03224252
772,7758478.787084989
4454,33879341.244974196
4427,37654659.93014404
952,11130671.869169813
1675,14781893.651177801
913,6762192.29711084
2050,16091792.045860907
2446,21229187.121377897
691,6674392.135141889
540,8034466.357358186
2359,18431225.1374275
1832,12000858.191777525
3949,33670158.23196151
635,4647410.44100389
4701,40959045.8471091
2441,20550615.891372804
2065,19484439.613094468
4721,35725048.85980764
888,8534158.789689463
2058,15366210.37784825
2621,18306879.04077134
1528,10640676.365786955
4034,31638568.72467242
581,9382083.581071556
1275,9487178.801522022
3538,25489379.24916533
4873,40378432.26749001
3387,28183541.982033025
2378,18547840.963969406
2771,22684329.60246162
2107,20784681.257989712
3639,32124117.29619753
1105,11592690.620621193
3914,28760963.64643931
4165,42979644.18514597
2644,25305756.630822666
4770,40711085.68957262
4265,31627064.676808372
1876,18851190.338202324
3962,31192614.469102014
847,7193187.586092103
500,42337.82817784883
562,1771550.7421784722
2283,20579639.496481404
4314,38530704.02581147
725,8854713.259385105
1542,15288456.990228847
1344,11557700.629120879
3180,25219878.953901365
4619,38818685.43069618
1734,17336224.96930082
2484,20886586.764800776
4756,42678756.059740216
1778,14578792.208551977
2094,14811163.194111846
3051,25376913.273877
2452,20933916.834778704
2195,18313909.79817077
1454,16473966.682646783
3791,33743905.94217212
856,3555177.0341348713
4095,38363101.04259486
1468,4519748.817512482
741,13381073.118557492
3946,31706083.45932937
4734,38303296.7900455
2644,21971951.28307908
646,7323616.298520541
1042,9335210.39619947
1191,10127814.433488198
1525,17126754.928068556
4550,39096788.23925255
4505,34163588.43688772
3859,34094021.743007176
3451,30180321.009550016
1229,9196178.823256344
4999,43368415.279086486
3055,24967282.196330883
1650,13534979.583624698
2235,18133260.647701196
1538,6019645.829142802
3412,26715902.001196194
3040,27459519.7263768
4914,40244766.27128871
1742,11080440.710432751
1272,14069893.765576113
2416,19432199.521369815
3912,28631273.52801543
2999,31610037.385013044
3940,29360482.216536734
4045,35998474.53385713
1713,12396057.697436187
3431,28855480.503721464
918,5637457.109895473
4281,31530087.456179023
1288,12870607.634014228
2371,21183871.6354032
2525,24633948.332657192
2946,24464854.20911241
1060,16141055.382379476
3151,27013040.002311107
4404,37932324.04371164
1039,5236712.264678314
3636,28245747.054632407
3789,32871039.10154793
3110,25627316.712759253
2444,21115049.405103907
3645,27710518.73285742
3258,27429840.920414865
3760,31435637.67477521
4607,34314694.94034428
2395,22087649.534041774
3000,19899805.159246095
3329,28184714.24179305
4373,41280778.0814765
547,7417651.613457247
2864,25934897.738111313
2756,20355719.975153945
1253,16331186.159458581
3302,31546154.283806864
4152,31685229.9313133
902,6791710.274555369
2586,25451968.134780064
2727,28204442.134950273
3910,28485941.894729137
3490,25908867.69082627
1649,13760639.730733491
562,1017282.0883275457
3653,30281135.48062827
1508,16621230.542089954
2531,16932088.951292753
1822,15957320.89492526
2581,19902687.88501406
1251,15927837.846261753
4644,36442624.41360085
1157,14812979.26324575
2160,16487634.78756632
1200,12913527.416002389
1580,14395836.855088096
2656,21833182.000457097
2040,14948414.292838074
3532,30225286.26395368
2483,19542394.212545265
814,5442701.325575586
3581,34066168.22412716
2814,25154590.682479683
2635,24010916.855721608
2149,17017204.44416321
3719,30194064.958750084
4300,34654269.997946665
2978,25835716.737502933
4567,39461410.35552752
2275,19109245.889065284
2466,18350065.017458078
2267,21417711.371079646
4315,35620211.60462501
741,2605490.863687058
3449,22186115.749760933
2756,23941691.52638142
4611,35399578.60336689
3868,33237186.388189357
866,5601145.073408198
3327,28015557.317485023
1752,13880795.416113725
2987,30151762.430819914
4103,36674946.973455936
4021,37209890.70056349
2143,18216143.3073572
1712,17163082.817344643
519,5426950.232803425
1175,14808774.102301179
4977,40598313.80423118
1108,5671531.978917619
561,507864.57576181646
1765,20124933.358693544
2785,24715513.422452576
1654,15864770.550125225
2128,22492943.526874743
2126,13052795.168822134
4216,33652196.354304574
1942,15827790.5111549
2153,20450825.699621044
3002,22938079.324697353
3769,27547878.76945563
781,3616954.047008679
1524,16640254.22881606
3903,29996403.718590647
1735,13223947.547034565
4682,40359494.452183716
1285,9183163.7752953
3817,26421154.731733076
2167,13590896.478825303
3508,28893577.809853625
3694,32043985.291095663
4275,34593264.26844874
2946,25859328.111427207
4290,30481487.42197709
1033,4628089.377095675
901,14969807.748882724
4163,38002352.81641004
629,8338915.675695553
2839,21732825.987796683
4871,39253981.42780865
3459,28666968.0485992
2358,23807038.341149572
3473,29992348.299335275
4650,39777741.40386341
4149,33689035.1946475
3286,29665995.200520255
3597,30682968.24229382
4012,33228068.19823704
1720,12530747.483441187
1141,9787284.773695104
3814,28273401.888660133
1223,10663582.982039137
1237,11162734.073894698
1799,8178444.846181058
3980,32148981.382698487
839,4184359.386186222
652,7711917.976550084
1921,18279479.230652984
3551,28128980.547004048
926,10055066.261365747
4058,35237200.809005186
1635,13390852.481764697
2872,28578860.925910972
3829,29456775.188980494
1449,17006097.1097595
1873,15308401.712450383
1456,10118020.940322097
2201,17553354.572586853
3441,25229832.31681203
2982,27209673.602167606
1803,10615693.06577417
870,12128825.661306478
3480,26032398.39476062
2796,25877960.115537863
2625,22072677.583181404
3466,29540445.849148788
4645,36389869.886167906
3242,27994424.0009994
4521,37572922.86565259
2864,19538266.795492016
1262,8208499.991200225
4562,35873263.66697058
1504,10767010.445620652
4255,38798432.83615095
3346,27789042.5515425
849,5455985.957080355
3464,27239690.52799088
1186,8974610.7493588
3626,29143851.583984803
4956,37422011.785841204
3255,24598206.668208044
4024,35491820.73349263
4124,34548029.31010074
3232,26398987.360379398
2193,18551868.4519453
3392,27999317.73027377
4311,34860606.68580507
4680,39991314.51612244
1184,11801479.957543777
4840,35004711.080318354
3419,27957313.442272272
4256,30530541.801977705
3783,33170731.61036712
4526,39510999.67055085
1656,12415663.307074912
3561,29137723.133995853
4945,34225679.108633265
2829,26550369.44227608
1792,17465021.220754206
2384,23522255.785212576
2060,21939632.4210113
1483,9191672.121069673
2567,24200132.604915325
2363,24341913.33325538
2479,16348266.386912292
2236,18374366.36446286
2952,23525794.050311726
2418,22910385.592574492
1200,3418176.8009677604
4546,42815873.088696584
2573,21246388.80741622
4253,37772283.20605144
894,7971288.286925227
2456,22124375.15293902
3548,22419745.22415155
3952,31461352.88159787
1022,11719283.634031035
2062,18362197.040141083
3409,23361476.72181973
3349,27976274.68162984
1049,6935773.022415485
1968,14027742.246479686
1332,7093917.180049847
4982,42712107.86572139
1921,19707043.331806906
785,13640429.402488535
3245,22537854.824771214
4265,37422116.48367943
4964,43211514.111262724
1945,14818485.968345976
1966,13975264.843772007
2276,15950773.037099209
4155,32657940.269619353
1414,12919864.78756785
787,11376336.031520437
4690,41836015.01403035
2588,16857749.167194013
4926,38041470.25419846
2304,23330921.12292841
1678,12230721.502214797
3051,25237257.509769473
4870,34844133.196157746
2088,21163100.246538844
2456,14909755.382445835
2275,14271568.257640142
1487,16048451.18251011
1703,20384185.03869967
3830,30768166.745825257
1619,13811411.564411525
696,9292838.679348964
4475,37668343.44409215
1025,8080345.461870007
1910,14823639.135842921
1792,10635606.12754505
1694,15250825.31636066
2448,20308249.53379157
4155,32926461.46266196
2717,19730555.613312833
4754,36330407.440119706
4080,35495130.7615201
1517,15780990.945227142
3653,29242651.53112815
4090,32422561.28026086
4707,36095055.86015739
4569,40362460.130722776
547,5468987.308967721
4163,35407702.93798179
4971,41843410.39028039
1327,10692895.13839819
2589,18215919.700469736
2556,18459600.532942243
1318,14927656.597942354
4484,34694947.055448286
4180,33208913.040754948
2311,16084828.393886369
3614,26263800.44322078
2129,15724505.008913832
2043,22409221.552733377
4079,35606112.17357729
2404,18651633.38572913
1936,19736630.383655988
3817,31079103.38011066
4020,37223020.14097551
3559,36107191.05118864
4616,41012485.217798576
1498,13267652.865667732
1931,18545929.62054908
3561,29533213.657846637
764,1604004.9080748726
4231,32884123.757363867
2774,20337225.21304035
4375,33969626.87450738
3817,36917014.297918335
2546,24734449.228563976
3644,31474654.40432494
3721,33205028.851354074
3640,24443659.542282432
1753,17208551.13926859
1222,13594872.948606502
583,1055241.5630618492
3870,34255710.2613382
4319,31279779.071998745
3864,26001983.9306619
2257,23034954.650578737
4818,36522852.857162975
3280,25092159.78184687
3787,34264813.628272034
2952,23700285.183242798
828,7083503.878812753
925,7793739.280686212
1269,12194796.312924357
4475,36120996.75082797
1107,10198378.223077301
2352,18305325.62376188
3172,27431458.769638088
2624,22933529.0957137
1800,21093657.513052545
965,7576247.150978893
2464,20159503.44658506
2445,21276472.977811124
3039,28205306.93294416
2860,20605244.540468395
2539,21622729.565325204
1684,6948521.891834799
4434,35657404.24983282
3717,33954181.09029809
3282,25077572.690958045
1277,11746512.845855936
3879,30445283.27684919
2918,21765793.40679895
4577,40530457.99480431
4762,35960223.93046304
2939,25390895.88158928
2489,21837054.862298477
1566,10972601.44888413
1444,13019055.770872885
528,2419156.4875960685
2397,21741375.624727473
2197,14631162.85607132
3314,26493183.490424477
3865,31161685.021026302
2988,28242866.01463201
2165,18740129.215135675
2070,20425040.470336176
2233,20528073.145469636
1259,12716909.002687275
2657,21260200.429309797
1851,18870717.650574658
3976,31739488.772093993
1768,9954523.560209677
2285,18635638.49459932
4449,37952429.2139322
3107,21036122.84386156
898,5528692.923838843
3130,22348234.67946793
2946,26928151.31412689
2169,23370587.911037486
738,6274902.5373603515
4036,34882591.08920478
4361,37404558.09769917
3603,34485390.839319885
1646,12210341.28814218
2057,16796363.105725028
4238,33881694.051727824
2657,22482101.720120788
3951,40120950.40635043
799,7484433.34559194
4198,32019868.04217882
4553,33960508.31932064
748,10741935.02193914
3068,22966236.488065764
4629,40022760.87759729
4823,37544926.012224115
3360,24079921.790250484
1223,12599598.800905464
1069,7659765.399709405
719,8028276.917716681
1894,17649848.82253813
3334,29310795.735037405
2622,21171553.948170442
4731,40906550.66951412
4500,34232361.014655754
4849,32429729.246807598
3589,31832676.519360323
549,5888771.514512409
1014,7281765.267958087
3291,22914541.714074865
3278,21114265.10349397
3118,26099230.044626918
2337,24642357.897189856
1665,13904327.75070706
2749,21907993.839925364
914,8238896.472512471
2768,29681615.33572631
1604,16087712.6799594
3856,29047274.244898833
2916,24412311.71170631
2434,21469310.733464822
703,3454983.4002634655
568,7821409.867027679
1015,6666573.608566938
4063,28971162.697979786
4956,40876400.66151933
1964,16465532.421528934
2152,18212934.293391917
1206,8354066.147011637
2125,16124662.146386877
4285,38665339.98110733
1845,17083256.845002245
843,4873761.770268145
4286,29435909.31673968
1035,6536750.7936633695
854,8303897.216480572
4042,31440204.844936676
1482,10727049.384469537
1845,13992518.683208011
3509,28853877.311791137
1026,11561883.738875046
1430,12438742.388162922
3256,27233811.06455295
2782,22581418.90835154
2446,19069929.503535785
4427,39098722.61395979
3041,27555206.203532588
2416,26463839.75299815
3860,33711692.89516776
2093,16248757.03457761
3425,25686046.07266943
4125,36858835.782134846
1723,12339039.34706967
2459,23101210.059566215
1465,10440258.018322159
4178,35471475.15136184
4812,36316746.35540091
1122,12315656.062996244
4948,36882985.033472255
2872,24794871.988520104
3448,27990480.197318964
3799,31697419.31167878
1668,13156588.4975151
891,6870220.157887027
4309,35936343.612029314
2907,21249584.865730446
4760,36055933.81499997
1080,8564351.501084765
1320,10367589.580842977
1747,11959810.608586878
623,8756644.078743994
4939,39508579.744705185
2374,19312013.391011667
1023,5201415.022091361
3623,36198907.56383636
4724,46073202.18666474
3698,28242804.264786955
3285,30958259.143507294
2618,21668559.84878723
1710,19491308.77843932
1526,14216699.25920116
4617,38235286.5063022
4761,31590191.381144255
997,6340182.07971995
3305,27501562.008724827
2193,19139998.758111935
1224,7147498.858187847
875,5813685.413971163
4898,41844341.051752456
2952,20466367.810799927
4359,36273189.171170615
2186,22201860.594467167
756,8204408.8873354625
4994,41958460.22949793
4100,27739545.652466707
550,2934261.6707463115
1094,15914605.50077312
4373,34186514.247362204
3936,36281428.6286412
1572,11743477.331931151
1976,15974538.49547161
3520,30706760.536060557
2164,18614079.04798203
4992,42080537.35300324
3230,24384829.235819038
1895,12751189.431593731
4397,33518385.156828497
4545,35763045.5756129
3160,25592155.853827767
2733,25975826.14191946
3822,31838024.368075144
4697,40029791.307525754
4718,39168803.037740394
2601,18461697.23941367
1806,15499808.578016946
2137,18488346.33057461
1640,16399769.664023923
1115,6714235.791069605
4709,32550767.40455492
2066,18056791.445511494
1476,13869550.004765142
1816,14989845.581048857
2839,23796062.702180374
4856,42484317.135748416
2596,20391583.270417474
878,7188077.473524262
3965,32957109.333841495
2771,19508555.96249197
1546,12912308.324856738
1507,12864770.047997382
609,10783126.642960822
3271,26273653.02711462
4383,36664033.719833404
3100,28555852.816169225
3743,28431545.824068714
1505,17167221.160628498
805,12731610.696171833
1458,12577311.137053974
1453,11005721.81562186
3168,31225358.273171164
4038,35690892.61830445
3177,26661907.613991506
2130,22320531.458847106
2291,23290976.56564796
3103,24815229.13812533
2471,21514189.55989745
566,7258377.463777869
1334,11758190.089663554
705,2467388.227287159
3333,24849221.488905262
4750,34925211.64361932
2214,20190772.90907201
2032,13702943.048628768
3645,30737254.212452292
3620,35455711.47882547
1207,14939310.55473644
678,911750.0591980638
612,2059895.587686981
1256,8718450.727460425
1396,8660928.932341896
3368,22982556.8680348
658,6231478.980824279
1285,13395301.648249691
2303,22286102.116168663
2339,18288571.48776857
3668,29528288.899053223
2798,24451031.735374264
4578,37298543.314482555
2042,19767820.328287408
4708,39955094.58850354
4854,38703086.729457915
2654,16662091.06503967
1074,14089094.81644598
3538,27245753.131667037
1881,17120675.937190782
1722,9026224.993842706
2974,24758050.249842584
2001,17308785.8825866
1358,12309806.217642987
4074,42633379.84815399
4229,32938644.8786197
3465,31181992.68087008
3691,32097697.35662813
2096,15732083.021997241
2061,19905008.20954279
3022,24683037.18920759
3099,28417729.652730156
2891,30010887.87026514
3175,26852396.6719023
2683,21620624.312794648
776,10362668.551431239
4382,40245959.497803025
4104,31182227.381823853
2578,20265128.731385775
4842,41762269.81552379
4577,37219903.96875584
4668,35481003.96103964
1620,15582084.483686185
3023,27198469.14712032
3870,30956842.732309073
4882,40240046.29599371
2408,18534280.79316164
4020,29874287.72226408
4807,37964806.18011544
4996,41189797.05052772
3605,25414732.33559211
997,7703961.206243523
4087,33959490.391778216
4693,42127979.730374604
2913,23366222.935598407
4300,31662292.949672334
962,8067019.961906813
3260,25380292.08772973
3957,34312535.66517209
772,6162284.020913312
1650,6068300.135262188
3889,43186873.503593415
518,5571089.874772789
2116,18195574.530925736
3678,25799770.084008902
4581,33254292.202115163
911,8012153.126980903
1241,11936513.99693492
3171,28474342.417530257
3279,27944312.97195478
3124,22434173.3904956
1014,1598600.1727598533
706,6347332.951865384
1447,10974075.988172617
2941,20740284.827663146
2328,22108174.67231688
4098,29057269.752460033
2667,24186906.51836975
2156,14017586.074947555
1101,10210266.056749992
1211,13489922.966055866
1703,13610200.053193178
1891,21197759.503520466
3196,32321658.97678051
3772,31887525.000058968
3631,31672156.11177082
4230,38022126.59894956
3166,27961279.11745647
1049,10703729.652795631
4482,35283791.79167174
1744,9889931.474466864
4386,31917713.76025157
4512,44243102.07628456
3049,26359376.873415
3704,29894949.555826005
1345,15549981.777353728
543,3095626.0814145114
1158,12013324.802239563
4430,36671576.10068011
3367,29316082.503310807
4147,33166770.39211843
3282,24361917.07812886
2191,16059386.780581074
2725,20448347.39321911
3566,29519089.063033532
2447,15907594.458578171
1865,12177714.15493372
3630,30446572.892587606
1467,12352974.866758255
1904,16802694.602770094
985,8744869.397000674
2255,26596850.62066464
4130,34420215.30197262
3468,27606761.051538173
2079,17935395.35608453
3295,30419865.12753099
550,5251114.831867605
2159,20326185.07590874
4800,40588137.89320665
3287,26424753.269472066
2655,22572627.396645855
4846,44564766.34257623
4730,39569234.885113895
3661,27329936.92748679
2114,16953468.718601376
3236,20545258.250801586
906,8660196.12025864
3879,35968187.031348445
4697,34551782.69559844
1884,16521198.203524148
4195,37516295.41760786
4999,44265415.89958945
3402,32055403.516827494
2129,12427238.50596349
3762,32610792.86383543
1526,8691304.444716185
3489,25917003.590282585
2724,25255366.778825518
3420,28834141.36555485
4815,41699008.22271812
4768,36356650.1855949
3283,31684809.33048863
1913,18369001.801523153
4148,36851894.35788038
3308,24223499.671654593
3831,35162203.72063786
2678,21475515.27007879
1297,9542321.189563828
3346,29644390.620136984
1429,14181635.324363817
3591,27187543.45672799
2762,29264903.03057756
1833,21107051.729169324
1774,17007105.42243531
3980,34131210.26819506
3842,32725358.678780887
1717,10086010.121943984
1964,17050422.163764387
4908,40562624.74568725
4674,36663964.94128486
513,4175952.4839952467
2793,16200122.81585358
2545,18068181.209625028
1537,16061478.87452187
4628,43217590.70491809
1959,13841857.944112686
756,7596545.964927817
4629,41327146.98819195
4573,36023354.92231574
1783,17292744.531703845
3987,32794630.91325952
2684,26043205.965276048
858,4016647.78099413
4291,32014270.11369704
3687,31334617.506828435
4999,41280618.29970131
1725,14631028.31052001
2797,25103502.480613448
777,4424051.306326792
4707,34547693.16513571
2486,19387675.675913822
4044,32187164.323905703
3293,26492758.456826266
891,11935137.13406163
1468,15055251.740397628
2690,24119719.607466288
2728,23489998.783887934
3126,24705434.632853333
3345,25198164.529649664
4864,36320527.737923935
3807,29372479.448587973
3100,25671234.034917034
3180,22975047.399452
4870,40468559.273209825
585,5096685.618293065
3634,28880104.76537039
4999,44476598.70363491
2739,15530144.133331805
3864,30760811.364145212
2545,14302687.663111567
1554,14147688.018788327
3901,34494544.749596775
4229,30778681.387358595
3169,22682827.24832583
775,2105100.504868633
4590,37910925.978139505
1605,12817635.171387918
3432,27620035.80882522
628,4920085.081542356
4851,36887202.80689618
4826,43003622.07168811
4068,34361022.04039488
2902,20662009.389667187
2147,16074359.552502494
4056,30831793.676597573
4391,40345783.710419185
2693,24677657.818048596
2547,20996531.629232343
3604,34953663.554861575
4855,44196130.78559755
2634,21379867.31757469
1342,10504304.033628572
2471,19680908.132307954
4860,37021760.212093204
4403,41425923.34540149
4113,30884762.49082337
891,10732912.94628232
2779,25303629.39272649
1400,11285402.065329302
2994,30382135.31099335
1652,9538711.036755415
1794,15112926.09706333
965,7252879.505178487
2675,25281779.45081256
3745,32020697.593125504
987,3714114.464000522
3438,32222438.331239358
3126,27464385.168773703
1449,9485524.414111208
1549,12342962.685640823
4575,33700345.255083755
4959,40159485.92315056
1890,16570353.902079469
1583,12660058.524098154
2158,16912606.500381436
4887,35257778.892846465
2317,20547724.384509623
690,746636.2094111415
960,8773238.554711785
3021,19770532.527902618
3976,32959514.67145886
3205,26621642.986236755
4866,41138034.90303562
1657,16842857.150404777
4766,42270765.26675282
527,385872.20187221
4731,38673381.84060076
3472,34808822.65368016
3524,29549301.705493122
1764,12617955.57909606
1355,11600896.620681992
4525,36049002.179057814
1751,11478625.528603539
4370,38567312.564621024
1826,17361057.674826086
1525,9196472.783663616
861,7608176.248549294
1718,13044609.052453632
1105,5035222.456425099
2170,14115541.627572045
2797,19578120.528599005
2694,22376710.73967161
4943,39170140.99938993
1777,12338436.11371226
898,7008350.911137147
2672,24618604.915536433
3310,28550088.291816168
3152,29221606.422865707
3439,27827061.405842252
1321,16375671.572044931
1444,13596239.651095476
3978,31357247.729975827
3279,27510855.429071106
4929,36687772.14223055
4950,39681444.59125669
1696,15857922.690679824
1712,16531008.524295768
1323,10353513.331506409
2396,28369671.282567903
4763,38587376.770534135
2915,19284817.87357054
1035,12919801.576025493
3510,30901381.91154903
3127,26711066.46286575
4277,33821237.32672466
1449,13772039.548079325
4008,37921048.73799289
4802,40020898.812020436
1043,4933899.239567222
4400,25839937.7504367
4253,36177678.68191516
4724,35834259.376219675
2582,21356861.84781259
3366,25500767.1309598
2746,20325273.047410205
2336,17392177.600141197
576,3583373.920250302
868,10272707.965448506
848,9504931.379409755
4833,36040033.53156648
1955,13424795.820898974
2685,23617365.713408116
4311,38645507.09630656
3772,34287424.07974238
4182,31447273.477659304
2346,22735934.295700673
2354,14503191.09704345
3485,28271346.748969883
4950,42061079.327825956
3125,19763584.960875046
3394,34430570.77225639
1058,13444085.548929848
3396,30109011.917081766
2417,17440915.377305236
1754,14827689.126268601
2181,20819260.509289067
2314,16144015.299000558
1162,9754577.306285948
4616,40659151.54943295
3825,27116214.99468085
1741,15925274.133061364
3643,24879691.11113646
3537,26464459.73326404
661,4774222.182971717
4725,40340666.838156335
2450,18497632.692481387
4820,39936645.173987456
2281,17186315.5865753
1977,15224149.683654543
3530,32991984.523358446
4486,33437315.465273283
606,8125461.921841554
3168,26340808.343575053
1664,12585338.933276027
1657,10603431.502769645
2746,19529291.078702725
1166,8112064.92572616
2626,21557836.778336573
3441,30338528.908469204
1011,8187282.220232913
749,6292067.444353343
1388,11852029.330033084
1523,14614333.074316187
1099,11726408.457589531
3522,25015103.573284455
3030,24393775.870770063
3383,31746212.052043766
2564,17563640.13884014
2258,19286938.671346877
4069,33039467.988609657
1742,13235973.230190165
4829,44404347.953130074
2795,23470507.426603623
2425,24933435.21583294
2562,21512881.61573323
3895,33540767.667953193
940,6788335.473219058
3243,25245718.97410674
506,6276042.590746581
2086,18971092.372900773
1325,13393961.199775564
4324,36722034.86086372
1768,11134737.218987746
3936,30068893.96986275
3938,35053828.65844609
1810,9604603.903789988
4533,38141821.72451681
2127,17680359.702792455
1536,15836745.602417078
977,10065863.558212265
3178,24432059.160874613
1214,8583949.88509501
2176,16839649.581009243
2662,24036189.142111883
1008,2157358.9613342667
881,8520138.333071183
1680,11790896.238317898
2345,20332505.89342177
4870,40993493.35951011
2218,13757020.251213938
1600,13119400.718998106
2360,20346711.07040074
2591,21991850.285825443
1217,10369397.140652105
817,3873337.440557965
2276,16002115.908060374
2784,19137858.03173845
1744,16614136.71251926
1833,15317287.474580197
4169,34196740.28212186
1700,9483519.668465318
2294,19251191.608216383
3201,28508911.21594805
1954,11106481.276277162
2433,18857781.22376509
1246,6256952.605365584
1340,10459153.775810339
2995,22257024.30728723
1588,14846726.500924809
1292,11843718.690279175
1767,19010513.216902133
2050,17237766.45209852
3190,27535463.40631282
792,5662877.555054567
4522,33866806.04631426
1904,18736287.30407026
2148,21913765.160641238
3316,29644967.09771476
4410,36673684.369388595
3418,25421719.33654417
1897,19600884.520280838
2193,20282527.946911037
1537,19370635.827988338
4352,32352728.14928028
2062,20083699.50374214
1612,15543319.514624394
1791,14301918.399255833
1661,18379504.640609313
1529,14439035.445273643
4837,36885320.914615035
4757,38700982.95117677
3239,24065423.578690663
1478,11418452.853843458
1017,11247478.460619198
1282,14223822.13570265
3331,28311637.001368094
4680,36189775.370231405
637,7240825.261186071
1253,13194198.91387291
3453,22707664.76428085
2955,24989436.32509275
3334,27101430.604802005
1079,12493133.766228717
3755,32197067.494584497
3766,32581055.104418356
895,6714267.1008571135
2437,20500955.151397306
3089,28543054.909411665
3534,29077360.80108917
669,6876008.667194722
2837,19088128.104673803
3739,30706379.891018353
3915,26284000.09568167
4068,31995565.39192523
3716,30918546.6731807
3984,35173092.38345371
2341,16730520.169644073
4260,36201052.4304103
3526,33613480.21308638
4465,34797768.40285313
2101,13166841.234832028
1646,15037519.871171266
4826,36032008.98039112
3184,24015004.279579442
611,8658010.825107457
1092,15366697.826130044
2939,21509929.650975544
1738,12691740.77995376
3294,26032393.11277354
2914,22668575.83942372
2629,27831877.541436106
3353,26232296.51093664
3369,26788744.256421614
4098,38632532.419524476
4303,37154028.93461791
2026,20165697.698847733
2469,18033661.380932827
1451,11017460.950472793
2002,13896844.926963119
4967,43139784.63810745
3836,35363729.62335033
609,4072676.8924554614
4486,35795276.03128717
2854,22870529.804884028
725,2158328.020165473
3511,27066533.76672104
4626,40327798.644290805
1113,7277744.486664718
598,6062945.5866149645
1310,7555943.07660753
3837,31263997.266613398
3199,24902036.53624198
1519,9486985.548648698
3525,31571158.288465336
4028,35763882.083603054
4386,33179383.863292076
3479,28183449.607418817
3840,31852956.049217347
1296,5923714.638616452
2457,16464721.820817905
3566,33386853.309100345
3520,25964619.31049229
3180,30214549.324755087
4941,36491758.97685001
3448,30560483.331421208
4231,33914090.67746899
1601,13295701.1925369
1537,18863807.740601894
4731,35085440.097043954
1291,13112394.588783212
4674,40052468.99067347
2278,29287720.167499132
1481,9616607.539304342
1765,13242045.61948969
1243,13391766.857497662
2931,23847208.42239441
874,6602847.129804751
2253,21896534.464969497
4397,35376294.69108884
3036,22612422.788855746
2491,23106630.464285944
3428,29549864.02408358
3946,31629460.21318207
1091,8647095.443719937
3069,22807280.18517831
3372,30151290.565346025
1676,13327676.548236875
1835,13370462.28927899
612,2039334.4984244364
4272,36352463.073726505
2345,18234251.06326101
2487,14857974.058032785
2485,17270193.63106786
3792,30635209.193023052
3742,30319387.0052485
752,6285373.248888048
623,4835731.665297316
1736,10460438.831790768
1123,7360354.427552847
3656,33799330.9594523
3636,33196684.3805592
3889,33845855.34703215
3917,33804507.812122
2155,20954267.724196475
1766,11765615.787523698
3445,28658785.100270845
1660,10919198.548059119
2794,20043256.59070418
940,9624194.813240824
2592,24576251.317407627
3205,26058452.596732385
4259,40019001.296628505
1053,10059352.98113661
1612,11565643.402750466
3277,23955814.344378985
2333,22718394.452554148
1814,15897377.347219445
3993,34972142.134508446
3638,22130110.218640275
3612,30630016.103040814
598,4248677.434511289
4425,32218721.392249405
1979,16643952.971154723
4896,43443440.60096337
1722,21574684.859259155
1504,13758457.221967531
976,6680560.230115432
1635,11771492.3304446
3356,30737397.0861956
2205,15649377.642541323
1017,11003282.138583288
1720,15641043.569878852
3006,25597304.175648637
4825,34895644.230357625
1691,13457125.393321026
4380,31665526.62592716
3743,29179257.796049703
2477,23567415.984561536
2742,26629173.710066695
3590,30361845.948472656
2387,18384978.462698042
1473,17548297.997081254
565,3769228.09873146
3406,24840940.524572987
1070,11649448.90375035
4392,37509202.12770912
807,5828272.267222477
3908,32564675.6887087
4242,36262479.96655532
1282,11867036.523155449
4716,40104816.86489374
1265,9602855.415320078
3975,34378735.132718794
1272,11228673.512749845
4357,34440568.43539094
3685,29742345.713300176
1039,9018294.492226746
2549,17055864.988816164
3783,29354022.260290217
2163,18498716.54677836
1547,9323026.893833444
4336,33828229.01455626
3939,39665934.93511562
1005,5652224.905536418
3747,29824558.262048714
4000,30498848.164413806
2410,19929389.98813999
1232,8411244.97059506
4013,32374270.630122703
2071,15412358.89455032
3442,31701383.449109472
4956,40892911.11315864
2821,20559082.02911034
3835,34202389.57149808
4874,37117200.151909664
3253,22331759.433265045
1872,15966872.537701577
1944,22273793.273019936
3876,26525007.613252338
789,3319036.235292709
2565,23777576.989482533
563,3577035.801164119
4445,38395845.70173963
829,5119533.279174158
2463,21129886.532227527
3588,34937421.77615646
2990,21336231.058934387
640,9191282.430411913
2973,26823120.38989626
4403,31756267.246703275
949,10268701.571225319
2325,19818418.386587817
4946,40841282.02974119
1369,12961552.699355109
4064,32460902.466752585
4159,34482296.876827195
4102,34540357.27512086
892,10374173.816656586
1341,7146516.899865757
2948,28456657.689473312
3291,23862128.97082236
3453,30908885.39243916
1858,16102335.29781834
1490,9076530.971603908
1538,14888436.409112014
527,2379780.082414487
887,11302386.665472921
1332,9523495.484496268
749,2507041.7071838677
2527,25817535.315108884
2028,17767971.013710726
4693,41145573.377283946
2338,17149584.363739897
1860,10204568.389875397
3609,34897607.27226333
1823,15564719.563463153
2726,24282055.68249064
4180,36409787.341794804
1391,11121826.840952931
1805,16118688.642846549
4692,43317857.777516335
761,6990676.313362009
2840,26546303.949258726
2293,13370259.059908135
2796,26739281.890957642
2792,18769987.10598208
2670,25388226.472100504
824,8763893.661353813
1485,12592237.971778365
4352,35517235.33637621
2239,18153806.719927996
2360,17417991.44166931
3637,29478071.16410986
4398,42808177.23252727
1335,15586920.132354189
4654,35618990.4644327
3278,28027062.206981864
1896,16455937.489709295
2176,17981119.670970984
4831,36639667.330087565
4813,40841693.954419956
2337,22234214.88974391
4221,32266303.944799658
4172,40242624.25186762
3522,33742009.74770667
2171,20012496.676853698
1416,8632840.89199356
1417,13540225.877953686
1633,14909934.004693396
2336,21227465.82865549
2638,26875392.816869207
4507,36528077.83615014
2405,26383479.738967232
4489,38131513.03798125
3985,32008610.473016206
2620,29158131.620119236
3232,29345675.70006027
3269,25787798.33912758
1821,15820649.766839327
4216,36633699.065563604
3854,31379416.919643976
2028,17625723.607134853
1259,8620389.189011836
3912,27240416.407576278
1857,16175257.968234135
2690,22940083.466677662
3981,34429358.774673566
1448,10855430.87868141
2579,17610337.116378006
2266,16232026.590757955
527,8382901.2705194745
2970,22760166.063377287
3038,23977757.042588715
659,5334759.308506664
3392,26278171.49213963
4613,35824367.5174015
4222,32162629.30609857
4231,39049969.7237046
2971,26808302.05002879
2070,21303462.319450714
1336,16036019.269382514
4438,29454360.607701056
2786,24318363.926084228
3905,30481464.098305043
3170,29710428.933060046
4612,35671586.39027232
4855,36677550.73090887
2127,13713862.418040693
2366,19019975.267063595
704,9376835.787584933
4079,34400501.65058394
3674,26784055.20459157
1291,17785977.271085672
4592,39684615.918474704
4247,37308230.34727306
1605,17695086.482042976
1590,8799353.23412266
2107,15121697.584236352
2339,22181034.07077282
3897,29743785.01593557
566,4702959.583234856
1778,14990778.0415061
4658,34431783.834110245
1313,10421548.45359908
902,10959509.652055498
2502,23204361.669453524
4666,41667043.98590241
3425,31429627.621372387
3493,30161621.777107753
1586,14668035.4949291
4840,40479992.280319855
3066,23646858.498238117
4988,37814165.82883816
1271,9099207.961640298
4172,33397912.05032759
3748,29016522.16577167
2169,19593495.215451747
2056,18053685.648192752
3458,29591970.496160652
1651,15262224.197747339
1717,18322991.813353598
2731,22822281.322838698
4842,42761108.30150384
4444,38101756.073937505
2542,24724900.609905258
1205,15483889.503159717
3169,28081948.73993721
2613,22215304.749015994
3477,29107923.452329926
4849,38381501.76131448
4878,38512683.56027183
922,11082351.489934605
2521,18276989.122657333
4293,40188317.90668668
4631,37592830.24128794
1030,17826233.679368444
590,3640653.7195111485
3872,32726566.759941004
2442,19480452.189254742
4305,33060747.725370184
1740,18111401.052636154
2258,15747337.416806582
597,3747776.4790772963
1979,18590959.126744732
2332,21890882.432848215
3085,21504343.736317437
4147,35921030.65564612
579,6018699.740249017
2723,20030829.92641541
3069,23185355.393993337
2272,13075645.716154797
1623,19136333.283392735
4311,38534261.24493102
3974,28924564.969465345
3123,28380723.01837539
1903,14501932.968151
3078,28368431.6090491
831,6159779.292522753
4108,32773937.714676127
1239,10046958.196727006
541,3355933.975016061
4378,40221814.125699915
2449,23287580.979244437
3960,33009845.61499984
2628,25097704.49195743
4997,36094784.85426362
2654,18546623.664346904
1737,16319664.287073888
2266,21334609.667423666
2341,20566222.638767254
1005,3391915.9747650437
2341,16540996.426986758
1894,17401775.599512506
756,14327416.867723802
2220,22413737.995175283
1571,18299912.89541232
2122,18995176.266570896
2566,22525472.94236813
1569,10451543.598231772
950,11455466.159154851
1397,11956454.892376991
4228,36902197.12639116
581,5740059.058642805
1236,11725355.27425222
4674,38128815.65110414
4444,37225874.09346868
2707,25656229.672635693
4448,32785311.41279233
2502,16537232.72105467
2191,19805593.732916698
1679,18753722.89372285
3435,33558233.85040325
3015,21446769.346869785
961,7479378.493792879
3401,23770354.23666527
616,4276165.12083864
2154,21600544.285148084
2298,19345324.6493248
1159,9150377.761128636
3737,32531257.26923363
2622,19590843.730571587
4319,40330935.094645575
3843,31765854.91672442
3050,24194617.271120302
2086,19448547.704386834
3247,29793858.48063314
1134,14859925.720447775
3382,27426093.281225506
3311,30746169.56808115
4953,40927634.83569999
4515,35285859.937078916
3239,24581565.412987296
2384,16781049.66910099
2018,14918918.003332658
1121,13315119.865280252
2037,19416128.80535811
2837,19972365.03217415
2494,15712827.239355193
2570,18223120.532610767
2865,21589791.375258554
3345,26850202.868268974
3538,32822590.569026142
1354,10188849.423301
3228,31865499.88053182
1415,7279400.323035897
631,5002102.437713081
1616,16284646.007409204
4093,36285615.7570993
1360,10872858.130834822
793,10349260.30135259
3188,28940589.32752065
1499,10945656.02206247
2796,24312785.405333266
4185,36590839.852230534
786,5456395.6972815255
949,13674976.35080749
2838,21197914.16014707
3740,31352278.64988354
3203,22874668.050741475
3616,30238080.59598768
752,3814780.3517875336
1919,15469612.576012213
2836,18928207.31603671
1735,17279440.200977165
1499,14060840.149224823
4260,38342231.6609101
4616,36884584.50608049
4911,43689542.100642994
3111,26005838.936184507
1946,16907502.37828621
2670,28702159.976055816
3421,26913972.10518419
4183,38146377.09346455
2761,24527054.82164284
2445,18844285.323263552
2353,15876927.328609582
1099,6692744.84863353
4635,41472024.39356353
3903,37427198.58051087
3490,29194319.70963068
4777,39647645.28786337
4860,42209360.299469456
3318,27763906.088059556
1362,15195100.113910967
4555,38314866.75198956
1719,15158623.940957328
4295,33262361.457517646
1027,6380198.761580152
3422,18898735.959364273
3704,34334350.39982562
1662,13856178.834333023
4064,32310807.965792656
1346,5912878.110843699
2617,20015661.702682942
3586,27372940.625151314
2270,16775680.738307675
3783,32262508.429457884
2325,19966745.65958801
3823,27500112.199140884
945,4666476.700278002
1525,9300964.343008902
2271,24599578.26270153
1859,20350167.88607489
518,2587103.002701207
1060,3550217.0400128076
971,9152132.72903756
527,5356820.348713015
1059,10422750.960965194
3155,28464121.677432
3736,32243111.860187825
1444,9202681.40549924
4448,37466123.26149205
4156,36809470.72600696
3563,27331994.830989882
2479,21731869.406267576
3216,25069657.847596575
1315,17508509.16282369
2826,19627518.58339894
2830,27107846.809585802
1502,8003561.715724193
2042,22715158.055649824
4704,35207352.79772677
1729,15401014.631968008
3805,26552420.439909585
3029,21182056.648934867
1930,19133241.142873865
4412,39380486.93440841
2032,17974076.79710294
2392,22359244.996470723
3624,33126636.227961916
1921,14315469.408602057
890,3923115.6970495563
3318,27502889.841391616
2369,18220396.442308374
3460,29845864.440602984
1695,16204085.83626378
3105,23795047.62829216
1357,13968325.628899328
3727,32778415.127853923
2016,19297952.73666706
1653,13000622.86896822
1342,14075766.494485725
2182,20016006.842025578
794,9272553.934269682
1144,15185365.689265579
4133,35047322.56977624
2635,20259113.328007597
610,2548636.407001607
1083,13047808.479981465
3725,31871923.028106343
1986,21898065.964960672
2148,12095343.42639859
2881,26780001.263359327
605,5056587.993738116
4053,32363437.015356485
2194,16257576.479554227
2233,21562713.04165543
881,9888608.531849675
3236,23460853.924881678
4856,40342764.31377521
1816,17646342.992041413
3202,27150031.57777772
4574,40915520.900080815
1406,11377884.368332453
1162,3532926.980686576
962,9256152.68230471
3402,28757877.30821524
1442,13469559.490113063
657,9576937.293903103
3809,25614610.24012008
1826,14892550.087002018
3217,23968026.57599535
3168,22719908.835644547
3068,25327103.00131132
3892,34241466.09084202
2606,22750839.81457748
1147,8113432.732512718
3822,31139585.201368846
3438,31293689.333888847
2983,26913387.73518007
4741,37269689.960320115
3406,26395510.873008065
3525,24050547.51820301
1875,14711765.999252908
2323,14376633.20868445
744,13153209.062158344
2848,21218645.529399868
1367,15262942.565939652
3361,33342318.623675972
979,9480604.225583965
2962,24395957.230839282
2435,16512904.231834752
3873,30470199.635053672
3521,33979895.14360708
3692,31589757.88886681
587,5781044.622376512
1740,18856369.627526987
1072,11664871.645367147
1313,11060380.556660712
678,7072767.507020791
2225,16495804.887706079
662,4612878.060909241
3140,25501104.112224024
1505,14712413.187121069
2848,20041911.081929862
2921,24596720.991268184
3255,25870413.519810807
4798,36681212.344601385
4642,36982525.35152504
4241,27963790.210849334
1717,12463233.977914862
2974,21493539.353772134
1429,11592251.872197708
816,688630.5311082006
2002,17588678.230528407
920,11088269.88922059
4858,39512110.8833103
1949,18088375.62021313
927,6877808.330796272
896,3504136.628672379
1295,11365073.963856958
606,7889135.130955657
4549,33418835.62317703
597,4380318.171034494
2403,19482650.79728675
4070,42114222.93585484
3801,32078113.584159676
542,380720.73659133166
2077,11157447.29447337
4690,40711496.49079125
4783,46719095.92798959
884,7229076.546197843
3971,31745541.22382447
4077,34908322.52859279
3738,28509110.774964675
2196,10935536.138713982
2634,25183793.16782706
4392,34296453.614794515
3036,28438353.597464114
4821,37285039.62906796
2892,24501337.382381614
4315,38084495.842466086
795,10571052.853215616
913,9002966.002444271
2495,21509717.287397
503,6883118.540537335
677,7808508.603182456
1245,7086458.397486061
4854,36015752.937088475
1151,3880822.6909373607
4389,38411524.00251894
3771,29980810.678867
2982,27316591.736128904
789,8523131.720363474
1302,8408719.955287091
3030,24879332.699395664
733,5499533.845007724
907,6428329.559209313
1193,13289861.976479843
1669,21884230.411643017
2977,28164610.925230645
931,8367130.897927789
3044,29130523.27986837
1482,17994707.95093241
3660,26102887.65306911
3544,33026564.28408759
4424,38701046.05622961
3812,35060357.1699695
4818,41983862.3680507
2188,17820812.977397576
967,14834611.932548301
3116,26946795.825746447
1845,14457018.93791724
2922,25893934.045121122
1511,16005187.705183582
2177,18700283.227585986
4197,35755409.150566675
4566,37793101.24631096
2392,18155772.800698068
3369,25486526.62411669
4850,35591551.14028524
1986,21442060.102140237
3839,31041748.255611017
1916,6045274.694734132
3346,28957599.237838525
1857,16983481.313521907
4560,31880296.951508813
1891,13630811.375000212
2078,14995132.896317214
4249,32765196.92762317
4125,37638327.58511071
3003,24577367.35579949
3637,28814295.345551547
3409,31639169.82666178
3164,27798043.235551115
899,2969065.226070353
4882,38206129.08249629
4457,37621886.26140184
2733,20062329.5979639
2039,23400664.365263395
736,7226636.290957751
1427,10155870.981267426
919,4983169.069991851
4624,40774582.76410711
2895,22216414.18901813
1160,11419772.534875121
3123,22529441.9293767
4450,36810593.37457351
949,6684342.3063496165
879,7085816.759574839
1750,12611157.598843629
2959,27748878.83342481
3498,27510988.07462702
4951,40177628.41524089
2801,23122573.157603767
1226,15644810.364900883
1967,19406925.762174197
3228,29196042.274833877
3652,25482340.130921096
4020,31190822.837192383
3854,35397856.14748675
915,4807207.553735051
1099,10044040.64436519
3574,26396215.487217635
4674,35497278.23377178
2067,22578356.958592612
1594,15909811.924729165
3443,31493420.683383763
4653,40575224.44049133
1947,16158134.913311493
1992,14861209.876288308
3171,25161729.22174752
1958,16088520.63683976
1708,19992858.20798375
2712,18686930.70691141
1854,14171015.654143617
712,3957109.901083852
4394,39321869.59256144
3463,34265364.77801729
3348,28710359.079479188
3542,30509047.504530754
3534,29545962.769125808
2232,20168436.967843376
3581,31967465.48707288
1770,16436921.538660465
2029,18728502.984834883
1581,15974243.090481624
4031,27913165.6962348
1651,14214026.790437177
2222,19691627.126253553
1216,11976444.541557875
4699,38079341.214648135
2690,23002254.499391455
704,4472280.785957698
4329,30307465.79290681
3609,32821411.30391697
4594,34348885.19004149
1832,15174638.410658715
2548,19136611.10129398
2349,24553027.83962824
1737,14657065.856473856
2518,20212630.611353803
1017,11379597.606177947
1938,22973422.50282456
4586,38905068.58117426
2552,20283741.615104493
4868,42033781.94406407
2812,18777962.7942553
2759,23211287.78019319
3649,36173872.96486924
1281,11721242.190057315
3213,27027332.968472946
1744,15013909.621072516
2916,23141571.158721402
1475,13743472.017094612
3991,35253819.03498091
3925,31404539.842527676
916,855744.7850975376
714,8108852.515836262
4478,43223378.229560316
1635,12951215.775831608
4275,30786509.85173019
2082,19688238.954197437
1232,16087496.79255201
3246,28556120.709145706
2763,28278100.162499532
4304,37813005.636877134
2927,26536552.95703308
731,5293997.951773663
4853,40680220.67225965
902,8127587.129846671
564,5320792.838300045
2737,22134404.6161468
1449,13268840.40237566
672,2486965.0475898213
3175,28835155.197844725
1750,12366764.121659411
3548,28633186.324985877
4505,38031679.6791055
1137,7314179.744813465
1448,6684610.813084242
2760,21930859.96690748
2194,14258707.522248901
642,8272932.798011411
1960,13219489.282373622
4387,40551466.69112749
792,7318621.332294324
2143,18321522.583782688
3218,20802106.01436601
1337,12130587.88655157
1537,13055460.24938024
771,3270732.8952235915
2458,20925805.016390424
2869,22758230.96757773
1305,10789636.546313921
3674,30469645.28658214
1382,10641637.360525396
1331,12387369.880846605
3671,30108333.55294711
2691,23946305.405159727
2540,19733976.218084026
2094,14557240.741198123
2126,15881394.414685585
4084,37999970.30655534
773,10051899.57862024
1089,13352137.397797327
3200,30448141.87451066
1082,8257045.828480393
4133,34951435.80622539
2490,21147517.008543886
1758,17042615.576774266
3366,27060495.264307097
4238,35182922.47127301
1071,9784814.432859058
1044,10948787.199747093
4722,40743151.663214795
1137,10377013.0970206
540,5691972.352197424
4892,40813694.062246114
2120,22899654.26186913
4172,29186006.626049206
4637,35186961.016346574
4628,40045038.78933783
1799,16201353.196517274
659,7060248.650452631
2452,22618486.49614007
2231,19489978.67937129
2946,22890152.564652327
3662,32182427.420324776
2232,18918661.488997232
1080,8297268.46333134
719,8823081.873733735
4974,42745101.574846
2249,19636299.474802375
1970,21911357.461983673
4828,43604480.20431086
1894,19157571.582161404
1421,20067096.718426242
3273,26744609.79400685
4962,39301599.01205172
3934,35053089.29791008
4082,32898097.106017157
1618,13979783.146943469
2365,16962240.102749087
4811,41307978.37313938
1224,6378978.263387171
1211,10398685.336521892
2325,19553932.78745273
4426,35099883.47274051
890,2848355.7240155004
1570,8266106.718676648
4987,38657482.7799846
3265,28737150.986286193
4980,41706774.584325835
2928,24374693.923506577
4994,38298234.541947566
2647,23199396.663783323
4072,28178912.165883243
4978,33634351.552884065
3254,26302785.346354987
3763,29465845.859708913
4325,38639513.89294238
3916,32801951.3333185
2557,26408205.929999553
2811,21843354.79391362
3379,29492316.874566484
4142,33379168.61175311
3109,30017159.172393415
1930,15827848.658627762
2413,22867220.340437293
1257,7823143.106427519
2634,20826362.070603866
2412,20043869.7642176
2239,22702252.619888403
3717,24144439.176975884
1634,13074066.660662662
4212,33596559.6207181
1264,4881079.432816858
3225,25407892.717759553
3868,27321998.60642612
3997,25984009.565887824
2172,17589061.514514033
3905,31351564.637588426
1082,8921139.251122003
2321,20326574.737695053
1685,11841809.530358903
2137,23468568.040337764
2680,22340117.97560549
688,10363291.389184453
2246,13928302.275533864
4326,33104411.049724378
3120,28018944.41513269
4445,35880307.1729662
2826,20388461.8378811
1684,8956110.304067757
3293,29543611.016721096
3446,30522806.764846563
3000,25729962.074257683
669,4864281.42764225
3245,23620729.917110585
1580,13481055.380309895
1763,11158044.189063799
4953,38369247.75830623
2748,26767751.744198646
4408,30711492.71060574
1825,17632583.480701104
3677,34898587.85434749
4373,38432779.15814796
2648,23378638.63527945
2188,17113281.461486626
3485,26942335.836697962
2576,14863607.401810039
2029,17343020.040801942
1961,15481278.65381272
1902,14121896.77395428
572,5515756.91336296
4849,39979108.44061396
4534,35365328.10789884
3296,32207242.35043036
2993,27135808.337337274
4731,41536835.67511983
4076,33298091.649081774
532,6789707.196783428
3194,23864886.19820431
4873,41982775.62075092
4098,33170792.17805878
2892,21070049.394957025
4612,37827699.98634231
3371,27091837.90925033
3177,33385207.98166275
1901,17514182.745439734
1317,16275152.402344666
2160,21673861.31907618
2938,24617341.7993925
3483,27532842.391209867
1710,9459320.256399032
1099,7179169.348005781
2346,21756260.373262644
2355,18933608.84463789
2387,21223460.977215324
1179,4341174.545957991
3752,32376544.54729212
2335,22969444.671597857
4530,31912725.13058124
2677,23530691.719070397
648,10214603.960825382
1995,22000259.948018398
2244,17441502.78742612
2146,20507791.0338346
3495,33249369.460016247
2172,19580144.172341134
2439,24367232.76699043
1157,10148415.039985098
4167,35518942.43131239
1553,11559172.320613394
4571,37074199.52697872
1076,10909148.509629091
3595,27670142.024862695
3531,28577240.88057774
3472,31058621.04284041
4448,42741672.5995283
2545,15211684.52505428
4436,42417730.00197085
3448,27804384.706731696
2127,20910699.607082155
1988,20387278.09997522
4645,42853490.321821645
4698,36400114.405810624
4963,40028186.0756466
1435,12319211.703141289
4063,32431698.472507965
4129,37988282.924517415
2214,18481516.896965604
2302,14560357.005574893
1920,14460958.533058709
4091,28992799.919909358
4020,32474983.639919978
3811,33505649.02370381
2805,21476569.983088933
2495,19750901.106096268
2467,19911704.122985415
4214,35134227.48150574
4535,38828248.33590657
4985,43301766.28380611
3958,39430550.948809564
893,8514487.793000218
4230,37047379.161939144
4865,35157329.756965175
4744,37814451.0433034
527,4404749.319613781
3991,29876055.333038688
4761,37480021.80589739
1673,14061545.847033117
838,6190009.877505576
1568,21349502.563514482
1341,13264826.02473319
4784,45275068.21657801
793,11821953.536502015
2357,17938261.59964884
1822,15688681.402259434
2147,16871526.13677627
4120,33474531.722141005
3594,26822698.99243381
3991,31603394.01248933
3995,34038556.64459971
4301,36407366.170826614
588,6464210.9956488
4866,39748975.52534933
2456,23230227.27571082
1399,11420870.921764385
3977,36990657.019284844
2244,13409207.328947313
4873,41954433.071927264
2753,24489113.336742073
4161,32264300.32824535
3460,27614306.919434167
2133,19458372.81732711
1361,14635805.74144625
1513,7855610.4950066805
3799,33276738.202962767
2006,15675046.44332733
3705,34015869.32289566
1477,7298174.358551469
3961,40023896.89536362
2317,16877580.200957708
4184,38761883.56036903
4558,37256446.1408015
3134,23615999.788399607
4166,35123342.01614423
1448,15671376.334869105
973,4125885.597765713
1067,11640766.547861028
3932,32419464.50402873
4523,38915132.247699
2758,23096926.07201694
3644,28436393.48373604
4810,36140630.24588437
2482,22873935.336141076
1596,15769815.976596504
4070,35546816.74307243
3890,33402788.95832172
3172,29210096.61551841
4146,38386207.839308925
2919,18722746.457780447
4779,32206607.668392736
3848,36937842.079638936
1173,6360860.456244433
3302,24157270.13963114
2869,23089157.064375225
1566,8566085.263860693
1187,9351239.908077087
568,2699683.967632005
2603,21123977.39090898
919,9191523.914721305
4498,35953385.323711306
3097,24593858.14380856
4838,40477987.390374936
2624,25124875.393849842
4392,40944893.040764995
939,7856385.237993354
1786,20762667.45576971
1708,17294120.504283737
1578,9927974.63808047
3063,21720375.233158976
4123,32252136.44819199
1753,19357811.95007918
3857,30351898.05330339
3709,24994929.52648118
4049,32705347.373336866
1114,3970284.0973187797
3578,26459043.059189383
3223,25022914.78112224
3990,33369006.732774075
4043,36416486.97982063
2400,22282407.830115292
4871,36430025.604657546
2212,17580863.213503044
2829,23861126.7661077
4119,33165378.626660503
1694,13744114.322395116
1878,10855770.026037185
1812,12037797.546581078
3415,27111180.45258218
1249,1712322.9751645122
800,9321932.960029563
4482,32737962.700866792
4337,37756514.39979541
777,9012748.013412729
3058,23832920.870662846
4417,39337644.97710461
2661,24517592.0347748
1889,15185115.587496078
1190,9254721.154424906
3968,36035698.35699307
2348,20480041.51822299
4316,38662091.50510443
1439,5345077.776941789
3682,30751455.291058388
3809,26739772.73909188
2550,21322634.47753971
2246,21109460.62503765
2951,29825420.437247306
524,2377499.8146884423
3056,23870885.58409405
560,5193401.278773387
622,3052406.6956143286
2602,24751679.186367773
1686,14277716.36390313
2230,19205871.07012814
4589,39572519.38032248
2972,24560865.450873774
3465,26267382.615472406
2777,23026939.2851046
4587,35127455.92145983
3464,29035942.667349458
1810,18470813.16240539
654,2707065.1231830046
2712,18098886.995673724
3753,31171749.80775902
1762,12792601.149768282
1862,15991235.823235907
1437,13457210.561829101
1011,2656941.313214381
686,8557548.282975625
2345,16250994.491134252
2202,18548956.14830593
890,6141852.993684709
1154,8576128.955647117
4771,44249873.81885397
3321,28525802.562386982
1263,13818065.208860774
3900,32652824.062608227
3767,32996040.723964863
1585,14932135.086430356
2429,21195368.434060477
4876,43329467.72749404
2463,21173516.36153281
2285,26135445.716653116
2774,26073594.718437314
3186,23069377.906780932
3468,28214350.873051055
1215,11911232.798472006
742,7069490.507136111
4415,38380620.2569165
2023,19575050.11450162
1337,7617239.042603106
3823,35427232.634149484
3453,27133547.603541866
1845,13972286.482405728
2923,22586632.82188338
2528,23649729.21797175
1932,15654796.905556642
739,4921345.0669868775
638,4832122.527669389
3693,25159925.023252368
919,5825508.708145539
803,3705249.3540407014
2662,21488492.008512326
2526,23200579.810820777
4602,39477627.70279968
2726,26578251.49263975
1668,17445927.45188986
915,6734209.855244868
3213,26761214.20226114
649,6094331.717335744
2944,18098841.95183434
1338,8052221.389270768
2196,18066139.968546662
4839,39193310.694577575
2410,21816975.1626155
1921,17758924.888607543
3501,23695922.493700795
1820,17115790.20337259
4535,37815761.61936129
2023,19054119.544933885
4378,39224596.76292477
1052,8987351.081636084
4256,38784764.71094024
4171,31699798.63832086
981,6010785.638883345
1099,11078316.570406623
1664,13205697.36408446
4732,39640897.69385691
1503,19002946.359533474
2482,22036485.22051193
2134,18708508.61659236
3497,26368338.864044458
1186,5388060.580126961
3914,32094360.15417947
2259,22272610.73982459
2980,23871185.978817977
1837,16900387.49761611
614,10191491.818155747
4457,40860548.93969108
1068,10830447.662805347
2053,17934319.435972027
3189,21956100.852990773
3840,29829416.06746918
3488,28061732.57594578
3651,27651005.165697545
4027,33961359.788858294
3515,34854944.550458305
1321,16121284.77798485
4074,34323639.585493624
4287,37634302.21607448
2108,15678187.053931642
1059,13864268.052006405
4563,32818100.212164458
4935,43218484.483258486
1111,11374769.130599324
2663,20036421.839736726
2381,19421639.729786187
4669,34949241.89053182
4363,32629079.856593303
4208,29890837.99812821
2209,20974541.706602134
2261,22704034.908280045
2192,12050576.408559721
1745,20474916.54845452
625,5963975.290089481
1699,15461559.614630515
3211,22270761.49324477
3946,36530477.25049459
1490,13520750.279500503
3565,32936478.719313897
2021,20830574.96194323
2998,28988623.26816381
3065,23575157.67244339
3097,25152113.976320386
615,4084893.775811456
1531,15933289.38822385
1741,15926667.688091222
2242,22143434.59203971
4138,37442216.4091717
4899,35010221.52718328
4590,41772310.391661614
2475,23652582.87329715
4683,37356325.350443505
4903,41273378.29958889
663,5932991.2852518875
3810,33328167.03589353
3888,30989810.857885372
1495,14396781.723507322
2377,20217915.913978055
2323,18287418.289514083
2795,23930408.73470618
3764,39231408.72046627
1848,13727390.110522956
2303,18674169.22621529
2751,21003662.80110091
3400,26510350.84341725
2093,20191323.060156073
932,10603647.378908204
4317,35518409.49003607
1570,16638889.755807336
614,8292329.88648293
1939,16024997.441921357
2290,14718405.774617381
1494,15441349.023847008
4818,40052993.86300592
1457,12722670.391101776
595,4361855.939970854
2654,24465946.847348947
1131,11093488.757285502
4184,33761515.87159311
2201,14931636.358343266
1197,13779787.305640228
531,7062715.669467631
1048,10150208.699836787
2748,15013678.014658008
2393,20030317.22865182
3334,26948388.88957301
2203,16768512.944836978
1656,16510705.835692853
843,9888580.102501832
4572,38886474.15157716
3962,35809672.74430323
2748,19917104.45789847
1444,11191037.82969208
4380,36264376.78955742
2550,19533993.942316253
3785,33461507.665110625
3355,26273397.455604915
1830,19535110.013340265
2503,18230521.79474943
4115,40315950.948501855
2287,25383892.06680727
2746,22683740.561053965
4172,37814511.35277724
2655,21038715.818474177
3979,35871859.49469403
3520,28632065.00562969
551,1551680.304474548
2659,11673545.436963303
4890,39313859.661788166
4151,35045187.52605588
4415,40310949.27810865
2612,22005875.09645417
3121,28976730.404152766
1854,14470175.358335419
4254,34020163.09140567
709,9834107.047585756
737,498023.45400781557
835,7718951.486708747
4338,34504115.951332405
2076,21689833.614556853
999,7407261.11506054
2064,19061754.908710282
1290,14084550.908004083
4040,28842212.01760877
3622,29557889.075178295
1635,12785090.697742186
4444,39390879.74048878
2848,25809245.52243658
4824,38892393.90982246
649,3049775.848751845
3706,33762440.08806027
4028,33021041.670203656
2124,13136870.302997613
3074,20994858.80309023
4928,41736900.29021893
4769,35324581.42170344
3784,36850942.48081084
2608,19052789.146922007
4447,36574917.82392817
2763,23581335.898480915
2112,15707866.782289464
4315,28800518.908266094
1077,10188685.292848682
922,6116280.029693225
3263,27453615.28284933
1729,14465006.843283873
3676,31197873.74421541
1253,15709610.361968178
1187,8857450.961818632
1222,9369466.036972512
1246,5970608.09173833
4837,39110448.14670212
3212,27925609.9678249
1207,9205515.367286919
934,9721291.501216473
983,8331474.423532426
4018,29237201.28609303
2033,18199955.213549312
669,5734503.599304948
1520,13528273.464228075
1347,10075150.350368751
1195,8593792.431027316
3846,32240232.422658894
4513,36412200.26387359
531,10420834.747507796
676,8804191.536483495
3464,30347012.778403066
2612,21363557.595495757
4386,30009929.65457047
2002,14593215.217146963
2815,21578119.642247047
3144,25327046.841130257
565,5419921.501830139
4728,40792224.89645649
2428,21243436.683210194
1084,13149609.574409714
2248,18048294.07944225
2704,23403488.832510486
4130,35071532.6833364
2392,20873178.85307577
2929,28277670.74382043
3593,32155322.96824158
1473,8825790.341495734
4524,36849006.70282198
3142,26094078.953310616
1942,22990623.19108502
4829,38642626.45626359
1977,13868548.289991453
1270,12474976.28842993
805,8930957.158871338
501,4786681.408810924
770,6499216.9910873305
3714,33558711.86818626
1363,9343205.537220538
3239,25889139.971394394
3414,26745550.413659837
606,9129683.792861763
3668,31200482.60985903
3099,22597017.708036188
2735,19986480.820211694
3299,33012245.37083645
2011,20337653.24432112
518,7668650.844570437
1358,11900740.822920028
1916,20853419.720361225
3532,25945785.642065223
1926,18666902.53661347
3031,23918179.48042331
4538,36557320.04103431
4613,40081367.79449716
2731,22417327.47395548
2952,23311900.421616226
3346,26282527.055736225
3702,24656962.763466626
2316,21817610.85782697
2280,16220109.78160362
4603,43399228.216977835
1204,9769162.350555021
1841,19656319.392337874
3962,27268906.901951957
4090,35914449.063595794
1659,17237667.197535433
4222,38686690.9030933
3938,27919883.68164016
4060,31371844.088739213
3582,31385529.85826824
2215,19165325.93653233
2743,23824078.927691504
2260,17999140.182572003
4507,41708395.84516707
2296,27193396.34483944
3175,26711939.77202727
3736,32248263.736515757
543,5512731.236868452
988,12756160.19714231
4776,41695348.85277043
3648,26984858.28808947
1456,10809893.968516065
2614,18884109.620982338
1615,22004466.99658653
2281,21153935.350746207
3326,25820941.32167065
1150,8173343.878125479
2376,22423693.81890073
840,10434760.4489774
3450,30994323.13925323
3875,30723327.92405084
2945,25477530.933242533
3250,27332745.292900153
2644,19343218.88268472
1854,13052518.471371934
3776,32443895.133629404
948,9173353.243130974
4672,40036055.132526636
1297,13749069.116081154
3996,37466147.86749259
2682,20128286.84165186
3826,33498708.596176147
1145,12407596.449586056
1219,9815608.762423666
2022,17541589.550707806
1569,12692324.32991178
3575,35925771.150071524
4307,35770558.07132332
3861,33242515.326134183
2656,21456047.109248366
2813,22065096.30124763
4005,29133992.01489497
4639,41411605.874175996
1132,12361312.492189802
2699,21688710.666680645
3563,26802890.29080817
3410,28819725.57926043
1122,8482909.581109092
860,7213872.2941036355
2867,20145320.166191347
709,7323208.7419440895
3967,33447009.605966248
1430,15724168.652719053
4443,36091775.29410218
1377,11015312.568388492
2999,20321717.401648324
3023,28486882.845087886
4851,42486469.34967088
891,8214215.324220406
4402,32228306.836408883
2821,19924418.906735577
4481,35206682.213707134
638,8999677.12659999
602,6687012.905724912
983,4383928.433354674
4819,40764635.74380066
4573,35066560.26248743
2348,18217363.320463564
2384,22987214.037565116
3705,32936512.251342494
2661,25567299.64847627
1964,16642599.442747364
1143,12793073.673598561
3936,30729591.208710827
1110,9107302.19618412
4802,38437120.326785624
2043,17415595.05467348
4039,29452526.741063766
1966,16052985.290629916
1416,16682971.904556217
1681,11170415.514565699
2646,18180036.154254902
2772,19429935.017013315
1351,19793578.332223922
1219,12146555.942611132
2514,20301203.84697585
3972,32980961.23902441
4142,34818918.19774045
4370,34038650.07281186
563,3952349.7538726917
1059,8998950.60339391
2233,16689734.73529528
1169,9161196.178936435
4394,37211274.73199104
2042,14344540.461139701
1771,22997848.262843557
2915,26579469.8326586
3291,23517745.784462046
3554,21998289.472698163
2958,22601490.144586664
3565,31573081.948821742
1663,15775409.683350315
3249,26659454.46895416
2448,18779672.616570745
559,2759605.8780242098
3602,28608250.78667148
832,4618860.078517193
4671,37171366.73137465
689,10504852.807468466
4060,31166280.6022518
795,9192643.849155964
3048,27674271.43895261
676,3169196.0443922514
1299,8861884.376321489
1305,14646830.31096037
2242,16158707.881047906
714,6539542.75236759
2379,26151951.466505576
3200,29539496.77118409
1096,10023691.355206698
2217,21258191.723593764
1855,15672233.744057946
4723,41838695.499610424
1792,9197203.705960587
3098,25366202.010875165
3937,26236980.280221533
641,6612065.564695487
3716,30019466.305181906
3339,31794189.53992699
4840,41855482.105793
4013,31525736.9373798
3250,25781351.230257407
2214,19854089.590689342
1635,12362318.222340181
4221,34670881.640846364
2409,24222094.193544608
2747,20488609.449408866
4602,36472976.90213081
2048,16461702.96365205
3139,35586220.27855687
3331,29472727.987521503
1506,16444205.017143525
3721,33072377.135635152
3562,32002181.597955897
3552,30836720.611996867
4929,41527807.60017727
2819,19199766.03659439
4039,34385593.66902882
2866,23602969.222821128
1026,10844370.708548486
3307,27243422.50007866
1695,16849492.878183976
2253,21843797.71344754
2172,9639519.926062707
2528,19922321.545502126
2154,12659839.28233562
4541,38044833.66392598
1347,10873874.866438
1367,16003485.411759816
1273,11805733.985402633
1042,7879410.07060886
4917,43151714.61953675
1285,10325392.626517672
3805,29946007.332318995
3383,29244876.243925568
948,13422914.169818414
3810,34040655.724719465
2405,21940792.89584443
4909,48524845.60056499
3751,28810769.890921522
884,5807846.489173679
794,7788708.441319228
1738,19449079.15231414
3316,24702942.07111619
1598,19047717.792689182
2237,14578632.531774836
2689,22148345.847836465
3265,27640396.99700595
1722,12128104.251046292
3742,29072296.9052034
4399,38581891.438007
4823,43908667.2275337
910,1936168.9125119355
3499,29532709.156377945
3445,28220073.289152592
1377,12338189.066871852
1286,10337700.573151395
2609,18000539.091331016
2486,25514890.934133865
1378,15501988.794992099
2107,17544032.433309354
2903,22759060.36257997
570,3731678.1129823606
2810,15723040.32555656
4901,41269460.22380723
3795,33700970.770908535
1261,11501706.348329306
2621,21708990.696200743
4082,34056150.52545975
4697,36016322.05772727
2129,16533334.317889005
4788,38805000.91530353
1585,15770029.724294687
2957,28792575.119885333
4895,39472556.47108113
3766,27993643.38730375
953,8730940.37229029
3121,32002473.337766763
1118,7070580.694598798
1136,12745522.241398439
2848,27791881.668361817
3536,28207955.420523543
2749,20889826.26684288
3221,28492870.04849976
2849,24851650.318412494
4932,42540322.51396266
2494,27173128.294469416
3320,28061139.660129692
1571,9991325.453131694
2531,21447920.006505273
1749,15716670.382616144
1795,19161505.911264747
4056,32857706.813716892
827,6388796.498913845
1296,7254418.01150023
3361,29530238.37619239
3293,37388621.556616925
3594,29084227.047988184
3477,30171864.863565847
1462,11052501.440055111
1768,11300145.240012478
872,9278707.817601591
4880,40124564.85031158
3068,18387337.57080253
4193,39374086.14722036
2104,19079893.129011348
595,5981686.6503108125
4869,38686069.40772308
4441,37743882.331479274
1700,15954187.857248105
4444,37755964.12118014
631,9251979.133510469
3615,33805813.701500036
1890,22136779.19085519
1649,11681473.452653835
4010,31359735.458698347
4147,35259546.50112491
1307,9118727.423786646
550,3545954.782883338
3708,32089688.74451989
555,8142527.06493955
4164,38139783.85833659
1243,10366156.758727198
3376,29397458.890613914
579,6360273.20768131
4972,40828972.33553996
4440,34071972.50437595
3466,25898366.732392434
4228,36824024.33986787
625,3501541.860347394
718,1413243.5255189203
1447,12480716.030129436
4873,44349720.90644925
1094,1367448.684793274
640,5255009.180539464
3393,30169644.5959787
3555,23969510.700355597
2130,17400001.251396753
1376,8589628.266342374
4705,35618465.65797934
3160,25072745.376893938
3890,28750556.32960349
2529,17613097.890544564
3052,25238304.745373987
4111,40569417.18160706
1540,15593229.952343568
814,10543598.301115066
3959,35063787.315256536
4672,36283459.161962345
3525,30132496.68734848
3446,31861082.782827
3736,33373012.403345373
4180,35023653.02210516
3606,31408139.482581683
2037,24684621.895507455
4372,38494329.65146904
2367,18990521.928407054
1661,14065888.98120621
4420,33197545.810225658
4382,43097107.84383889
3256,31859609.17633063
2412,20545639.108816344
764,13654460.35630033
4928,42321200.134864934
1802,14123460.747152546
1694,17271357.621559393
2026,18403930.415389955
4104,36345570.3348292
4894,36044724.42103135
2748,20553057.528408192
1658,18729412.490369525
4867,45015412.474692166
4013,37349338.180904165
2578,28279940.71076057
1644,15884104.89464159
568,7065250.088491293
4217,31996379.296328563
3508,27322405.677461084
1326,5643217.233071345
1669,13387541.96289688
1483,6688421.733500256
4477,40058898.51259108
3834,32837196.605651356
2840,17641492.26081173
2515,20550408.923509553
1952,22518966.8670455
2633,21687001.54749277
1539,10316887.169086022
4713,33347493.19208428
3966,27461060.162668332
3526,30814739.903568003
4757,37754382.133025765
3247,25923017.575201683
4762,37806760.00966809
4895,39739280.15160577
3995,29278511.003890857
4355,36788314.981068134
1061,5219881.268729917
2703,20356472.62587624
3919,35384483.092995375
1644,15280614.999175567
3199,28649045.538604148
2051,23859165.178453658
4521,36989037.969086505
1060,9544380.780074934
1687,13703037.132448979
3633,28733757.557823557
3911,29256227.51781864
2189,18764194.43358756
4907,41321145.81978847
2923,25616311.017578688
1869,16145091.480601234
1080,12418512.414459946
1476,12896310.072227161
4772,37948094.33529811
2856,21067035.454076447
618,1297074.3652662141
2042,21717245.533809457
3543,27246836.123538006
1472,9998998.570138121
1415,11067385.31501908
1937,15660833.64039861
1086,14603537.307708321
850,6815558.690726487
3062,33396150.69620493
2370,20151091.613959547
772,13347084.746913772
3427,31097787.844292164
4858,40947112.259534284
3939,37245544.39971246
3541,32694689.3818209
4448,38488037.25255827
2264,26064782.029315077
4790,37824821.86413913
2270,16175258.972114803
2022,15147307.774564138
1331,16904819.570250664
1061,13840280.063258287
4040,31744214.301558845
4636,31024046.1372184
1979,16214464.890863834
4966,37688207.074226186
1705,13158192.085531639
1156,7084772.856762245
4440,31691385.76906293
1089,15361613.104992703
4826,37556995.38816974
1871,20206003.4097775
4251,34343887.27045943
4259,31679587.386342667
2600,23327205.16978701
2384,18898829.42920121
1247,10354696.683010258
963,9138717.803019304
1253,8587361.492753932
1082,4792590.937638923
2705,22486191.155796986
4614,40803753.107901506
4650,35495226.22326473
4527,37677886.79879691
3853,36340521.44564759
3308,27194705.338178456
4103,34082283.115387574
4413,36469637.060801156
1919,14304966.72232082
2667,19355936.444699872
2644,19184212.892036777
2667,23440549.59102182
2060,19753617.085798234
1676,16823246.715313554
1768,14008371.438733613
4087,36975925.62279194
1666,15250091.45853128
4075,33812226.66537306
3341,17709930.012189247
2370,17507771.16518085
4429,31868706.29328817
2767,25017220.521192327
3386,28373099.995790098
659,3056040.840844673
3158,27177087.675402984
4263,30833522.901380956
1555,10308710.705197247
833,5533336.007405179
4096,35388408.9655346
1391,16326325.037611708
3487,27137974.654968195
4947,44543375.924824834
1862,16038210.65183438
1425,13108414.48277567
2943,24352586.32681767
3077,25024058.739841804
4480,38157900.110216774
2905,26460963.558546133
1919,13698166.08909244
3375,27432098.59129148
559,10479825.291669795
3024,25723565.962955568
4297,36236081.563287444
3159,29773805.61690228
4596,36264266.50214601
2078,17522118.134296246
4906,42698534.68979574
3605,33556706.69383503
1207,3560570.1194837596
2280,17029993.627313882
2913,21308904.080952175
3906,31876524.689823855
2661,19519981.670219596
4039,35304316.498529725
1108,10381231.023146704
808,10131570.508062493
4807,42315023.8721207
2864,25949258.055247545
684,5464628.346669926
745,7272832.61626987
738,5521378.2840405945
1019,5057794.058090627
4407,39117363.54126315
776,6955806.118192108
4528,32716164.107626162
4809,41082848.713262804
1105,9168153.247131756
4553,31244588.08213736
3212,22574812.182605963
641,4026166.5240167114
4161,34919536.17533166
2869,26316059.955151685
2217,20997306.79209267
3927,34224588.86479091
2824,23488912.88492406
2344,24918696.93179465
899,10291613.731999658
3063,26170316.10772687
2022,18875764.31719108
1834,14474894.990533192
3123,25812269.196895137
738,658137.8813453149
3715,29559757.012567192
4147,39455664.047300324
2116,18373125.831861287
2929,24752219.332084835
4152,37211812.28544784
2221,19841476.24686713
1772,12816548.587230217
3639,30182972.53657097
3378,24618342.625964455
2035,17830836.51186085
1035,6766750.142788177
1448,15368883.83610123
3142,24605278.134686016
4441,34053888.27259637
1521,12829504.035065563
933,9560175.457389139
1903,12602004.009480475
4011,31524200.20802924
3435,28795486.91708021
4764,43127105.64860958
3833,24077852.707118675
2102,19661489.611049715
728,5673303.3067816775
4717,37252168.959313
2696,20524619.119592726
3399,27100313.24909723
610,7742451.602735983
1744,13341640.586534174
4659,43247776.04744087
3185,28351600.352877215
4301,36001916.37545861
4367,35437831.64655013
1877,19585562.611484308
2271,23176059.060274944
512,1611853.5582372667
4834,37566305.68380273
3761,32991890.619176082
1162,13106042.833332067
3592,28834978.355072193
1193,8316665.42086249
3890,32355837.87789963
1681,18878080.292237952
3518,29267102.780156426
2004,13240177.690524606
2402,20544749.68273226
4671,40716244.21368956
828,7319868.065950725
1939,20286500.43745173
4346,38365547.10655246
4667,38150723.22891094
724,6921432.058921385
3020,19634720.884450328
4214,38342680.17473649
2907,23267447.953989066
1310,10280129.782170953
3617,28286439.18041775
3790,32690092.687470287
4886,36701920.99771202
2751,20055481.654862367
3029,25074424.69490194
1423,10504460.005245395
3552,30421700.720119245
515,3350332.1619014516
4096,38553108.79312676
2903,26304372.520353213
4951,42650658.63713685
4510,35265114.738536075
3146,33385039.023318347
1601,12490966.957177017
3475,26658569.168129653
1590,15840227.790866043
3406,28833684.398820993
2246,16512847.072276466
4809,46059541.48626574
2220,21686798.494578514
948,8596015.903803816
3512,36299330.39324978
4004,35464340.432864755
2068,17508297.09062132
3686,37332312.93553078
3991,34904954.20042262
3046,27213735.78696111
4975,39640957.118518494
1547,13524240.45709894
1564,12279921.012407355
4321,39887207.238124356
1067,4707757.569747611
1936,20585611.299194545
3205,24007972.41390617
2983,24690236.390509464
4279,34346350.83652731
3294,25791542.54051438
2360,21949352.44440648
3836,31672432.360013574
2390,18116903.71955334
4791,39789986.59053338
1597,11687739.820000472
2138,16490673.502995733
2158,13772210.732883584
1625,12649073.019545712
763,8586613.579183603
3492,29047374.753874112
660,11725191.006919429
1756,22886452.421163917
810,6087344.811037831
726,4308046.726887135
772,10565449.639076833
4912,41301624.726097636
2422,23783622.83104492
3657,31452492.19361353
2838,23120926.459972676
2101,17241944.855343662
4218,36042330.33509815
2922,23742658.312855422
2425,24058503.72959361
1066,5620988.281496413
3415,31962430.90818329
751,1387797.7562518902
2854,24267306.859083667
4001,32014871.808129355
2811,18938932.889046457
2615,15739941.749963788
2102,14523455.989684494
3770,31297052.97968102
1013,7297447.613660845
941,5405153.296486465
500,9056843.248767156
1402,8519445.966214314
1720,16797351.99464834
2821,20901008.974853385
1355,8471582.200524315
1517,11324484.119231327
2720,24619748.141612336
4004,28917602.73020576
695,7422365.781520104
1832,12773720.006985841
2017,14793699.389261845
3197,27777924.767123196
4954,47152448.48983343
3607,27122949.030037202
1557,15615641.750971004
3205,25701862.86830112
2563,20079769.635609612
3292,30550128.02925046
920,5829431.56742033
3314,24049660.319615737
3340,29100527.38565726
1531,18032351.389460243
1991,19177984.115873456
2385,15858947.8577904
1009,7226000.868093247
2359,22810794.724730425
2358,24607330.6537258
1413,12990133.975823265
2565,19782482.39767662
3466,33666056.51810586
4337,35472219.24453449
2096,15950574.277536917
4942,38211202.3854749
1555,9854944.959033435
1523,21684741.288369797
3704,34894873.59638177
1075,7631120.051849167
698,11779477.78016575
1865,17519906.520209454
2498,22406324.003957443
1516,10974248.909651913
4118,32401618.46556216
525,5072727.896250278
2058,11567353.016679632
4224,33331539.56980279
3958,32677468.89370028
3856,35776556.71940171
2867,22086357.361794285
970,11196414.33334342
2967,18554518.539786495
1385,15581090.526418205
1375,9298959.098664707
1441,12918818.90722428
3541,30547029.357537657
1071,10198538.672067579
4649,37871660.7240381
1104,6107451.143880131
4920,37691377.24513152
4029,36221295.82966481
4860,38087867.62361976
881,7738113.219909524
1736,10411741.228728253
2880,26615720.084574778
4279,31273550.87957973
2605,24587888.42580632
2017,13947864.718069693
2033,20307524.090983324
3794,31382578.745918978
3940,30843727.81065873
3989,37713205.26634437
4445,36353435.0215453
1370,10874563.120232062
2650,24927353.78279403
3732,26414628.66544001
3731,23266503.18795022
4266,38601939.92091063
3707,28147093.764043905
4993,43537867.276159495
4987,41034487.115334064
4326,32116031.607617564
2112,19717847.25902259
1577,12385489.429306768
1800,12167978.991080465
2658,19110110.883409742
2771,17969483.737484816
3029,26441074.646548215
3760,28273797.766664423
863,7799833.616885435
1345,11214832.516462881
3532,26431329.956460986
1827,11047300.857583538
3662,37897132.487390384
891,7982402.422065254
3755,36510148.85828089
2559,24966810.35118037
3737,29932504.095528774
2546,21910893.912019428
4741,39383747.345901445
1805,20972602.06679732
3394,30641501.07493024
2532,18834181.761921186
1264,12166856.509664174
998,11396943.02426076
3868,28418042.853284776
3444,30034448.034416053
4304,39468466.86861536
4713,36131582.04512456
4960,38522044.29724647
635,9561417.516042018
1600,12737291.061280522
2371,17021974.759742703
4533,39910819.12910223
4613,39634562.71017752
4512,37379181.72248823
704,10005747.88534611
2871,27554905.729583666
1061,9239531.27353166
3814,37434979.16265811
4460,41430169.86028099
3026,19255104.650328174
2711,19597647.729700457
2871,17202124.541073285
3181,25473855.015825737
3306,23814345.40509981
4269,32709044.803780977
2755,26311704.440348618
4910,35015512.82079476
1400,12589207.223092439
2250,19371029.32744124
3795,31112832.137343567
3659,30664336.045939323
1952,9919154.868752716
1743,12515336.452606924
2822,28205002.59577217
2170,14769386.743470958
2527,26215832.4406926
2268,14923532.76466478
4163,29722878.102763034
2802,20560663.54820771
1669,17739248.904860757
2932,22817637.510751866
886,9124220.965317428
2930,24660910.766051613
3848,31620613.45180904
1905,20062354.27782272
623,8298553.822961116
4497,33547290.40851287
3952,31789287.649225008
4396,41398319.4600925
2124,18950685.367503807
1681,9924462.107726041
1227,6504883.292869629
4384,38742435.92569867
4170,36467311.95152819
1641,11363903.274588006
2875,26242890.53692304
4531,42046176.41015775
858,12237576.518981803
4242,39748834.110467374
3344,29418466.325188413
2711,22155020.542610336
1472,11568559.758599492
860,7827839.33416147
3132,23427930.086629402
3690,29442103.82644291
2124,21817359.244892802
4428,31596786.97468752
2256,14425990.822925745
740,9411591.813255286
1475,11749481.225949576
4818,33767070.926325
2813,23319997.53097868
1805,14827635.245559178
1287,10002746.570525998
2928,26481118.079444453
1055,5440413.2936252095
2609,21910956.244578782
3149,25559082.51616269
2059,17585475.683735114
4735,33683441.52558984
1863,14336053.335579975
4459,36731307.57311168
1089,11335478.90889369
2249,24531189.516237497
1040,11737845.166217063
2922,25759465.601900246
790,11134424.376841132
2590,20808532.660370298
4435,41141784.49090457
4458,40021818.370186344
4359,34534366.62807261
1755,20811865.52719987
507,6396805.944720035
2157,24834906.928185213
4928,41333546.76284992
1756,13362210.421468092
4450,34297390.06993978
1539,12244769.635801183
2616,20214115.173911
1184,14286165.670876082
4518,37057077.26634925
2297,14533931.982312772
2324,20231012.947615065
4034,33648539.12933086
562,4090177.1364929676
760,7882776.065952812
4071,33435671.70061331
3692,32437296.102129698
1988,18628936.81604966
1630,15134708.569197215
4775,35303432.28868981
854,14189050.184426934
3274,22524042.890003067
1088,9317872.46955473
1104,6548699.945953592
2728,24013014.48498038
673,6799217.174421925
853,7317701.746139374
3790,35873318.351813555
933,11789487.75153135
3452,27634653.97072541
758,9476403.925748762
1367,16630040.773515362
3106,29152035.11862889
4145,33751344.243597485
1095,4989097.29571145
893,9117943.71475958
4931,42453831.00618197
2610,19571149.299149435
4364,35979635.80117413
4639,37863336.573701926
2700,26763131.90741573
4497,42537448.52677027
4353,39349643.410902105
4254,34775332.95047167
4870,43403148.74084345
3929,34378364.617490806
713,6479301.270854779
2626,28285170.8670099
638,3889944.680352498
4693,40355726.92682863
4460,39198681.93666177
1163,9441503.4814288
3332,29333414.563638024
1573,16420491.750663435
4522,37909903.261583745
661,7705486.690028344
2000,17316293.368847065
3678,32816560.33458013
4990,40233063.99241858
685,5544606.649821436
2480,20901680.461547453
4488,40455006.62259493
1329,6389910.553987048
4019,30423892.049867548
4011,39915310.14485633
3828,32449565.2503229
3848,30562891.859111894
2985,27264555.50646486
1725,12444918.999393923
3344,21443633.26341504
3233,27928399.84324217
4920,38167648.49786551
4496,37272169.3343897
3170,27348202.369515408
1998,17410348.50869733
2188,13377013.763664052
2947,24654842.527762227
1367,13269805.82409322
4812,35295822.21032727
3508,24506479.3234604
4024,29984926.24243681
2512,23336294.21628071
739,917052.7605372882
547,7865321.5534330625
4549,38568167.24487069
3957,31883494.148404256
3779,26790111.012798764
3728,28434597.365326345
1748,17329712.156031903
1667,18106175.605530083
3990,29825911.54707621
2397,23601590.530851334
4036,35345625.69812439
2679,22411488.406705648
2470,18546434.611078795
3220,25015829.936160028
2881,29516767.8484629
2443,21079325.442639172
3646,34157605.02603272
3983,33588673.949864425
4196,33209906.2232257
3325,29352270.541305408
2327,26089505.216239676
722,4843650.0185417095
2246,21709606.710342057
1029,9803526.94686288
633,1715445.9508830616
4303,31008378.47148025
4986,39532048.75918436
601,6850465.752422757
4223,37419118.90906554
3228,22111260.838056296
3045,27318092.56047141
3058,25108859.233409386
3541,29337941.344597645
2500,22765835.538098536
1448,17822315.96035197
2068,18454925.401218295
2553,17353789.05187288
3505,28478722.46121233
693,9100402.069439445
1241,13583130.19074964
4406,38245473.12227092
3459,27141906.533982795
2763,19000524.10714812
3920,34128523.26747178
3423,24741289.421206206
3754,33111033.04927555
3739,32991868.076083902
4365,34516921.18980691
537,4958610.130047543
2198,19180033.60135866
4526,35363555.980036676
3713,26558959.89766984
2283,19146342.168859288
2466,20923097.831439532
602,9899142.090959158
541,2982023.7851164225
3494,32157488.521343336
3718,27302791.56322069
3490,24886193.400903687
4788,38401412.66587217
3869,29129272.968170833
1561,9412152.57786467
3049,31224990.94744432
2176,17053057.09093217
4189,41445910.76026875
4497,33991798.603304274
825,2474360.3001010045
1620,17833869.156784974
607,3676030.103219253
3178,26840597.394596457
834,3605099.5449613514
2539,21197660.57420987
1303,7309121.790428722
2348,19562277.806867108
1266,9706202.38153456
4027,33906803.19115831
2806,25325074.113326434
3329,28355239.99759766
1988,18257139.626486447
4629,37704901.97380143
4066,32222043.89530309
2873,25394356.048368704
1336,11353656.552365446
3809,31252070.653657567
4112,35089234.896340586
3291,24228353.205932446
4712,42984833.2822833
4483,36115930.25833121
4268,35516544.84791021
2004,16898441.656208266
2950,26558229.46170636
3544,30369545.01291252
2533,21114228.159391515
2199,22938262.348410614
2780,13629963.172385942
1807,19184023.14140084
3027,27976646.21557288
4338,30196550.10159266
1475,15587849.653151758
2556,24623402.336678617
2926,26093290.46964317
4174,29714737.668955747
2928,26471958.152692676
4233,37885590.568005785
859,6155380.515657383
2723,24107401.56795817
984,7812376.313441645
1928,19080130.971550528
2580,20699479.94431677
1195,8819647.611461964
701,6490110.371990843
4357,31831043.638549928
1698,14168254.050302915
1767,16222278.212074716
3470,31369877.808099054
573,6330870.215914599
595,1462195.088740807
4768,43200813.41468929
3977,37124475.51912272
2702,22953701.765812345
757,4800175.136554035
4158,32669146.190615363
4925,39789432.80684575
3306,28284005.36859298
4756,38134544.15547078
685,3904837.3982964726
642,9205029.652649311
3853,32595857.664222304
1139,6954883.932692154
4249,35865931.36885737
2574,22077612.486337245
4468,34589841.264166825
701,10193149.27883296
3592,30140667.619281948
3665,29670135.0737535
3579,29381554.755773734
2602,23147750.38756448
1410,12063449.756409688
2071,17326368.980883375
3948,35781895.20497614
2659,18016787.017538205
4825,35845340.58121511
3044,27682890.07997581
1829,22879549.3612509
4113,36533486.350456156
960,14272626.388218174
1306,10144885.158852816
4199,32680756.464986548
2773,24553599.519738153
558,8324946.879481091
2975,20865347.296152934
1655,13600344.8815105
997,8894948.497067839
4825,37563389.352943875
4928,38737334.52036277
4476,39337207.90317758
2107,19265053.44327247
1220,13155354.265578363
1774,16202624.071118321
4367,33316229.969442386
1190,11789309.155517515
4523,34327721.292867474
4652,37280739.982896976
3937,29387254.035545327
2855,22007336.6237874
1249,11263436.542063547
3551,28035528.186514035
4064,30862512.769926563
2204,22045392.41474624
3945,32201224.847866423
4944,38968215.860701226
2877,20768802.667894073
3731,25232015.344570555
2715,22053858.958806638
1385,7945343.889440086
1364,14048109.378082858
3994,33040473.583795585
3554,34107082.337414406
1285,11949222.819711395
956,6468026.60822105
844,2111977.1928946525
1053,11843631.59122527
1287,7399155.21839383
2319,18327566.431930713
1204,15654264.73966474
1452,14448950.047146179
1314,12681596.363604821
2048,20216967.32936033
643,8865149.456716582
3277,31958839.29586251
4266,33321461.948593393
4325,34469947.539707705
1716,11960846.112814939
2307,19357907.09084808
4970,40363301.81248942
3239,21647143.28799328
1789,13350297.72871636
1055,13757349.6025969
1362,12628625.784661256
2985,27026195.85426014
2855,23478365.996447958
1465,7058719.427406475
2895,23774092.234511383
975,11925089.672562936
1838,12146948.626268271
1024,11433116.780230911
3071,20462504.992121972
1061,9548573.714696992
4202,36249555.35043989
1705,13703662.427191824
4533,44681414.62136005
4347,34296428.68873419
4701,36872751.28696539
2738,23517476.125565015
1660,12015080.592488375
4325,31275987.218554065
571,2274990.6752333497
1254,13305960.278643686
4352,34901181.323373936
1404,17338062.85150578
551,4084291.2647823947
3121,28099531.064196892
3690,32052525.938385613
4448,35215547.57845993
1787,12659573.212502271
2272,13980588.903222157
4402,37875362.33904028
4420,39954779.19765043
1449,7822207.9847372975
3638,28992665.195009977
2916,22327245.009421755
2779,24886107.45096062
1925,15414041.936141998
2084,21640941.71125345
1546,12214820.427099451
2665,18610849.621392287
4523,35777584.02436756
1676,13332156.19952374
2660,23858299.836483985
1531,12127442.833903547
3788,32624289.54020113
1815,13148547.183732944
1392,11251969.960616032
606,3492897.169862436
3580,27100075.230971586
1244,14776500.671852037
1121,7822611.2856221935
4740,37877185.653556705
1320,14693813.379848288
911,10538004.18881459
613,10827621.649984604
2946,26016405.593512535
3846,29966801.830941826
4719,44923433.9468677
585,7426242.233665805
4642,37671913.983595
2072,17748396.64910156
2505,21577844.738352146
4579,36921564.375632025
1303,7296433.194248498
3834,36552163.15673974
3849,31726497.771475688
1569,14102489.53810793
3169,32586432.178183436
4641,36078144.21034724
3271,29134455.974142313
4682,36079103.94929005
1908,17227063.487636317
4240,35524517.23875407
764,9483803.29142095
4348,39408506.153071
3593,28005436.726400986
1973,21034024.522171754
4781,43710442.81568394
825,6850043.845919471
1706,14628252.255790612
4992,39452949.64015168
2004,16115676.358469086
4034,29661573.034249797
1940,18852607.31698757
1455,6489118.322425685
1054,7340715.447711942
3754,30893513.846791297
4639,42011391.99128382
2536,19652266.29209428
1786,16571555.013307733
1697,14333047.656649308
2767,25971356.701417003
4129,35158757.24687211
3965,35210628.16411917
1271,9516095.25453623
2956,21605925.317524992
970,9861384.957160087
1870,14496815.942882217
3632,30146971.615549915
1171,11319824.82079227
1674,18117722.591964174
610,8239711.930169998
4059,31428970.98167809
1526,9772933.28672733
4054,38554143.314263344
3733,26116020.984076966
4939,39154491.456926845
1972,18711734.46096635
2879,28948283.7408501
3471,28199015.424627416
2881,24130028.98281268
3790,28694917.735207725
2333,20043848.336405613
953,5173538.062097361
1240,8669145.140344042
2880,26331671.66241544
2857,22555269.54941422
1943,19295746.76615921
4180,33979478.620052665
2248,14877479.721387556
2901,27713095.8271339
3671,26422021.744844336
4740,37114637.473418154
2506,20448902.75418557
2286,22305485.861977622
1909,14692545.53192927
2262,16315848.512589749
1409,12760019.214681188
1260,10438102.830320142
3740,29517828.202882517
3189,27161456.069463536
1030,5629211.353820603
1859,10706478.377102958
4318,41960190.32180477
2527,21528558.280084733
3060,26002542.64588681
2677,20070031.857968766
2037,19989096.53048203
1773,13583544.21956246
3281,18889556.936658397
1446,10866899.978474105
1798,14539760.76622665
3011,24577749.18699646
2688,21906965.011766255
1381,10113256.149071168
2347,17551436.820889898
2475,19906063.99962391
4768,34207571.73889226
3464,22839211.118568372
3563,29798166.469758917
3628,30368204.62279497
997,11614201.74016199
2716,21961304.068887684
1488,9323118.360677414
3108,20045059.5544061
2975,22129411.7721294
1870,17227559.232172556
4088,38028346.71022677
3002,25178256.238314543
678,2783230.3289916646
2429,17792238.19248479
3048,22837882.227807045
611,4670034.195305568
3719,34114686.27498461
1214,14308728.350470345
1901,15691232.31567534
3424,28941210.33034079
1881,13655326.321379602
3627,24886274.66693888
3511,34453015.06038824
1708,7696538.848219382
3625,24492479.047006343
536,10677217.565478938
2328,19673846.21401134
3560,26102255.278735872
3841,33776110.89326794
4441,38847159.91813793
1309,7473943.064556766
3572,27977463.870591275
4618,40572737.59111716
2026,14757282.760888526
4019,33998491.215841495
995,13234436.55909882
924,1214545.5053766454
3247,25952255.042013712
2565,22304907.995702468
2482,15479851.842169777
1968,15155165.829242595
4300,38533495.93242544
1733,12751054.553768331
2297,14923020.692342725
1064,12904495.469486782
3519,30485505.080591295
1804,15225431.125486137
632,5760824.518675934
948,11668847.413314825
2330,20523584.975027688
2658,24200836.438805625
4126,31930300.815578744
1349,6039934.973579765
4462,38561741.100625366
1980,20142783.764998548
1400,11526314.096982548
2039,19975269.75138054
2399,19186361.620469246
3444,28279902.516044583
3744,36209286.36516182
1014,8237439.838880708
2091,16676291.822339816
583,54061.43037805706
4242,37006219.47994298
2627,19886475.903637078
2101,18249675.03303808
1722,13830882.737701846
4829,38294621.85352417
2342,19382811.53041507
2791,23205442.981321774
2089,21240237.178905673
3396,32728635.570077736
4988,42856145.30732477
508,8878667.74041257
1214,13274442.412240146
2427,21899842.30580746
609,10237428.805880334
765,3194576.1072240295
3723,28730613.39625229
1454,10169295.41943172
1849,14887836.250081625
2074,19649701.074252885
2723,19438689.643439755
4331,37156397.590433314
3755,29278817.244787287
1558,12422807.84043917
2457,21257246.990301568
3647,35219744.4171845
3019,23014958.843237616
4153,33983719.81951969
3070,22325324.323208835
3427,26250156.850965835
4387,32833975.695226576
1387,12830355.263899716
1244,12227926.308466336
4014,35173148.04017148
3430,26179050.867280975
3179,27955829.23563508
675,6739300.234744053
1065,9346742.508246016
3717,27011731.51747687
4857,40315760.497954346
1894,16706869.859733494
1720,15065185.3336267
1447,13776152.271831628
1084,11755786.977208292
3362,24601930.07312684
2120,17309911.740714945
3855,33387302.80469273
2849,22986815.537374992
3691,33406270.671185534
3707,30926535.490077697
3076,19743232.076629348
1031,11766286.75759308
1731,14496690.31943401
2493,15634867.50062414
2197,17819130.419139605
3870,28154906.86415616
2045,19619393.85678246
3665,30212477.059561506
1937,13724763.905594703
870,10392544.17088858
1116,11303576.997988746
4666,37620705.78892393
4514,33375207.68139092
4679,35904578.61939022
2756,20475626.270881884
4854,42071491.609793164
3810,26437308.14306732
1431,12306295.550310751
2829,22881146.82768374
893,11250617.05332625
2965,25418209.673025962
3777,32821630.855431005
2429,18855919.988809943
1125,6307005.437484216
3379,27055572.07237052
3666,32659487.1577793
3922,34700671.893455304
2609,20580237.28665291
1665,11737768.586054325
3281,24077962.62527844
2391,19718120.191820316
3682,30865653.515157998
2139,22531574.538927276
1281,11617992.272856623
2556,23289297.981421415
2823,21242596.036287345
2774,23317103.014787372
2733,23284235.366610598
3138,25682408.416466866
3787,31230543.60939022
2980,25218655.402860317
3116,27371110.439282946
855,11347354.130241284
4987,34099356.62508087
3846,35109212.542416066
4022,28043575.651046067
2967,25662288.463110257
663,13370886.907265421
4134,33944379.13472266
4163,34844057.41824392
3754,30101220.858238596
3881,34049787.041794814
2564,22598625.657919224
4765,37091858.26566279
4484,36528940.834445536
4387,32740690.48866836
839,7355175.736303056
4281,33989883.43924979
4090,34129622.85477215
2433,18334258.30857418
2145,17516704.9297414
4728,38850318.32556443
3187,26731253.093869973
2626,22830851.147117525
4941,40005497.004157044
1138,7743919.023204911
1724,15038219.817948734
4205,34103426.52321271
4410,39353936.92632163
4745,42412224.50273108
2049,13275758.693688937
4645,40011463.645253256
2005,19493232.483269725
4930,36402506.11240758
1875,17738418.45673814
1167,13023864.753298903
2874,21143060.08636423
4590,37010975.130636886
1515,13678959.807460666
835,9391374.180297835
580,2674681.768657189
2634,25543020.093446836
2299,13303955.609803192
757,11027236.6467765
684,8122802.403369755
622,4110685.4665715876
4014,35705217.52812124
1894,13008602.86919361
2852,24160808.163181625
3719,31467514.621425785
1808,16172404.441877043
4444,34032847.32865396
2441,19039768.48292727
990,9300234.598452445
1554,11251768.771100264
1201,11422358.382829824
3434,26629622.095320266
1634,17072000.07823173
579,10320054.851712806
1335,10787607.476028223
1151,12968776.282910317
916,7691086.375270201
4180,31630706.40977597
4366,34650846.77833451
1245,11216709.22226864
2502,15655127.006718785
739,8788970.284336489
3393,28402062.546809092
2444,23553631.872407462
1355,13664412.661314074
4015,33479844.951491665
3146,25100495.19395161
3694,35120585.165108964
3098,32293618.0605081
1853,14806551.784820566
2535,24406880.421107654
3380,25919751.023104094
1179,8668942.138932819
986,7729265.1455045035
4120,36014048.06281905
4150,30975260.116982825
1938,21153892.681012705
4814,42325616.77211909
1984,18856545.616286643
1190,9638556.001991933
1512,15584462.769570224
2847,15023911.416090807
4208,35986704.0904775
4970,41240366.20298824
2422,14717353.304346316
1137,11314758.948196506
3508,30836675.17762822
2733,17302801.765497465
2625,18439685.74704376
3957,38849167.45555285
4789,38752939.3616926
3674,33318878.17849516
4188,37884405.77286903
1899,17373810.441985805
2834,26723724.053567838
2005,10701334.925505847
749,6300411.764958028
1035,38203.81847821735
4032,28017719.006298255
4049,31753956.509045158
957,6659846.683011457
3238,27028230.86742744
3869,31890048.465191033
4635,38481227.289943695
4196,35092128.945892036
3911,33286768.173808914
4569,34674865.96776412
3887,29921623.041908596
3685,30369365.82211574
3738,30839971.14798123
760,3834217.904111104
1747,18220678.143039152
3833,33838402.032652475
3822,28996849.943910614
3073,24958901.961249944
625,12028618.952391347
1729,15313731.113502845
3711,31875057.8656002
3633,28237193.346606612
1806,14508663.674414976
2601,26341977.95735021
635,6419883.281877609
2877,23803215.343381356
1959,16694923.257809397
4731,46484148.36524555
1312,11615422.509443654
1351,9317769.902359195
2244,16985947.295154285
2438,22846268.00716431
1370,7674556.62005967
1134,11423748.944392689
1168,8172547.417051672
1793,9767691.330643978
3588,26763783.349259216
768,7226601.429035978
1360,16065502.18047845
981,11587988.235839913
3790,30438929.32148774
3890,35036561.209454276
1761,14017660.512282837
2832,19256465.245762333
602,5879262.90689803
4294,30834198.014979646
4834,42046224.922455184
3192,28953640.26702063
4171,31728090.181409214
1381,12484792.520476986
2735,23288147.702574324
3534,31887890.145301722
3077,21880795.238048457
1175,12198462.570704542
2939,20561692.246983472
2181,20779566.21301861
1776,18396092.203999437
3747,28967225.819080323
4148,37841386.59962462
1812,10773901.110943634
1573,16882750.335631646
4599,42107368.714487925
2154,19269445.582454596
4247,34389422.65691192
4588,38641259.46029977
2393,18332724.893806618
1785,23153880.03748823
1034,7512406.128697126
3947,36528203.50897195
1879,13808317.747727573
1145,14950424.83851095
523,11220985.745265508
4951,41765972.43305803
4624,38851971.80570145
864,5042262.925646264
3155,23012997.171295147
908,9157743.815496884
1814,19886577.43154336
718,5099392.532552909
2039,23935787.65338256
3933,30633562.181110486
2102,18504175.82224991
3204,27328049.399210967
4148,33879396.87429345
1605,7708517.45102131
3911,30430780.698707312
2988,25502917.876908615
1116,9640044.712059358
4821,41476607.97820835
2918,26614507.735975556
527,4495764.61646327
3555,26552708.88305366
515,9764953.11615024
3848,27717613.008453045
832,5870078.3297035545
2661,19738120.228078596
2585,23919372.865406323
4453,40575065.923441775
3289,26790919.873467166
4761,39777330.281004734
2752,24302315.462967448
744,12364012.295766583
2394,14831279.673360467
1856,18080665.697380785
1442,13665574.24381851
3967,31623481.42426254
3692,31514680.207160886
2245,21182486.927489754
2857,25605488.137448408
4379,42507501.8177489
4277,35598444.76338106
2615,22000715.54987098
2767,22592103.642990675
2767,24794936.511437666
1996,16871825.215542156
3296,27407627.435194302
4981,40901489.58001877
1429,12028174.29152972
3824,29765981.593542777
856,9102319.614590732
4810,38624857.30495014
4564,39353038.508461334
4341,36060302.886783995
4430,35280275.37101286
1326,16302491.215105195
1165,10013062.24335907
2528,23092469.043685418
4191,32428051.282023698
3082,19579382.00660646
1053,7723002.496968859
827,1203653.8808006188
1688,13793411.399542255
649,10597941.043617161
3353,25108144.933770046
2436,14169868.427217435
4888,44604770.97303758
3236,25461935.710027244
1456,12600784.853493936
3748,33348839.907393232
915,9889518.294967448
3954,34883537.25883561
3145,28861286.96863627
4274,29953656.102231637
584,1428956.779579942
2435,23993508.987886522
1916,13982782.57072494
1570,11542062.465109322
3912,28507472.433507048
2021,15953156.331957554
2001,15960051.808946587
4591,34915617.93694453
2973,21624751.765372768
1235,11835989.276527118
3338,25280992.19933471
3062,23677063.229065217
4406,29689164.959677756
1772,20990600.72759307
2362,22721472.0884241
4726,37323581.840019174
2263,16406757.193026839
4918,40376666.39169937
1322,11526399.231207037
1042,5508100.291456059
3265,19468391.31323292
2578,20045772.277449995
1384,7381876.40730146
4786,39802139.84017062
4149,34726244.699982025
4071,30648361.904974274
4433,34860247.19703364
4166,39617125.07593425
2221,21093385.57881289
874,6635241.687873288
1057,16331877.980807938
1780,11649187.764085066
3923,29945915.825550336
1628,13692457.487876218
1860,11286978.803871054
4097,39146927.49388354
1600,14349456.116127841
2034,14902153.429300616
3125,27343360.854214285
4627,38454167.544893675
2131,17134046.74762246
557,1830454.4995355592
1627,9707364.223412678
811,14048402.99232968
4217,30677795.34467001
2501,26101896.558054127
3237,24361722.557152133
4377,38386097.70262097
2782,24652299.270242337
3683,32460256.10088925
1931,18644042.81672057
3625,25165303.13298747
4834,37642962.02257747
2275,15095856.122346858
1818,16111903.182542792
4707,34685967.00362732
3659,24328858.468780335
1828,14911567.990369277
4885,33452762.842537664
4474,37568214.58416287
4965,36947111.429866776
719,4230260.7557593165
3802,24574752.0805269
3366,32878306.64142564
2396,15779255.339065764
4944,39459996.29635631
2802,18040784.222616263
4684,35964996.57485768
4226,40063465.34307263
2542,22228430.205796044
1022,7005107.011068261
3207,26553479.56103361
3498,27302322.829940166
4421,36090738.26051724
1409,14503606.157098884
4633,37070706.030278884
2380,20699974.421775315
3779,31941486.492944766
4805,38461563.05810677
3060,23272222.030989833
3572,28000449.930186618
4326,37705555.75460523
4976,43155250.11492635
3375,24586617.006194588
3406,27465031.996835973
4989,38653234.392693
4991,43327857.28914842
1044,7938390.880660297
3597,36378771.4527141
4125,34653692.16969116
4005,36585989.36266967
1584,10628167.519589901
1052,9451166.447257597
1653,16072519.29511067
4438,33404099.274534598
2745,23021028.135431733
2186,21643577.09660161
1193,9561649.976229543
4290,32764742.486282125
997,14384878.366417553
2595,18244764.095061105
1112,10363671.885144763
4467,34611170.98498958
875,5189497.283427344
1305,13664971.248109778
1420,11743392.265012387
4104,35049659.39625909
1943,9778562.836624417
2045,18869359.345886182
1710,12518212.264551
2580,16003444.146525193
2648,27838218.66436153
2008,18867040.57948388
1413,12985832.238038793
3280,30988256.549219597
889,8854707.844165608
4549,34996157.969569184
4755,38515097.16855287
4125,31964901.360423844
1570,12058941.321525872
3070,21786889.002422277
4237,31985938.27259904
3279,29915756.598006025
838,8700226.316409744
2476,19298960.842405476
3936,29403904.406610593
1294,10135809.063576201
2222,13724450.591098793
3719,31131891.798273057
1398,15020414.445977693
602,12916917.98017707
3359,24562223.832307644
4688,41215407.33785183
1947,14454365.662906373
4714,35326631.12984696
2532,17869305.61343207
4532,37678207.1792809
3560,26687619.12892019
2034,15451462.686119545
3347,26454796.007788215
3709,28452096.48030327
3963,30266246.34190256
934,1184520.7124445736
1757,15316859.870335607
554,5635014.468675355
1430,10047965.450793464
3299,28473152.811165113
811,11678722.596197058
1456,12718739.49850285
4583,41654773.33746868
3012,31810395.76128136
1763,22695574.06736082
3247,23411291.740469996
3282,23706810.98074399
1593,12410710.009822866
3286,27674145.60377952
3315,32279955.99953074
4263,36985723.663272865
4535,33670138.6109825
2823,21749027.774577014
732,6729999.376103456
2601,17340520.065563515
4852,39857005.37262274
2528,17658693.226822264
2429,15479836.599327885
1958,13823044.161591157
2148,19417063.164677005
907,9468347.132959558
3840,32009961.75006232
2477,23790840.981622633
2913,26960749.702640302
2260,19693144.026210833
4097,33975145.55007711
1878,16412640.11566029
1120,9517064.460188754
1429,5908971.820116972
1474,16198454.534459459
4987,42088568.49568103
4947,36927017.662518814
3353,32107449.85781731
2189,16742060.395361688
1225,10476692.992024133
661,9358726.78670476
1158,10924418.075168766
3397,32182127.525747698
4599,36735695.50287163
3042,30409519.633841008
2078,15290591.300502433
4494,40904866.98792885
1574,6796672.3433018075
3705,27339423.84599755
4544,38245898.415467955
3933,31262663.721570678
1377,11791754.140292311
1591,13852952.760482134
3559,25899292.175618835
2174,15044211.155382298
2108,18560366.146425262
3326,25609001.14453466
1717,18759101.576883506
3552,28840158.533701647
813,9660253.72932049
1229,12160555.007921321
4539,35508516.82848194
883,2123013.639142883
2312,23050824.10286314
2824,20655272.76990857
3929,31220725.833563767
3245,26507472.675300278
2364,19758965.295688957
3791,34213875.98761705
727,6833472.173769831
2564,21129937.729222007
511,8143367.86963504
2022,18977957.115660354
1191,8321288.662058035
4205,31198533.8675635
2239,16440900.674400242
2025,17052340.749435354
569,1813838.6744887335
2748,23256259.141487405
3623,29596405.07062898
3830,24012442.90306831
1787,11077474.441198114
1075,942749.2689475399
2672,21344290.816867072
1244,14174040.936038002
3027,19544026.133715987
3573,25617139.540619906
4710,38188786.398180455
1524,10000740.913439717
1441,9321981.698799625
1267,12760782.318519479
2938,23019313.66628124
1333,7203825.337806055
2690,16256852.329828698
1127,16641223.310191194
876,11392927.163688013
4386,34733099.96181395
589,5975574.034991812
3355,26374406.813709036
1565,15051370.192373753
1558,10901356.896846358
3559,27842480.35056953
4572,38942202.52058349
3100,30161577.313339222
4719,40976245.283986315
2604,25533741.632772785
3353,26886747.987466462
3155,24370968.77786917
2015,11304856.582754228
3517,29352595.07202385
4647,39313141.09406932
2073,16683983.812818382
3036,22957896.021700796
4426,40138210.3195294
2552,23311412.83158996
4296,39306476.35155703
1131,7187262.714951387
2361,17763297.62035593
4452,40225531.72975479
1732,14713958.760732628
2764,21404687.664964337
2547,19877454.92871148
1035,9246758.421597088
4033,36272855.447506234
3597,29294461.443725236
1775,17571598.490533333
3573,30986133.330538146
1525,10564982.879457079
2551,18770611.89603863
4121,32617200.224205565
700,2589487.0360131953
4903,38681583.432601824
3823,36124300.250194155
3858,31769828.99251789
3471,26468642.00173764
1085,15427233.955461433
3845,28968148.04082139
4354,32946351.099583834
3924,36080457.045420095
4600,39783954.178800955
859,7481823.442420841
4169,36847726.69996748
4809,40373800.0036875
3977,29257422.752783522
3312,20303245.87895708
544,3649964.54487813
3250,30254774.50769484
1133,8778589.734960154
1710,16060291.595047733
2249,19545456.3453352
3741,25847499.1161568
3268,25924812.91888105
1093,10820637.991339736
1924,14030561.2334869
2426,19320385.528916143
1356,13023241.276291335
1051,9625889.997428939
4638,41244729.22277415
3388,29255012.73949044
4774,36324450.00479395
1980,15407359.858211393
1106,9908888.852678832
1171,14383245.229542125
3815,30099423.10915308
516,69706.40719408449
3373,29305700.710473564
3094,23485205.254968002
2984,21016096.041275095
1115,9976409.038477516
3705,33558602.92542491
3349,26070358.381016944
4907,41745721.66154789
4307,37501740.9891273
2572,23951389.480999887
1024,6995183.071144195
3673,27020753.826199844
1973,13829740.685124215
2925,26772924.01636741
3774,33194179.464012437
3838,28832548.197898995
2507,27453932.07903091
2912,21066908.100238502
2651,25206392.254102178
3682,35014996.317615636
927,8745272.817980094
1514,10802828.469257507
2104,15588365.917654961
1369,11165729.398911377
3227,30058612.3342041
3352,24216372.561900456
1385,6563701.902761674
3108,26950164.97170791
1773,16928838.25377724
4926,46311908.340397805
2455,16493043.074199809
1086,9283580.164113285
700,10085512.296361433
4117,34298586.5028082
1325,11013682.432815427
610,8249716.490788624
3411,26489833.107380204
4399,38746232.52586245
1407,8495310.423429172
4215,30161704.89015131
4189,33691235.94326301
1054,1742130.6393102994
2403,20478098.91013871
606,650315.9718858665
3836,32535261.56169913
3034,25828378.314350836
2726,22604112.84150555
3793,32653226.002614275
1893,16756592.405842261
3184,25592998.190006185
3335,33173020.941431396
666,7507932.0806573285
3210,28995724.261932634
4124,37211239.231917776
2847,25780448.13712627
1904,22420498.756774418
2025,17698020.65446359
4909,40251115.96249182
3274,25243283.736580156
1325,10831178.190320054
1624,11798326.292846514
1068,11575635.73900462
2458,17927051.258044086
4239,35133376.50969438
2609,23550640.802907124
4964,41162971.659785666
4689,35824255.37329022
4594,39848834.742017955
3430,28183980.87439216
1263,2485863.35066065
3860,28929944.92824984
3950,36803396.7092082
2647,26628965.524544053
3895,33738333.630195595
4924,42744206.93087499
4219,32417118.056226406
720,5979566.743782823
2361,23594099.801378913
3114,27189745.727686223
1521,13362845.151661156
609,5311574.371320942
4744,42475416.00370412
4348,39150096.46065044
1198,12533015.252306284
607,6054825.198247684
888,7033730.542699636
924,10471041.15905414
2994,21646270.46507656
3465,26036290.457240373
3203,22270725.917645182
2499,24697689.333979376
4075,31438000.127611965
2027,18428023.360254876
4553,37047327.43787142
2526,29900616.970365804
2868,25269716.362107508
3266,21541577.72226397
2355,23366307.26978975
946,7406547.109182947
2097,17173216.594152838
709,4654463.21096987
1348,12370837.555915387
2151,18755539.413024463
2416,18391568.467054114
4029,31707566.438540716
2418,20647858.39926495
1076,2579805.540469813
1188,6179507.588488894
1289,16321976.288294055
1855,16823462.832960725
2187,16921273.039777663
849,2703751.505389494
3217,26567051.50516057
4039,36267576.275343314
4922,48293618.31394982
1629,19708169.274987094
4850,37139185.93961439
4708,37176601.40584713
1490,8505502.309289984
2373,17459034.800128147
4641,37489470.51062574
1876,14906589.010121569
1726,20971701.919738293
1063,5557929.172571354
3387,27960716.65243631
1840,9529620.71311007
4237,35888672.3414632
1937,12470883.97797215
594,9059878.925148375
3796,30494922.320954125
1448,8378047.195151322
3192,20227894.739326127
4661,35352087.534170985
3781,31966142.672228515
1997,18240540.941469386
3231,25352686.05648018
3243,29721391.130298905
4775,35792771.32131479
3381,19266820.472474292
701,7455660.952227498
1998,20854287.43805015
3586,33586001.02097323
3613,26004572.278153997
3090,24085920.438035324
2448,22755460.047221523
4104,31950681.676123686
4463,37020154.58182548
1193,8394680.312569153
2219,15483833.727615878
4433,33774879.04577973
4232,37723175.5788537
3159,26313348.293892622
2221,22583644.915216673
4551,38969262.08486326
2791,28147395.694442827
4699,41046204.578876205
3198,28862022.490740113
3874,31630536.304092955
1510,22107619.729489952
1541,13666094.659683604
2057,11535729.89262236
1707,15460100.618841901
2180,15493123.27028771
4121,37019064.564804845
3852,33993450.274542816
2178,17849459.050202046
4096,31104320.959670518
3245,27399277.18016241
4045,31436298.576428834
3493,31307411.97835151
1280,12908047.142774139
1445,21367899.777480308
3928,31088656.384047225
3598,28873723.114546068
1047,8911672.97818968
2707,22323043.397186756
3484,31953236.81388444
3090,24890963.064813603
2674,28309145.148430485
2297,21122825.329177104
2380,18582791.856035925
3556,27224262.94505799
2757,26178616.58022537
2697,22661560.455660433
530,5267180.1612702655
1111,8092559.320727644
4897,39991662.95723848
3510,27163135.447591685
3412,32381134.368677992
4302,37567180.456766196
3312,26971693.482097678
1182,9887595.750841808
756,7324522.504717652
1439,12495379.283383602
3394,25281191.4620725
3685,24777677.614845052
1276,8814898.000676915
3232,26470447.528004907
1231,8634500.406847527
2542,23794014.09118671
1469,12064540.592297737
602,11436720.72508586
1583,11979517.225312553
3570,29982150.39610467
4248,34117414.73149065
871,9287334.173204467
1178,13621253.38699113
701,8432842.876781289
588,388388.80839817505
2496,22467584.831418604
4994,37919365.573156886
687,5566692.464751166
2054,19499987.56051201
729,3472717.2747548814
4052,36883844.02245515
554,4371842.301346302
4866,46440812.11875434
4531,37454033.47738129
1623,19100028.22795531
3640,33713037.673600525
3870,30126684.753836505
2052,13510927.817099433
615,6260882.083712637
4113,32156070.644433476
4918,45083156.34026102
3110,25139422.484982133
859,6970788.124443678
527,1028304.6177889435
4337,36953651.03923931
4033,29741333.1541595
1918,17671310.738642145
4539,39052275.17949401
3416,26078974.664076906
1794,18221739.79305314
4129,33207373.682126284
2575,17186268.91228734
4177,39051862.02094108
3653,27453588.277777042
2278,20745211.62379944
4394,37429383.42214173
2998,26151554.021773033
873,9099585.747790407
2765,20209437.090319995
1631,19122048.804508165
2342,22604747.450601917
2073,19009170.1937512
4944,36553071.29345311
1287,8360896.373033699
2045,19332369.88006749
4621,31956947.66490955
869,8968111.579821112
4874,35998469.60784314
2202,16011904.667471161
2157,14022797.17699721
2428,21162319.247346908
4555,40789084.35550289
1106,10892052.571438055
3076,26981499.14676674
4624,38495876.68846465
822,9624080.532611918
2376,21409256.842750043
1083,1518705.418008455
3309,30190920.212984934
1155,12643455.885882704
722,5689061.50802478
2622,16053379.816801922
2720,23487422.07690322
4050,34379982.41240949
2942,23214549.552317467
4485,37440099.17304008
666,9543520.773911111
2516,28320565.1548855
617,6376711.018747598
2309,20473741.044059727
2706,20176633.374443818
1750,13495823.862070264
4506,36639872.108885564
3609,33405154.106171794
2171,20824873.268084176
2651,27996060.032023888
2797,18905321.473019373
1536,9316795.088053083
3114,29218248.805707797
2379,24378581.128943466
1096,9867384.365012798
1120,3436811.5905866325
570,3329412.5143037573
2303,20430480.95644817
1567,10837761.0402668
2425,20955378.470813148
1537,18991666.34661593
3942,36814398.458785005
3683,32890676.736110415
1902,16022652.163485527
2861,22403995.826298825
1938,18777253.945832424
4311,35564183.95750068
984,9051113.31811711
4764,34458353.16135692
745,4816408.853322322
3871,34223581.40195044
1850,12496799.477754239
1029,10029121.295807373
4314,36749510.78459242
2288,20716663.447262056
2202,20296792.649073068
4125,35883178.15942019
3820,29688620.723872412
1259,6669036.309016479
1903,13603393.76284995
1297,13565763.590714734
1031,5645460.218612916
2417,17214167.96034648
4637,34957567.99772698
3916,26790076.635770217
1098,6342986.901604602
805,10441190.73997101
3409,26121706.041853316
1178,5177185.530336961
3884,30537068.43525625
1230,12371641.647681002
2525,15707681.705349013
4728,41683930.929298036
3266,22805057.553922765
2598,20597549.083039943
891,6903204.670013148
3243,25259679.67973342
4284,35077594.90455543
4337,38031681.0619301
2185,18357595.256090373
3414,26494979.01972021
1918,17716046.054282688
4691,39149791.18586752
4701,36599489.320219524
4590,37846904.2662531
4226,32550972.490377232
4129,31434783.81480917
3813,33921403.642449714
1584,15012876.419707466
1507,15367138.905709643
1817,17441385.503454532
2849,21130342.222837843
3193,29547845.790200375
2778,22331178.669154234
4222,37563653.46980165
4193,34168650.17008611
4892,41075489.26363797
4835,40709683.78684105
3747,33415601.15585317
3634,25168361.63697339
3098,21054806.86187172
2685,24495132.59530653
4552,38485087.39498009
4324,33265069.055434138
4020,34252926.72705022
1749,10768119.369688297
2574,31384868.53260703
3004,28966714.16048383
2514,22978908.03222362
1448,12810891.11203246
606,3991815.865584109
2991,20997441.28196238
654,5890532.117531728
3740,28340718.092914626
1295,8955674.454040263
4867,35685730.08067637
2070,18308989.155793317
2134,16941019.482531317
2438,22109214.724477608
2032,18627296.380964365
3528,29912393.890238985
4717,46714320.774162546
1940,18991116.540696632
1898,12402301.968050305
4146,35544209.34376441
3897,32013943.77109453
4745,34935408.2875206
3542,25071101.359770074
2115,19279608.751838706
2013,19196642.604635693
3098,22645228.402026422
1344,14662501.159583934
3919,33206743.19044585
4030,36827577.47082756
2827,26884861.19501773
3540,28844689.253791023
2476,25714799.190306284
2335,16307651.729638599
854,15002883.514852086
2105,15203642.958542315
4973,40639991.80496696
3695,28858435.10416171
2627,20885627.03636078
1487,21666660.987541888
4828,38235837.93776677
653,8777325.116878765
1406,11541791.266140748
4263,37913651.28876324
2120,16327521.444887023
4128,34792396.28097752
4074,35478094.901418224
4918,38178565.63999055
831,15921177.772676773
4838,41746823.12970139
929,7754087.136447871
2923,22292296.449447922
580,5915169.070880946
2073,13936005.968159592
919,13698885.791549828
966,10021761.317203242
3893,31880041.797765814
2065,20657933.563070137
2018,14979455.665742097
4530,33772121.24070869
2535,20889600.784813788
1303,11806630.948408771
1577,15207758.619778309
2132,13627166.25070332
2484,19503049.509942304
503,4226394.379505666
1102,6268952.487281725
2867,26081784.601101216
4175,37283077.42572421
1000,5573986.39406094
684,5498186.352776873
4009,33148818.465383984
3751,34242330.41652633
3647,34763284.59955097
3440,28979246.765669066
1795,14578150.033253305
554,1100919.1738980962
2224,19116207.703683183
3410,34504767.504470795
2370,23830577.649811957
4672,38900574.88877671
2843,24654133.426100332
3790,29254450.91564383
3848,30712593.11367043
2101,18250797.526753046
3293,27795903.020955328
3837,34728249.798709184
2590,24606248.798223887
1751,16569700.340633247
670,3362561.4654021338
3309,24587754.036454592
2854,21168325.58914624
2273,19890560.867619984
4254,28953036.835731573
4491,36909174.78260613
2581,25873928.149362408
1326,13608478.104041921
2165,17267817.16716265
629,3937233.7587506594
1917,18753145.854330048
4287,36214166.09815682
1907,15516702.642251778
1093,7976907.363281576
1537,13525148.969061822
2628,21114889.708039034
3778,33577138.709750146
4799,43115507.28793615
522,1074250.5164718512
2133,14386541.28241348
4501,41052168.56294619
4699,39089456.827991866
1905,12845048.089633476
1978,19773754.819981925
1694,15577055.299666498
1075,16209737.285774678
2106,17142094.968203377
4869,43278111.99120614
951,4261496.68260172
624,10180082.650490716
3954,35464480.174633466
2864,28725042.30138132
2366,23259740.952526204
2183,18166855.442372967
1406,8734620.307889424
4034,31465841.298907887
929,3148548.8384056417
3251,24245302.90644887
4325,36877584.047625296
861,7744741.363524441
931,7777229.579603337
3222,24396691.252157506
3561,24170802.967425145
3723,31330249.339711748
2130,19177480.57740593
769,4177309.319859853
1623,12383679.18950884
3676,35034400.362268284
3892,35614493.8607209
1542,8882726.314813148
2141,17874090.83830773
2941,28892867.047116756
3797,30726737.008077443
1883,15257170.434778512
4496,40246212.88022923
514,8073207.732825648
2174,21197910.036141798
4117,33150045.75247761
1980,18828664.04882514
2245,23444236.54186566
3546,29218378.90459427
4710,37469771.136058986
1475,16490217.917268906
2185,24616319.40869137
2583,28009014.650697466
2789,22188465.50067515
2186,17665879.251509324
4658,35176513.000590354
1008,9418156.973244395
687,3273643.20562745
3282,25676099.674877517
4688,40607389.39448717
4600,38969932.23041819
4009,27639836.08449892
4017,37846876.89482316
2572,18315011.738544792
597,2893198.228362989
1791,11611233.544706652
3964,30728149.984307975
2287,16605580.864002516
1183,7846699.676433293
1632,6663183.844805666
4622,38365782.17616144
3704,31328195.50344668
3623,36717220.21367663
4336,37147022.99299668
2114,16422232.940845564
1541,9725855.064579736
3365,27631170.620602213
1354,13178168.668177677
2526,19697954.142042864
2487,21079048.079045717
3050,31092062.28217646
739,5759669.618882511
989,3251673.335622533
4351,38428460.3621743
1536,14230964.33744516
1838,10577023.966226261
3769,32434931.031828884
3054,22438409.35258676
4000,34323967.20709322
4362,41617790.52761287
2267,18605091.996970337
661,9537813.59710946
1155,6554538.046442868
3506,24489742.56098696
4006,39100111.41718701
1756,15971445.040669011
2658,24174009.82348401
2451,24064066.90853613
1249,9408555.570606127
1208,13139349.079288002
2121,19988632.48692645
4636,34203585.53765291
965,13258955.93423806
4495,40880581.5479386
1600,9948848.282886814
2213,19304859.324385386
616,5234760.789261169
2981,29102922.409777813
695,2328163.9816441676
1974,27599245.07263159
2972,24252547.491884377
4629,40247335.498543575
3554,33594494.99600841
1774,14604001.970489567
4209,34327174.34321416
838,6195507.318544116
4011,30431603.121606648
4775,40015577.443378165
3799,30986199.959475137
2156,16719877.405023513
1142,8783108.155898895
2180,20168700.361679427
1850,13407309.411948368
1118,9203105.694823312
1669,17048002.175367318
751,7749676.410207898
801,4259322.200924172
3641,30056386.79375909
2066,18839064.863428906
3664,33279816.573708728
4457,34389863.9997653
2710,21004410.831896596
3652,28130520.033839412
4159,32335439.401824635
1111,11103014.147091346
2443,22327467.38965095
573,8736710.478649251
3373,27710475.272772692
656,2032031.135661575
4058,35472410.49337239
755,7517431.035222751
3610,30059908.437948007
1551,9557789.535066333
2917,23748492.40918398
2756,19467035.641622845
3134,27517894.965337276
3396,26878317.91388848
2391,18569396.810906325
4183,29852533.550732903
4911,43369287.60905213
3964,31936306.106311932
2991,25188942.311013274
4239,32705529.727922335
2275,14248274.820100037
4436,34893123.23546824
2470,19645375.98668186
4219,35630280.06274453
4453,35558902.767332606
2992,22780953.420908164
1148,5673981.808572998
2140,18265360.486268245
4934,38082319.418687396
1028,13186419.601297095
2601,22258439.984014306
918,10030308.520098973
2852,23069634.001132485
4009,33675840.86930373
584,2999854.05268924
2799,19857343.522991184
2251,19053393.23204567
4721,40479174.965603225
3157,20418564.689815268
4475,35302689.527587876
2851,29334366.323665176
3599,31229682.655009866
1789,19924938.10107149
3623,28081865.144634247
3202,25242282.70501668
1143,13044199.961033523
3405,30110561.066134978
4567,37252846.27182095
4563,33716452.57219449
3422,31846555.88668073
2521,28698684.442583136
4124,29276401.435109742
3370,32170857.449248314
3618,28539096.572027884
636,5087594.046885551
4725,39608918.462615
1718,11127430.162580008
1517,13024584.665166844
4200,29766239.11659349
3640,31548247.469334614
4029,39933166.11388951
3087,23777405.532509014
2882,23549769.985124864
3105,25481565.471781753
3587,32655405.781973008
4027,34432717.107155405
3057,28217038.031055786
708,5145293.994392882
4310,36780707.01445939
4653,28120582.801192425
2507,23058387.71596709
3363,24250621.87361421
3876,31025218.355500225
1868,18179753.325932615
4300,30791730.502140276
1537,16564298.394666076
4972,40403085.56613383
2790,27679346.458861716
1492,10227467.52289264
3438,23065636.826959155
893,8057159.853985885
4186,36249228.203541726
857,9868810.816430664
4504,33625535.592218295
1681,9574100.789640266
2565,20583028.078295305
4402,37765331.97142677
3918,33741360.34631896
3629,34748379.00941643
654,5111634.395747749
4058,27929310.685325935
2054,21021999.314852707
986,9473585.942332262
1882,16902563.731502734
2915,26621271.176319752
1570,17350930.771105982
2754,22962940.047549393
2006,20577654.899984207
2375,21656408.792425353
2690,20553252.826076005
1570,12860284.583494466
690,8370232.0701955175
639,3985525.707268314
4510,39739377.30640936
3911,32762550.50254162
3472,29920854.717299454
2014,21433515.970650457
3620,31029700.632728595
4470,36974235.56174594
4024,32944234.610675633
1845,15356029.120657774
4682,39392898.09261082
2417,24425968.952349246
4877,38180671.21899749
4410,34217628.58398711
952,12471119.685594087
4642,36437559.18042434
2111,18536284.59905811
3667,28560607.6055524
2578,16585546.624930624
3081,26242675.579875886
2564,24857503.682078153
1758,14877835.444621826
4987,36451024.31023131
853,8151211.749151246
4900,37932145.83406382
4136,26229484.750262715
2063,17261348.83482938
1211,12241052.581664098
4002,36549116.434395745
3232,32126564.219886422
1356,13800807.03215953
4772,41976702.22581678
1929,12578303.6497658
2992,29801477.404638764
3698,34386080.54471465
3920,31258653.545100432
2568,23588980.37586353
3991,34671204.55034583
651,10618640.53165118
3731,30394676.683520347
3406,26009302.086899966
4051,31938004.89101597
1966,19418387.9500916
4691,32768388.769572996
3923,23392779.68226949
4557,40138747.02090394
3425,29224416.392465897
4165,34375390.00890953
3930,28523360.11603463
1656,9118330.706214137
4707,36752412.749505445
3908,33349085.298109043
1661,12530732.861698385
1759,17772300.600726068
4590,34857821.97393912
3341,26169964.780521248
3702,32725603.16405311
3481,27717254.950546302
4054,32449950.11903221
3972,30845534.63905356
1724,12305177.777591456
4887,41158532.06168863
2889,25563118.883933876
1514,13793445.312653849
2526,19359449.183339678
4213,34099524.30025988
1992,21723804.35026353
4622,33712749.8687013
2200,24257673.841285918
954,8931159.53835264
1417,11795620.830070488
513,7964135.016405031
4874,33790201.792824894
989,13052958.723739251
1484,18445177.486845143
1460,15943918.6023773
2282,12949143.89326785
2369,22244503.393401448
3804,36369995.67405605
3144,30780246.363207266
4845,35535732.258320816
4168,37393070.49480902
4901,45594711.20833744
2325,19688397.15593806
3807,27097896.33163084
3862,34381957.7781748
3610,33041573.90595525
3265,26702375.50702229
4778,35651829.63240853
4270,38105616.25210849
3192,24229573.403134726
529,6424040.179616612
1266,15802499.065038837
1114,4935605.709143941
1504,15755291.99390776
2621,21348253.9090406
3626,29466040.148046274
3509,30614949.303598482
4319,33237847.905757528
523,1658942.5892140712
4559,32119415.683907967
3593,33439288.128257643
3410,27164983.44467311
2470,22469821.2370721
2038,15848903.775355035
3641,26642718.489875134
4469,38708937.82981742
3424,29375887.721174467
1070,8849302.538037723
1742,15841688.190324405
1212,7814546.33126799
1793,18525799.323665936
3366,31805183.915603425
2174,20669913.71401076
4163,33188042.72271899
1859,16050040.384050228
1135,14786509.344404288
1709,18515498.652833533
3112,31877607.271526176
1797,13034443.440060478
857,5245363.148038602
740,7323110.862746327
3104,27052687.2718889
4564,37085132.504821315
2326,18438946.71649378
4058,37266185.54848739
4360,35607803.72835858
4751,35362365.74624503
4947,37276932.739193425
4639,38853192.97540051
637,15103957.454735061
4234,31944168.768764466
2467,19791377.793980822
642,13350414.32579812
4133,32611157.810484592
3059,26838382.523814216
4657,43883732.167773694
2519,18297563.957288533
3349,26864219.333935317
1692,13082902.199096378
2813,18950313.911098424
2855,28548097.83706588
3006,23291786.984590404
833,5035262.972534324
3062,24162698.335788734
3220,29546494.215462316
2938,24842680.611023642
2295,16985001.08370891
753,8251449.534745158
4157,36693784.093245715
1923,16312706.236291729
3737,30191717.21340302
3831,34695627.81514666
1527,12678444.260459676
2666,27152574.51887007
4494,34679095.38372906
969,6409259.602717624
1593,11032609.659746964
3412,27579460.629930053
680,6447512.184098955
4567,33559092.271281555
3576,29898271.803742558
1720,16456062.561857868
4642,33739525.33562091
4123,32420485.720857345
2063,19206457.18570694
4132,30787742.202372238
2857,22908064.434259612
2062,20760550.706801392
1913,21689548.289378054
3006,26367745.63374738
1517,12628240.142517159
4154,32727805.938092817
1257,13788262.296314642
4279,38632219.19734701
1120,6490692.608647056
2388,22835280.4478318
4084,31850861.094821338
681,3869332.6781432712
3228,26363067.389348716
2795,26334839.727687094
3167,27264215.974519018
2299,20238994.99437245
1999,18049324.961999044
1484,14274974.056071084
4053,33081546.347420607
2864,25807666.296175957
3805,29460953.412074894
2715,24673022.952836588
3290,29890956.043501966
625,8097409.783700937
3120,28213086.495082296
4715,40114596.92069043
1951,20128328.746027842
1508,6249158.6480640145
1713,17265237.872695483
4204,40558372.581473626
3630,28174313.575123426
1196,8366810.424912489
2770,27018957.03892141
2015,14339781.981562153
1534,11271827.062273642
3340,28229845.55909339
2035,14883146.369540818
1313,14129073.505980678
809,5099593.633228461
1511,14169900.043120041
1518,13997447.388989517
3911,37279664.21722541
4218,38239905.59888718
4310,33891417.37563904
2544,17558522.780583262
1616,16441906.525932308
1656,12287827.49574002
1488,11896969.786288746
2966,21548516.929809093
2328,21661035.7923605
2577,19676520.650687475
2845,23654874.935091633
1584,13613490.802322602
3005,25590681.859741732
4544,39336915.505158946
2851,23079538.88431734
3505,26815717.254340373
4935,34901366.09873366
2995,25267888.88810301
576,5137002.8781459145
3062,23364581.509637024
2072,17763657.386457607
4687,41063948.017844655
4170,37695664.25484154
3611,25282587.744726826
3237,25813416.096953996
1852,18699075.63719528
1446,17356123.10356907
4368,33492209.040524747
3637,34230968.78769773
3986,28837711.153296143
4687,41940853.68935984
1502,12170731.003383975
4963,45392469.79693125
1319,10159906.351234118
922,7446327.819718983
1071,9167822.112388456
3409,23660849.53583132
1923,11096581.987724021
2133,19594462.579122134
2253,21989387.04206007
967,10558732.50852331
3422,24614073.15746443
2803,24864566.235216126
2206,15677388.078888888
572,6798958.1246709945
646,9561897.435607312
816,8630400.560005056
1105,14245601.706725797
1074,9142037.585941765
1677,13766052.036086904
3826,31810053.893342342
3922,28348076.748603776
3094,24543146.77314865
3382,27110600.490779806
811,6636000.170139357
3355,28644873.50149024
1264,6671012.640530127
3495,25523158.0484185
3700,33996208.78991541
935,2458255.327808572
3851,33657113.20661853
4953,39503320.95760695
3477,29296367.444990356
3430,33114296.356001817
2799,22998451.64240403
634,7948164.016517308
4414,36487700.90304574
1303,11095871.490740085
3207,25956474.10647891
2866,26031175.04551868
4675,36205194.401635975
3762,27699930.43434621
1976,17031424.920293264
3915,32898352.010765485
2961,19215525.50380312
4442,36504537.71416801
2540,17639369.236356467
4963,42584529.32234346
1506,7636945.432310101
1492,18711227.489589266
2396,19153404.750092518
3565,26925114.15453806
3248,26135082.61889542
3161,27956812.575901676
3478,31495410.26770481
2323,18761066.06992549
3907,27939928.75556343
4982,37219108.599133454
2248,19843163.096222237
3161,29249981.388531357
518,8496425.754752355
3858,32368277.726232346
775,10101898.69854427
4578,43361047.652776
3445,32131043.138208877
864,10678113.704213114
2473,18364328.45072315
1294,14239858.86128401
1089,11095697.433666242
4794,41303936.885101415
4813,43287318.83683354
1240,11995673.545104573
2694,22244361.00801561
1169,7142402.57701724
1937,15606451.047064025
1355,12478556.801488053
2877,24848858.020547584
4533,37995628.89601097
2393,23022529.579283133
1686,17084094.100651365
2342,19549735.27563021
826,5066213.677632156
3726,31958073.810332716
2900,30939012.642846365
4778,40187728.325837135
4601,36920228.14288034
4515,38727508.457401484
4806,41235208.77628382
550,7153951.801217328
1968,20862640.585137103
1509,14230278.87086041
4972,44752236.70623104
4057,34146702.34121253
1574,18129494.80252662
653,9844205.587218812
1081,12413398.234658701
1287,13663557.207288701
3881,38952553.03121126
2767,26365852.765999295
4758,36516048.98612647
1470,13497701.654404962
1147,9381849.695318215
1445,18753428.950393848
1995,20714312.67878637
2547,27471853.073863257
1672,12096016.415295653
4718,42049024.03564989
3386,23994413.050891902
4658,33487602.997586053
1232,9665131.602577718
3587,34233125.41248711
3961,29710154.877138264
2157,18205564.45953027
978,12390528.604617659
1637,16635239.48347791
4453,43272559.73613858
1476,12818115.976629583
736,5563111.3661079975
3023,21900556.756763067
4543,36240000.1796478
1097,6465203.122442286
2202,13226664.160271157
2676,28298177.744026266
3057,25602720.397826176
664,14086400.613687383
2824,21074134.68998255
3539,28025574.17388797
1069,7225892.964728685
3828,29701731.805021707
640,8740811.23262833
1185,12178971.898793124
1186,13114228.276253287
3780,35266814.77645582
3263,30426065.13250245
4090,30694530.766674038
2538,19732544.30899292
1574,13956448.430214912
2725,33983500.03428956
1841,18045200.426394127
2189,18832066.42522037
3510,31099824.165237255
863,6094657.836767436
1567,14323276.533006914
3140,28983986.554430217
4249,34905012.94637597
2530,18970340.237858437
1117,9702377.841960924
4954,39673270.17421145
3646,26096617.74098731
2482,19141343.519422177
693,2365561.6410086667
4958,36953615.32851192
1619,10529166.53640059
4702,41476353.89467759
1026,13675495.190078503
2452,16007760.96888532
2282,23996550.998823468
3173,23004217.481118362
2897,26416640.281917073
4224,35567675.712298915
3089,27619554.63413856
4026,29710770.841567114
4349,30354928.151983682
2134,15663274.769602286
3509,30352605.94988197
593,11614712.526457582
4294,32262829.20694176
3866,31631487.54005507
3446,26320762.404471144
588,5652321.451670968
3050,19607643.916911013
3314,32006130.006169707
1945,16632108.234858917
2330,22391496.991958253
3241,26231393.929892678
1054,10003884.22838083
4264,38498617.47794024
2934,24867150.46928267
1180,10943118.972346365
2131,15666176.872123504
702,5012729.314962701
4418,33305553.086477194
3639,27897947.234561004
2725,26553687.3313925
2186,23913827.930021413
1328,7882175.346111827
2522,22361515.355110325
602,4862925.829398667
2057,21646905.70014729
4711,39092580.65453376
4587,37673572.88577739
3011,22853692.063520793
603,1228659.882722756
3938,34786815.44824846
3357,28914935.724254332
1306,12580332.42156129
2574,19794018.692024205
1026,8770694.663469886
3936,34861212.95834075
797,10322337.889193337
860,4344585.15224441
4217,32835955.78849581
2476,16638349.733783571
2577,22219793.237780094
3911,34941014.93630969
2673,21547853.44885174
2089,15723430.107000858
1889,15106094.438584127
4014,40030939.94492946
762,10671784.299770644
3483,31056991.518188983
3419,29312203.686748017
2363,19865775.606142856
501,2288103.507713862
2433,17278928.727075905
893,6440267.970460366
805,4578660.360593898
1029,7408561.113940464
3879,31726313.121641267
1464,12636095.234311126
4519,35290856.17384658
1170,11845628.663920615
4568,36976980.883554846
2752,23660095.89353454
3172,24142228.845199276
2213,20782617.663530022
4544,35747461.699245244
1135,14905662.710215969
3999,32317025.937726498
1617,13651947.815516429
2654,24012765.459026683
4723,41219550.58036496
537,8054781.040573994
2132,23382764.09904191
4793,41329656.5702121
4275,34999040.533465855
2554,19843062.253794547
4585,37278515.15040097
3903,36676049.471286654
1018,4983101.0909328945
2741,20470975.650622718
2863,23247039.769399315
1541,10831053.591359781
1894,14925684.045473555
3369,33370703.615039535
4176,33513720.88111012
4221,36002945.69548883
4272,30201409.450012796
734,3564688.1920446097
3640,32918050.828866005
946,13572085.315634668
507,5720231.791865572
1499,12073951.221831003
1834,17160484.89266643
633,1728303.5486562522
2932,25143364.030554127
555,2301668.1996774958
3685,32862278.946672127
1611,7311103.275457167
3679,28546872.07227216
2023,17061072.485676017
643,3858626.4511321383
3416,27201546.799435575
2603,24537303.052029524
1119,9878511.956448225
2386,17296257.585106276
2520,23981200.198023375
1908,17016942.607213486
3421,29245462.43875499
3873,29306466.924315687
3976,25165179.982013844
1336,8969606.299930884
4402,33192394.26589355
2085,15840109.128457835
1336,9162433.002023084
3057,25794095.527140897
3359,30514632.413137108
4860,43108484.28205864
1897,18687635.575090885
4322,32883125.072564885
4897,40352702.379959516
3930,37135497.544510156
1304,6677797.001081271
1575,17644690.133275393
4694,35563689.990830965
3140,27001295.862752248
3584,30910355.350907087
1913,16873739.109708413
4952,47301418.68260774
2163,17401504.298586123
3475,23881536.375229076
4606,38917341.202580534
4676,37897880.04582662
2553,23088403.624657515
2920,27006285.725621197
3028,25122930.984886613
4817,40844931.29192689
2440,20952713.79671109
3652,35591662.33222414
2446,19456314.741397005
1014,7050789.405970411
720,9402192.709333684
727,4028460.5539718503
2837,24872473.416747637
4888,39595232.53899254
3764,30808037.9463742
1455,19951913.872030508
1997,20678260.234766703
1780,18304738.599958293
2478,22415711.92143092
2029,15157457.635679474
4983,41648445.06021316
3162,28045972.90248601
2913,24900956.290418107
3205,26924250.98203188
4035,32087652.103631783
4784,40092375.94904385
1417,10759285.94563942
1701,16718269.53870178
2922,18328686.39652709
2121,22044230.699349828
1259,7137002.2943963315
4789,36110234.92779133
1988,18130562.556865036
4758,40683825.49106399
4871,46202833.92921311
4959,41560853.58792738
2165,18198635.7020215
2502,21589898.135628473
959,13443463.283863334
3521,36441199.97199314
2790,22765599.103273045
1865,17548317.248516336
3701,30384832.44651342
1883,15781200.976238403
2635,27717151.871594302
3532,26478804.82840953
4209,27669156.373350017
2021,18120333.07713966
2123,21587019.58628622
1181,11107689.878753092
3634,31578610.653624035
3761,33345180.14338068
3919,32684733.220228817
2367,21604922.870344978
4109,35490835.695960976
1699,8716186.208281538
3323,27925600.681189373
3448,23865651.501121506
4478,36709485.48467773
4125,32514157.153481696
668,9446033.763103485
2521,21901238.277629994
2694,23971578.538264688
938,7929647.846113248
3760,34236543.78781909
4755,34248023.9784318
2949,21905492.64363598
1363,15762921.36482641
639,4805054.502603447
4923,33946503.98448734
724,11149923.829841657
1057,12686808.214079393
2073,19716908.219832197
885,8363218.020855107
1020,14142241.05447609
4472,40551855.2871875
3334,32315568.20637603
3642,32222501.44134169
2333,20032387.553753246
3661,29090505.386955604
4001,29201228.472602386
4702,40122136.84639903
1999,18748072.004386812
3463,27654656.004278027
1977,18657043.0843499
1403,11227466.505202569
2131,20650283.074040882
4486,34241678.120571844
1670,11194665.394973895
2827,22894263.818344057
4619,40438356.18650686
2244,15475643.60602293
2539,24461061.057027586
619,1024235.596844363
4357,35115762.37321713
2175,14160771.618692078
1820,7730301.907450304
1515,14219355.414325763
2243,18410566.674106658
2442,16344703.201508533
4041,31778158.42604566
1946,17893475.680787943
4116,32823550.999032494
4394,35555956.6532948
2224,17596630.28903085
2772,21429093.605710123
4562,35709988.17577077
4781,37373907.901112795
571,3308571.371780778
4669,35300116.20692759
2700,21460863.046846513
2643,20224216.443015948
4257,31840904.10845292
3681,32746043.96607086
1981,20545907.915750146
3375,27999691.6761898
4579,37831418.96379252
1596,11690308.102391208
4807,42657094.07037299
1223,15998543.34522902
3739,30420618.512923013
2878,22459660.414822437
3714,31736425.797864534
3371,28354793.132115167
4989,39411533.57362813
4419,37765587.49909705
2220,21574472.82216969
3899,29834544.79602566
2357,27482101.939146813
3265,22521173.528706517
2896,21612927.820977297
4264,35813904.09090709
4521,43908619.355129644
4386,34400227.924958125
3062,22298761.06221324
2946,26215724.435286235
4167,33590216.77684578
2761,25083767.084863298
4117,33723658.35029874
1812,12924500.373610133
2364,26958627.91124269
2805,14576828.202757843
2307,24916716.251049314
3241,29727785.712701783
3836,29451232.125418358
1497,18593260.314501297
2819,19437742.402267218
3707,33680332.886022575
1098,3536064.6608586693
1583,10226365.421088874
4081,30202914.52305637
3586,27436030.018713605
2802,23450743.346135974
3284,24794070.907675527
1221,4658767.144906634
1654,15622352.306102036
516,5274852.768782437
1491,14154782.02269454
2732,23371753.727797933
3962,35558705.8459555
1946,16341552.94051669
1965,19757561.90443093
4267,32808910.055696316
4127,31859988.86198344
3583,33792118.18619458
2043,21411005.974681865
579,7353226.428342499
3787,28628676.261420578
1771,12259102.694112731
2064,21496191.887083814
2213,22521994.78273448
1509,12881261.926989624
1272,18201654.78090956
982,10232700.215838417
2892,20814401.877906643
3679,29605106.700996324
2081,17664411.73401612
3021,25427195.91024734
1605,17590009.65355512
4209,31803133.262006924
3861,27893463.10266335
4770,40966971.04901528
1341,10207046.473222438
4034,40542518.37040047
2372,22805661.144426897
4005,31463810.64297928
3820,35198561.21635262
3228,29015232.38524902
1454,14533091.442389835
2095,17393268.205234524
2788,24565352.5549154
4935,34171126.298222005
1243,14895268.212666152
1994,6643812.830995932
3846,30441630.717922255
4610,33092868.3404179
2488,19401446.57630543
707,6433648.182763684
1583,10073619.398251366
2912,15972568.272082277
3811,32109197.172423173
4510,43339319.346083686
896,7114159.4994499795
2457,23533992.8686774
708,11177154.512670659
932,2755886.2263626056
3156,24876174.54556504
2936,20658843.164933596
4946,38149168.886065505
633,11170035.103439886
1138,10775038.459272576
1728,17190470.80313552
3869,31820302.682108644
4712,35064342.06279337
4519,39186347.09165612
1790,19077726.114328463
2696,23520122.64850597
2203,20091373.085279804
2726,19103595.840899646
2695,24680590.89944768
1475,16838041.468779046
1528,14437756.42281436
1025,3809650.2623693217
2827,28522888.502325844
3046,22533528.319068708
1335,12843360.480669735
2983,27722928.805682756
3363,31142854.96615298
3234,21471829.564660463
2038,17655651.76821881
2410,20433064.832647827
4549,41709084.56317954
3142,27512170.62723189
1803,19768352.98313488
631,7667752.799655461
892,7913501.386316348
4084,34253578.26461448
3175,30970790.75130739
2966,20837204.493496254
1725,17517863.530361596
3205,24757152.02633764
961,6160562.74725389
2301,22478279.09984852
3773,28534738.23496702
4485,38011224.15077598
651,4741175.733520705
2769,16081189.91231058
4674,39825147.94031305
2285,19658963.81887037
3960,26949758.456755545
2336,17592231.375383414
1897,10755023.649863087
1575,15795069.66188924
2508,25227979.60813029
1993,19492471.815138556
1635,17047390.470400274
2048,15830508.782999557
1284,12912784.033331122
1920,16332794.109573519
2935,25035943.54826646
3981,35720294.38136357
4151,37734462.26194171
2563,20334730.831084453
2520,16937065.56593485
2649,21629786.39592143
1450,11942180.144058347
524,6045793.640042469
517,7634987.755392369
4325,29856254.103547826
1069,7539259.346425572
1855,12948335.432047678
2092,21488681.366075374
1330,11014887.319942838
3582,28117349.291314635
1371,13582905.077339733
1334,9892980.94725193
3812,31450415.669609454
3616,35370213.600336075
1469,18110870.971659932
1092,8513847.030811543
754,6484914.593521267
2614,20054914.497807585
3465,22942404.17487949
3161,29396568.03529015
1102,17080026.350015294
1565,12189651.68704768
2339,17261618.818132184
2931,23629459.61097998
1465,12975138.143485757
2237,15489409.66937936
984,7496564.617047606
4634,41116691.76181406
510,5462141.903401814
2527,25027158.08438694
3864,33006303.558584504
3587,26429248.193681244
3538,27575958.06984072
1104,10577236.190663444
1468,9376232.172116678
4760,35323040.80126818
936,4911398.339902824
3274,28739413.163441446
2309,18373279.953732386
3269,30699324.89327884
2329,16942738.85116009
792,36200.80386154447
4451,36215884.64359035
961,13630665.09118146
4384,36175708.25084582
3733,26747720.27060139
2591,16855170.211379763
4436,40081705.74177047
3439,26089689.685674265
588,10329385.98296959
2163,20266280.34655385
3801,29099293.856785946
3220,30261410.532934923
3437,25724308.540210195
921,4025988.662665006
4249,32391763.819966663
4933,42770209.954770654
765,10533900.967004009
3350,26611918.211396266
1878,10419066.066582564
2314,14841700.616615832
2764,19909063.28442191
4916,36446009.36224963
1349,12588291.128193699
4236,40702347.534173355
1491,15315329.722076762
4264,31727307.465027783
2308,17380872.703000333
3774,29694127.96210358
1216,11895642.500979258
1395,16873764.207556028
1676,13005798.861647438
4253,39640331.87320457
2276,25519732.875266686
3304,26382279.401133824
3892,31009066.136816077
1959,15590141.89782665
3043,25531469.95706366
4053,32349462.70965452
1849,18444532.384167917
3486,24241506.158821654
3830,30036133.714111663
2622,22963524.019216705
4128,36634253.52148154
997,15561855.191042222
3987,29028924.31710718
1221,8811872.757438231
1863,9104780.280317988
807,4126392.977941407
3251,21701224.109197874
1383,10500107.814807015
1764,14426903.222075107
4848,41192362.719512686
2944,23656201.409040235
3533,30673811.241236463
1552,13758222.501281828
993,5844030.382749449
2521,16109178.882477365
2247,20727045.999688197
3802,36355508.955043525
2779,30838155.03504605
1431,15254364.103703864
2425,24772545.635832187
1256,12432379.112116806
1554,14338028.156770635
4430,36773003.07137459
4854,39514571.067937404
3953,34445229.66628741
3016,23566208.75590583
2464,20269672.645238426
1146,6634101.151106834
3330,29064780.007194728
694,3674707.3765604957
1645,14261234.971440637
3009,26573473.28092714
4791,41085674.29410944
2583,23978525.613446303
3852,31176125.42455583
821,9026191.338169063
2787,21836124.21066339
3631,24135378.86096933
2202,20206927.82122468
2712,23591464.320592426
1330,14679970.508697407
688,6428133.861385196
4552,32606509.902847767
591,5453107.646907332
4377,38675741.69421919
2411,21716104.42638928
2836,23247766.281315494
2080,12649322.316260451
1908,13185949.135288231
674,7823716.585554104
973,3788528.543777162
3932,31501265.255729493
769,7267266.536929266
2544,24801811.467520185
3695,32403471.653391626
1193,13432433.698471893
4971,41673559.97209783
1915,13783767.053365523
2583,19823018.59627436
1735,12082021.082276164
4467,38508342.525778614
2471,18686233.343232326
633,4881999.06091455
3412,28363473.714560546
1340,16643937.339743838
1961,18659401.723829694
3972,30457439.726196673
3375,28455542.97169868
3009,30025935.281487513
1465,14565537.985286824
2538,16509242.92150282
4740,36174281.714086704
2350,16824193.492490638
1234,15194189.476079904
2953,28392843.707590967
3516,27252889.066643156
3502,27076259.340578012
2815,23654075.34798685
4503,37248007.13828038
2813,20617022.212031007
3663,29556607.975304373
3819,27191190.19044037
3961,36504962.11473311
929,3151008.4615049614
3488,23589681.73432176
4296,36673118.36353579
2096,14057371.286497839
3862,30393105.12559638
2850,23989518.583307847
2279,21257902.48960051
4488,36240753.646153376
2948,29921515.39183938
3370,27958683.03402027
3410,31852384.12477623
4760,39915667.34109948
2572,27969629.274021994
4307,38631090.511772566
4724,38922409.32641784
3364,29798492.150722444
4118,33161552.433407206
1517,12323300.484934647
1832,11745767.515893243
2983,22439215.192598615
681,12630914.155467164
2338,16091905.886164261
2951,22641521.861649085
2452,20334843.969122693
762,6914772.1157422885
1160,11431177.459192881
1815,14112637.875657812
3419,29688129.100989014
2694,25979156.323440176
2572,25375897.0319445
2519,20349464.59808948
3240,28754030.286708895
1315,8081599.133576434
3918,30178851.86418301
4597,34254799.803928375
4217,34598765.93372105
4129,31454342.170920167
3253,22461919.323585615
3867,30777984.332256548
701,1422248.6726571433
1504,17013579.310938425
1812,13823430.816270178
2525,24155948.220914386
3633,28587797.529895086
4073,29999186.5221482
4721,42294571.91406776
4171,34634110.74932322
2296,25028727.85773689
4774,37792431.221300356
2104,16497209.101300701
2402,23230372.526657328
4499,40027257.95149714
4004,33492291.159543954
3119,35957804.569424435
2849,22950317.623038948
4864,36103610.28909295
3172,23368334.878257856
1318,10719781.53192232
3177,30972325.016474955
1047,8816968.41355996
4932,45154156.29509842
858,9167275.346134374
3861,35138107.88908155
2424,21553505.879880413
4955,41777744.01986581
4942,42794131.803318225
3201,24907874.553742763
2430,18772859.366357535
921,9416640.958493784
835,13503334.426518068
2026,12585740.32419906
556,639556.8583200816
4450,35808768.49131416
3647,33268541.241481233
4037,33450128.257040545
1221,7260010.459554865
4577,37853280.49059916
885,2881080.3613505233
3317,29422751.182622526
3387,27168675.950640727
3219,26505902.50136371
759,8353556.4115334265
4988,41521066.752128325
1099,8168221.278806666
3755,34140838.512939416
1539,15702797.693917159
4548,32061147.423327208
1255,10349271.985582205
4077,30375139.61891117
3657,26451825.702413734
3258,28669400.870534856
976,7550216.158004278
2099,17363685.053160768
2859,21862945.19866882
1761,16198526.358459484
2082,19691040.655957095
3338,34214764.588928975
4070,33017077.206505544
1998,12638747.575673465
1248,9472318.928705446
2886,26629179.76414497
1030,6922064.429609075
2709,18225617.20163506
4563,35248546.94113579
4368,34343902.24675205
1608,10615991.356106032
989,9564429.542349312
504,4794933.15637984
575,7969115.72245639
3228,25486420.49522323
972,10450194.305705504
3709,29195187.617929004
1881,12659162.914573792
1337,10066942.594262201
1102,4961198.432849108
1686,19852646.919948936
1981,17275499.243358005
3772,28789779.32900861
731,5715067.513153819
827,264608.05027979147
1449,16895059.675215453
2386,24097644.1326427
4595,38082625.71248029
2797,24334386.88819022
1807,11652969.66922302
697,2991090.3142184485
3279,22140111.552436803
3836,31204795.742679227
1838,18887106.2145978
2191,17378356.113892965
715,7763087.490532851
2149,21128501.6846807
3362,23023697.966065884
1109,15408696.276137829
3058,28935961.162293803
1417,13877678.153281279
4752,41788283.59160822
661,9201228.90982521
4637,38973919.65976944
3311,31772833.858677708
3921,31010018.95414764
4715,40105433.61558619
1598,17748928.40375018
3221,18694400.731822368
3208,27977890.03792247
622,8149814.935330064
3200,21474675.90234667
3753,31869460.258049753
3561,27106882.058921084
4461,37878418.84477371
1288,11019002.110767748
756,4209015.49248912
4525,40528990.99080435
4154,32976904.928031486
3751,31817891.38206475
4089,37654142.87045229
1107,7105916.516850457
4926,40432147.74391848
4427,34930018.564869985
2652,21399461.066386826
1046,15836255.623719372
2404,21602327.65221084
2182,19396778.029866617
988,10476262.001794381
2322,20866778.882747397
3621,24490559.38304445
4274,42082282.46156662
3572,25182891.42458407
3952,37813782.79807884
1149,12046046.095066754
1147,10718337.054403415
880,7123545.071770075
2566,29343481.653279893
2363,21717468.68052328
2790,23373064.194755197
4724,37186211.88646898
1699,12626555.193758743
3490,29071832.541516643
1607,11064190.90501627
3947,34614953.14383424
721,4831072.898290988
1939,19526866.54333747
1117,12883762.14393386
3070,25393692.962627422
3255,28780906.689564932
3290,29211091.728580393
4442,32149005.172565598
3809,36667078.965960875
4554,36664768.85713854
724,8878720.540247101
2741,25098870.533158474
4652,30747388.725393776
4196,32597212.41575159
3850,34321106.46127817
4327,35802757.37830561
1903,18290908.009014208
4712,38973099.68433555
909,11960145.381409435
2416,20670101.665333234
3938,36776267.29034143
4567,34595914.26836386
3359,27489079.79156317
2483,19083801.294253886
2551,22573908.192186795
4201,33771996.16535227
522,4487457.43871909
3468,26629700.91024926
1244,9569793.449214369
1101,9777168.808249967
3535,23215964.54645048
2342,12830708.43190647
3174,26569437.826922446
4676,30100470.304299377
3162,25716573.169575788
982,7724508.716426358
4536,38914113.60958262
3139,24095944.862844214
3811,36196544.3078759
4628,40568488.619691305
4875,35463117.90504546
4325,34746960.927576974
2699,27173555.432551626
2182,16363104.283801397
4108,33705323.024923764
1518,17356382.72756433
3470,27138213.151811667
1811,18856939.82024868
1918,13614001.192159142
3000,16337158.449561642
3167,30021587.94932188
1886,17404205.120172426
1644,15665692.826003397
2563,18225111.62608418
2046,14327942.15050941
2645,25611309.55920842
2663,23033621.92221279
3512,28743631.82798672
4944,41214779.98634249
4827,44141516.5900369
3682,32627064.68115771
3923,30960064.407844525
4501,32797536.416639842
4059,35236161.28548335
2056,14676095.968097314
3186,22940869.187143702
2832,27603247.560622204
2156,20865217.24027444
1044,10509057.780041493
891,4412808.817188252
2488,26271798.182301246
4585,40766604.94414755
796,6456643.196812818
1586,12142159.825517403
4865,40155469.223926805
3761,29652744.000384048
1616,20563561.870355323
1576,12451414.875885405
995,5756351.385379318
3495,33725247.574999236
593,4036814.5001386805
4824,41951290.324350186
1220,12786162.818258211
4862,39720313.84836484
4876,37089009.70643191
4526,37063451.21906483
4555,33930416.68100335
1606,13776846.71238929
4432,38774344.39937897
4222,39929340.198575996
1871,12704452.652167134
922,7624624.188012217
2505,19465566.747324158
4911,41109218.132522464
1263,6538574.87106754
3868,29158011.9686251
1397,7099950.325794093
1452,8301086.378004688
3422,26394686.618263744
4979,45844647.83847766
3697,31618801.4307979
4698,38778987.62079942
1399,16232658.012085453
4523,38334793.643550254
4705,40072728.334191024
4141,32708926.604460597
4043,31432014.933172755
4141,30194619.15080574
3590,27916731.301875826
4979,39990429.75770284
1261,12122156.842550762
2907,24145724.75486589
1385,10984791.602396933
3143,23408969.744309753
3743,32141380.42386563
1735,13386701.738898477
3433,29525389.52397597
1968,11004183.67121939
509,6081263.488909683
1291,13568720.708388716
2162,20154592.578091245
1243,10353838.723947916
2928,27169954.946273133
3993,29125123.35113246
1616,13660381.80438041
2941,23947812.596517902
1854,18941199.06712326
2980,18778520.488426358
3501,25833610.8462181
1686,19729752.42589155
4587,30404301.628465116
3331,30091271.915062502
4161,32187018.510918573
2248,19748107.8109383
3363,32145347.211578064
1614,14791620.61323649
3764,35415600.13028305
3590,28242952.457639594
1563,12423471.232471278
4248,37344526.74654318
3232,25537708.619153004
2372,21768039.143114008
2469,24303412.64973305
1384,14677010.682862166
4463,31967265.30366025
4178,33399857.668851435
818,8389497.452164466
4316,34796319.38111182
4217,34974098.040174596
3695,31445212.23280778
1874,14412295.637847291
987,8315683.358632408
950,5056895.815979434
852,6382474.639278036
2440,15939964.191702554
2867,24285490.087078072
3736,30308333.386924352
747,4228614.363854112
4003,38379779.42648654
1067,8799765.550859477
1183,11323658.83223886
1143,8228100.505463613
978,7580955.937788099
3260,28053240.412545606
4963,39707246.85057934
4952,40625910.0706648
1868,18364473.846060395
2726,21253921.461443443
3996,28971516.45028634
4112,29317207.13096476
4507,41371317.10916059
2342,22529440.10172671
3877,33983399.00156322
2914,23003841.58238396
1559,9472759.967036497
2144,17305095.15951156
2311,19207936.886141863
2693,19149344.99975816
2927,20007031.06085414
667,1145062.1807882022
4682,40428179.56263153
653,2607925.054390957
3044,26280230.962147813
4368,34750600.43977825
814,9280913.726328408
1222,11783473.53590705
4131,33352187.74632614
3845,32151360.27562765
3311,27156991.67486986
2809,21625958.548100784
3001,27948248.35637359
3833,30394778.740274005
2523,20923449.56124556
849,3546624.701027482
1323,12406133.811534438
937,6664255.2085636165
668,4913454.022526293
4319,33033317.417346675
3914,31940010.656334955
3801,25388582.15488902
4618,39991071.03873978
3535,29164005.675962314
4876,38606143.19639338
4090,29075308.002627246
3269,28451200.059439912
2800,21497017.31911477
4999,44910260.610744946
2680,23898956.886989348
3845,36363967.06606137
3165,26730910.122365717
731,10081468.283486467
3092,27124313.135894652
4674,37039055.76338861
1558,14025630.055452403
3042,22834041.200623192
1633,20270338.298923116
4146,33865404.67088376
2875,24078630.874555953
4380,37209957.58490056
3237,23635164.027049817
2931,28412113.316999726
1887,13020011.347695846
3803,27669588.312915817
1937,15996427.961890923
3865,28082107.506631248
2229,23517821.60857413
2939,23819890.190950833
3673,20720497.506478712
4407,36855845.55437513
1816,17188517.96056212
1184,9207703.254829347
3088,21636320.92271637
4043,33034078.950000506
3587,28250883.598319467
2175,15473284.240422891
2613,18712524.78971575
1457,13124707.246812154
4043,36053065.401168965
3594,31136631.513991293
3307,22272006.42423486
1320,13406434.013667949
1387,14413422.036081146
4228,39005090.2525433
4493,34094336.731724314
3584,29502192.081906117
1375,13702572.750911497
4761,37505338.90558117
4496,38623729.55103988
1056,9375921.021346277
2714,20172635.55003336
1208,8380273.283928361
1217,14483868.068824569
4165,31330744.012809984
2644,18647999.147491157
2519,22185136.59419543
4279,35140281.646972515
790,3385135.867719785
2683,20905739.477731425
4379,33581655.56521834
3436,26562997.361259293
2914,31886911.19041994
2795,22452260.285977915
3313,24860247.167483553
1737,20961362.472398948
2617,24600764.394577187
3543,31518476.68175623
3587,27196717.1170959
4058,37038450.073059514
1198,13032823.764698517
3353,28265268.745514043
4308,30315090.63138326
2345,19700239.992566515
4514,42301792.14249614
3682,31117148.45922612
963,7574600.418754411
4360,35194627.97073399
950,8122243.07955855
2415,17921157.358669184
1423,12260265.511911554
4122,38304203.58863665
815,11508364.636732936
1876,13744992.269027807
3315,31347692.153652083
1762,17379423.93795825
1627,15916015.612834986
3425,29695735.6449204
1552,10624870.863661634
4684,37255265.44512865
2922,26874755.20936398
3968,29123388.968375158
4959,37549674.68381237
4521,38086592.274297714
4909,37903402.01802269
1047,11847683.0611023
4023,30921346.131230365
2029,17965140.434589442
606,6832214.6939521935
1356,10401715.96630757
3484,28153060.11103622
4886,38047965.55988014
1750,14944185.883043291
